timestamp,x,y,best_annotation
1730814912.411685,977.1859829475516,528.8797914695631,None
1730814912.511686,540.196258124806,609.8286439237388,None
1730814912.611686,537.864045395649,651.025512286707,None
1730814912.711688,605.5669040222,690.0378725498006,None
1730814912.811691,977.5503351179598,814.0445953177875,None
1730814912.911687,973.072719418126,707.9358166145082,None
1730814913.01169,985.1932740543356,689.9558997022189,None
1730814913.111685,993.4982226690544,697.7927682655965,None
1730814913.211687,934.8016604086442,694.9888339467366,None
1730814913.311696,932.292212664934,679.5306280115759,None
1730814913.411687,921.8337670601946,663.7979912655987,None
1730814913.511689,959.3902555127806,718.084382832696,None
1730814913.611681,956.8531015929752,727.3901664476828,None
1730814913.711682,954.2456033293972,737.2756589800806,None
1730814913.811719,1075.5859291713623,712.9564241851077,None
1730814913.911691,1070.9220240005443,712.022649643783,None
1730814914.011682,1083.502187561865,699.9462673412606,None
1730814914.111684,989.6626315399118,662.3946891544239,None
1730814914.211681,683.6203002497255,461.2866466712791,None
1730814914.311681,565.3267887901633,583.3188451345636,None
1730814914.411682,621.9445162923241,705.2093340000336,None
1730814914.511682,675.414702192518,688.1210669549322,None
1730814914.611684,704.427593998254,782.9848413189654,None
1730814914.711684,709.4751925886711,749.78412488285,None
1730814914.811681,702.1269321196063,757.7580077952771,None
1730814914.911685,699.196035308333,754.2115347924833,None
1730814915.011682,698.697286190165,768.425629178312,None
1730814915.111683,691.8977385923241,778.829303261843,None
1730814915.211682,693.7159936146368,780.146837046811,None
1730814915.311689,746.5050208771127,552.4154706044751,None
1730814915.411685,760.9289569354856,611.793755061092,None
1730814915.511683,761.5998188642777,629.9743107328443,None
1730814915.611686,762.4872617794194,625.9125633933871,None
1730814915.711689,765.6876176801223,624.4198859328741,None
1730814915.811683,774.8307337904937,617.6716716460155,None
1730814915.911706,723.9923358799617,661.358824317443,None
1730814916.011689,628.0689985227443,677.3908592760104,None
1730814916.111686,633.3670495112857,731.9371210627421,None
1730814916.211682,631.6218214608258,708.1861981402268,None
1730814916.311681,614.9254569394644,690.888594835426,None
1730814916.411691,618.4190970641554,834.9595813181528,None
1730814916.511691,608.2141788321096,833.0141935539954,None
1730814916.611693,613.9096804321023,730.0334606576778,None
1730814916.711682,577.7298685412756,579.1150418516144,None
1730814916.811684,584.450255714345,592.5764509957957,None
1730814916.91169,573.2152286640338,600.0217669629712,None
1730814917.011687,573.7866301435491,610.7491116692933,None
1730814917.111694,574.3915476411779,620.8502699409373,None
1730814917.211694,582.4506422359837,631.1535251156722,None
1730814917.311691,776.128012389463,687.644290245936,None
1730814917.411692,904.6109524461232,736.5613176543866,None
1730814917.511692,903.1714715796928,717.0546468974742,None
1730814917.611693,874.2486433714315,699.8844718078185,None
1730814917.711694,905.963345315567,771.2327641457233,None
1730814917.811686,894.6833297487688,754.4177510259157,None
1730814917.911678,854.1758997060915,670.8911767363712,None
1730814918.011687,870.3750415702908,672.5783376724752,None
1730814918.11169,877.2843477896238,671.898840617446,None
1730814918.211683,831.9446031526155,650.1362035181048,None
1730814918.31169,846.7830548535355,656.4601962497245,None
1730814918.411688,855.3479247281977,650.841447112515,None
1730814918.51169,838.052160087926,688.3120302611466,None
1730814918.611687,859.0065287925532,673.8133809021738,None
1730814918.711687,557.2004394303855,774.5526789122766,None
1730814918.811688,582.2954263883148,766.3885150827343,None
1730814918.911688,589.803852907739,761.4027465483972,None
1730814919.011686,603.3180347005954,753.2661443109988,None
1730814919.111691,609.4275505740545,749.6281684910953,None
1730814919.211684,613.2665679607436,746.2582112545924,None
1730814919.311682,612.3536470200974,736.2390120340132,None
1730814919.41169,921.5780329006136,607.2726373521241,None
1730814919.511688,917.3721471509956,609.9524241854577,None
1730814919.611687,899.5110541537482,631.177729253146,None
1730814919.711684,987.5147184546432,738.7462554616551,None
1730814919.811681,736.3901070591957,701.5238600737847,None
1730814919.911688,973.2638322924464,676.6668049945447,None
1730814920.011688,1003.8515151739424,672.7976621639237,None
1730814920.111688,980.6004978640386,671.8556094112008,None
1730814920.21169,1009.4930627331636,667.3881574800301,None
1730814920.311686,1014.4922531259232,656.924863316925,None
1730814920.411685,1023.1460210165194,652.1085912531653,None
1730814920.511688,1038.1288698591295,662.1418835143887,None
1730814920.611685,767.8455501613389,688.2473018373153,None
1730814920.711691,770.0440398928185,690.5771010205759,None
1730814920.811691,797.578819276693,680.9050958476683,None
1730814920.911694,682.0017441122689,571.0066010394189,None
1730814921.011681,634.545208366603,526.9168127115948,None
1730814921.111687,672.7361825515857,556.1844754325665,None
1730814921.211689,675.0834224342282,538.0431244058016,None
1730814921.311684,581.1656157336029,552.6860275696879,None
1730814921.411684,583.8894559260003,576.4244343116688,None
1730814921.511684,592.1185591794833,586.1858801538955,None
1730814921.611687,598.5716820142463,601.5750801825869,None
1730814921.711684,604.8280970016218,616.0167983486256,None
1730814921.811686,599.7731656614636,573.5184919040718,None
1730814921.911704,593.9766363287433,446.4925891877937,None
1730814922.011681,621.1051821950076,487.2572955112838,None
1730814922.111685,679.5653080015793,407.46160738643744,None
1730814922.211685,709.9735071524898,412.38825140896944,None
1730814922.311678,712.3604930653528,468.9832116384426,None
1730814922.411683,741.6394803205843,530.150804040883,None
1730814922.511688,718.2318826310288,532.4052950710412,None
1730814922.61169,629.7359207725162,640.8825072569593,None
1730814922.711691,605.8399153293827,601.159709438454,None
1730814922.811688,612.6148337595743,598.5890575663263,None
1730814922.911685,598.2095952297568,595.3422797182147,None
1730814923.011691,597.8004104651407,602.4375780527268,None
1730814923.111713,595.3928031384143,581.4971953578788,None
1730814923.211692,613.7996962321126,573.420282297395,None
1730814923.311693,603.498507359475,554.8890196180857,None
1730814923.411693,604.3630266004404,719.9249678754313,None
1730814923.511682,598.6281523013752,718.5702898112559,None
1730814923.611683,588.7885254330915,790.5513169562869,None
1730814923.711683,592.702383016895,801.2824266290755,None
1730814923.811682,580.7397396350714,749.5991751255424,None
1730814923.911688,589.8375571078409,714.6686768025871,None
1730814924.01169,590.5963059558026,675.8616401507007,None
1730814924.111687,660.9334971142248,716.4900760947277,None
1730814924.21168,661.1633690365389,738.3818284724616,None
1730814924.311688,651.2985735982828,720.807305895848,None
1730814924.411682,623.0127551438685,913.5570526981508,None
1730814924.511683,615.235986215407,916.7079292775958,None
1730814924.611683,625.8096279534466,872.0061405043326,None
1730814924.711687,632.1175209795377,852.3689682876302,None
1730814924.81168,635.1683416205856,841.6709445090202,None
1730814924.911683,633.1783736685643,822.9233109309193,None
1730814925.011683,629.0086010169238,804.2974058030676,None
1730814925.111683,628.4723701795021,798.8606933492049,None
1730814925.211687,625.5306704018285,804.3166735031252,None
1730814925.31169,601.2430278349445,814.5726324571502,None
1730814925.411689,577.9632175431761,829.1940059957997,None
1730814925.51169,573.2028810610839,839.7141831753706,None
1730814925.611682,577.2336183955466,837.4188321546951,None
1730814925.711688,583.0577316529286,840.1347934741925,None
1730814925.811691,571.9043603980408,710.9778227934105,None
1730814925.91169,574.3981352733889,671.2428955293661,None
1730814926.011686,570.751231778957,685.7447130219693,None
1730814926.111687,561.9319136109739,687.2779740072482,None
1730814926.211688,586.0695782494726,804.13093250797,None
1730814926.311688,585.4460727491621,799.8392478189973,None
1730814926.411689,585.9773452522946,812.751425024194,None
1730814926.511689,591.3376808188707,800.5681063035868,None
1730814926.611681,646.4632950372469,1039.0213762364735,None
1730814926.711682,650.9420436803717,975.1870987096096,None
1730814926.811687,655.2160624958317,904.3291420302004,None
1730814926.911688,654.948181065841,877.1948205891545,None
1730814927.011682,654.8105268552144,865.2574381029491,None
1730814927.111684,655.258416191241,860.0161126646121,None
1730814927.211684,653.7818088534802,848.4939122353317,None
1730814927.311685,648.5924517057799,840.2927199999147,None
1730814927.411686,645.422180839294,837.4461348404088,None
1730814927.511686,646.3749975756148,839.1804545911255,None
1730814927.611682,638.4912530732586,853.9922427582884,None
1730814927.71169,626.8093819178214,806.4715291041804,None
1730814927.811687,669.1382469618909,410.63619697788334,None
1730814927.911684,657.4656978198689,709.5068730473245,None
1730814928.01169,632.5788137960692,389.7275048990563,None
1730814928.11169,653.3473546161285,467.9525033010282,None
1730814928.211684,655.0756119426803,528.3485017475533,None
1730814928.311694,587.4797420124734,656.1818676625503,None
1730814928.411692,590.0426402668412,680.0131297971097,None
1730814928.511689,579.8539757045743,745.8387493205187,None
1730814928.61169,588.9050114825928,744.662716134463,None
1730814928.71169,596.1449127262764,599.9844647405104,None
1730814928.811684,619.1381736341814,611.8071340094232,None
1730814928.911692,622.5376032893163,610.0542134409736,None
1730814929.011693,713.3179534167783,462.9700933433295,None
1730814929.111684,692.0703522256995,485.1515684348649,None
1730814929.211686,672.1545071186387,494.8108174584776,None
1730814929.311689,667.5386439400559,511.2778557006985,None
1730814929.411688,642.0092901778999,483.6623785018216,None
1730814929.511689,651.1901414951845,493.2402381353768,None
1730814929.611685,654.6867270024323,492.66084718552224,None
1730814929.711684,748.3590077161052,567.1900378062164,None
1730814929.811687,734.9510175987774,558.773531985212,None
1730814929.91169,742.356943835715,569.5570039038035,None
1730814930.011686,739.969289037974,574.7168041663183,None
1730814930.111681,727.006739524369,574.3559720327457,None
1730814930.211689,694.1881339063364,523.9695414593414,None
1730814930.311683,719.3987939476237,642.6028349161771,None
1730814930.411685,537.540890836777,630.7699920904771,None
1730814930.511688,538.7847992658416,625.7584534342914,None
1730814930.611686,544.005886807386,619.611220636716,None
1730814930.711687,552.5177095018212,621.444480598133,None
1730814930.811698,584.5789145870597,666.6388182349806,None
1730814930.911687,570.7840245274213,676.5679939850272,None
1730814931.011687,572.896818635038,694.421371994903,None
1730814931.111684,577.5045374378076,709.7657528917397,None
1730814931.211688,583.9589245592865,709.4323134733027,None
1730814931.311684,625.7073983758669,606.2114104116805,None
1730814931.411684,624.6240295362678,598.3181714132745,None
1730814931.511688,598.3044353783959,596.7834829208191,None
1730814931.611681,589.911326649291,599.6087593404225,None
1730814931.711684,578.2913837677937,610.1402940745498,None
1730814931.811682,590.868491873566,599.1990723140723,None
1730814931.911685,569.4211468486121,600.8100873382244,None
1730814932.011691,586.8747349200743,594.7683236469387,None
1730814932.111684,718.5647335590479,705.4026940563748,None
1730814932.211688,719.291687554206,708.957011277342,None
1730814932.311689,942.2428201381124,707.2542085825945,None
1730814932.411687,1032.866336334605,677.4633262837048,None
1730814932.511692,1031.765513336776,668.20894489142,None
1730814932.611686,1037.2428351447152,671.9269446770899,None
1730814932.711685,1021.784700157786,660.4886204397814,None
1730814932.811701,1015.6205195565734,661.2532220377603,None
1730814932.911682,999.1736487653128,662.3013621996159,None
1730814933.011689,964.452960262362,677.2025820570418,None
1730814933.111687,929.496799010418,681.961881642411,None
1730814933.211691,930.8934954188396,691.532047274157,None
1730814933.311687,950.806706180118,620.3243837138467,None
1730814933.411687,956.4434143575272,635.7001872533958,None
1730814933.511682,965.2482676760268,637.3751488980059,None
1730814933.611679,1000.5614487561564,678.1694390332567,None
1730814933.711688,1011.8268127654312,668.5293520971109,None
1730814933.811686,956.2666671663668,640.8489370102279,None
1730814933.911687,927.2776921174,667.0611485679536,None
1730814934.011686,977.5496078532932,656.1931784570424,None
1730814934.111683,1007.680837948918,646.03450342976,None
1730814934.211684,1012.6698474266568,632.7639980398934,None
1730814934.311684,994.8080889791646,630.1319089265311,None
1730814934.411687,980.7108112764176,595.7131317262617,None
1730814934.511691,793.7944307038821,579.7400387931525,None
1730814934.611686,933.0517987618877,663.8288338384757,None
1730814934.711682,918.7406666456176,656.7749272466158,None
1730814934.811691,891.6028230800742,677.3128235230014,None
1730814934.911689,971.1081409564796,638.1163316053648,None
1730814935.011689,949.9667794872196,647.2169468734453,None
1730814935.111693,953.6269840523114,650.0642474136164,None
1730814935.211687,927.000146558858,640.8949285299398,None
1730814935.31169,950.905674479162,636.8342869245041,None
1730814935.411692,929.5163511144092,634.7146160033581,None
1730814935.511728,905.7197965238488,657.4285643306091,None
1730814935.611689,903.8460618478312,640.9168500315095,None
1730814935.711684,938.5855812419826,642.9788348334014,None
1730814935.811682,1020.9325105552788,642.8843135611452,None
1730814935.911679,1007.6275563552394,649.0567497819285,None
1730814936.011679,1028.7184474798596,639.8089785812489,None
1730814936.11168,1077.366294496612,629.9322681497765,None
1730814936.211681,997.7182914042676,653.0488225104494,None
1730814936.311688,1037.079402803716,650.2561216129014,None
1730814936.411689,1055.5244259506935,642.5254743796472,None
1730814936.511686,1017.546520233802,648.638907000344,None
1730814936.611686,1077.4886755483583,642.2185680486796,None
1730814936.711687,1073.3237959725027,634.0222073175034,None
1730814936.811688,1039.272114269998,646.315097860822,None
1730814936.911688,986.8665426024412,652.4622683875735,None
1730814937.011689,1079.9521852557418,612.7880735376023,None
1730814937.11169,1095.3529621467378,611.4537430986882,None
1730814937.21169,1075.3043776882882,612.5504077112635,None
1730814937.311687,1063.2320446722124,612.9140569261766,None
1730814937.411688,1081.9696629794478,613.8894324226416,None
1730814937.511688,1081.284113365988,616.5882533367401,None
1730814937.611689,1101.2822630606306,608.4939535584803,None
1730814937.711689,1090.5923427811936,613.6231646727707,None
1730814937.811686,1055.2216622998892,598.6252447104246,None
1730814937.911687,1036.2447322894018,604.5367461581212,None
1730814938.011688,1024.876620577798,608.0918267043064,None
1730814938.111688,1059.8429081462652,606.8870430400705,None
1730814938.211689,1084.2597920369192,602.7885777010677,None
1730814938.311689,1085.9256315857376,597.8749829929366,None
1730814938.411686,1080.19890329976,600.7734964332584,None
1730814938.51169,1074.02808505803,597.5100724556005,None
1730814938.61169,1103.3413934108955,597.1367966553148,None
1730814938.711691,1093.251550218431,601.284085431132,None
1730814938.811729,1104.1171355239103,616.19211759232,None
1730814938.911692,1092.4479794928643,617.7501738483862,None
1730814939.011689,1132.989867709276,620.3089700427827,None
1730814939.111689,1126.6318410447475,618.0408128119481,None
1730814939.21169,1133.3388128029012,616.2128219234946,None
1730814939.311691,1130.2745234740048,617.0328730973038,None
1730814939.411691,1061.0733946973205,616.6348495895527,None
1730814939.511692,1088.719039937477,606.0967434823863,None
1730814939.611689,1086.1586497588285,602.959243570903,None
1730814939.711689,1074.3431261149144,604.9607864550181,None
1730814939.811681,1083.761729562969,606.9883406409069,None
1730814939.911688,1041.1239107410445,607.6599210683663,None
1730814940.011688,1076.1602349977331,600.2576562664401,None
1730814940.111689,1084.6227361153603,600.7403033903063,None
1730814940.211689,1081.2513714249112,600.0310355044603,None
1730814940.311687,1068.3309608027491,598.6598629583191,None
1730814940.411687,1061.8021576417325,600.4521229668874,None
1730814940.511688,1094.5819479524544,627.5697835217272,None
1730814940.611688,1098.6151112867008,625.4932871860058,None
1730814940.711689,1108.009410496029,623.1428448565763,None
1730814940.811689,1104.3979918744358,624.7821987103655,None
1730814940.911686,807.9617292250417,672.6782030885751,None
1730814941.011687,695.9632669142985,697.03736906197,None
1730814941.111687,780.47206372404,670.7444237709846,None
1730814941.211688,795.8788096674836,608.8960854517804,None
1730814941.311685,820.9466066063959,617.9512387033117,None
1730814941.411692,589.065579598658,771.2139785812209,None
1730814941.51168,622.7103303568017,755.4712713588149,None
1730814941.611683,641.8515206338976,729.4138519084051,None
1730814941.711688,642.8745207495765,719.4968776669695,None
1730814941.811685,904.381855592861,651.1505731308954,None
1730814941.911689,881.4067860877859,657.0737833563102,None
1730814942.011685,860.4573325761112,669.4663834606985,None
1730814942.111688,847.0049218561135,681.7164125596141,None
1730814942.211684,836.746990370061,671.8330263952549,None
1730814942.311682,772.3182051041335,700.2194359385281,None
1730814942.411683,751.3295832290274,693.5270324856025,None
1730814942.511692,609.981686232302,733.4816616358789,None
1730814942.611686,627.560152223251,713.0757411581362,None
1730814942.711683,593.8405751584525,375.87970928854776,None
1730814942.811683,605.2040822617929,374.5232282314879,None
1730814942.91168,634.3758541470345,503.4458342332495,None
1730814943.011686,700.5994280761951,649.7907100869777,None
1730814943.11169,710.5165927558422,695.1794732165168,None
1730814943.21169,689.7879166751676,683.7486713464568,None
1730814943.311685,672.1090242964727,624.0678551132326,None
1730814943.411685,660.4888558525807,601.3214075307372,None
1730814943.511688,653.8880710003916,591.8849813501585,None
1730814943.611689,655.2784712646959,590.2368573380085,None
1730814943.711684,729.1028497128686,420.820923479379,None
1730814943.81169,724.751722667744,455.0253035989802,None
1730814943.911685,696.6321392330934,432.38659532251546,None
1730814944.011689,695.6359192856331,439.42831350346506,None
1730814944.111691,701.8400296429114,419.3246250740938,None
1730814944.211686,631.081369913616,776.0260275936356,None
1730814944.311687,623.9040949921957,1035.3298920438428,None
1730814944.41169,622.9263565853498,967.3710539085096,None
1730814944.511691,646.8323754543451,800.5708174708519,None
1730814944.611687,647.9736624413625,888.3671068910869,None
1730814944.711689,708.1606752546392,756.0553262423135,None
1730814944.811682,798.6667139972825,600.5926924248025,None
1730814944.911687,788.8429964959985,687.4587222468417,None
1730814945.011688,811.1961917292656,628.4322881119513,None
1730814945.11169,808.7010992519556,709.8207748850936,None
1730814945.211684,765.6377881938713,412.5176402201594,None
1730814945.31168,797.2336041487034,258.64287438160034,None
1730814945.411682,832.0023054986975,268.24690497435427,None
1730814945.511691,788.2526603793806,330.57956522694457,None
1730814945.611692,776.015371401165,274.23450845500867,None
1730814945.711691,768.3771190018587,335.996309535977,None
1730814945.811682,769.1242176350758,283.33310372476035,None
1730814945.911681,774.9251977781557,329.28397874978185,None
1730814946.011685,772.1635481577255,346.6075522153771,None
1730814946.111679,745.2098277275031,384.9843249839927,None
1730814946.211692,739.4256677564399,369.3281102538498,None
1730814946.31169,717.9964562214496,533.2665366622155,None
1730814946.41169,725.1997797923,910.0781422947692,None
1730814946.511687,816.6271554384426,999.6325429147164,None
1730814946.611689,815.6224005215926,782.529917804718,None
1730814946.711687,849.1341764573012,698.3081088668469,None
1730814946.811693,800.3348821400419,672.7200670883099,None
1730814946.911692,792.0990829533663,679.4750284390335,None
1730814947.011692,648.559473738239,757.3086714021979,None
1730814947.111683,690.8058361898209,727.7418780307296,None
1730814947.211682,673.6021720316728,834.0937418907937,None
1730814947.311714,658.9429915474333,895.1843031168796,None
1730814947.411682,665.9071396531629,888.9455222914656,None
1730814947.511684,667.4622935170069,885.1541610592095,None
1730814947.611689,579.7745851278166,915.4884031995994,None
1730814947.711682,523.2806085905763,953.268438208176,None
1730814947.811689,525.6371910189471,871.675047523886,None
1730814947.911688,536.0740593594293,817.2654036068213,None
1730814948.011689,490.5091658390116,884.6606130097192,None
1730814948.111693,497.8756484486228,856.640467335356,None
1730814948.21169,760.7630850755759,681.1433184212476,None
1730814948.311687,754.3974995747164,683.5286144951609,None
1730814948.411691,753.3201442346443,684.8007789544923,None
1730814948.511687,745.5669264694193,731.1609993711811,None
1730814948.61169,727.1751091793733,727.1152183714157,None
1730814948.711691,712.9241521584611,720.2072050238102,None
1730814948.811691,714.9983560331589,698.3297127281489,None
1730814948.911687,752.4769131823774,697.6575900698725,None
1730814949.011686,935.2704086823346,745.5180610499834,None
1730814949.111686,964.629457404416,730.4113032429976,None
1730814949.211682,974.0374288087282,691.7476647680402,None
1730814949.311689,1022.8123680681056,659.1113107248993,None
1730814949.411683,1046.519971393274,648.6254129317086,None
1730814949.511691,1040.8455622568322,644.5460668511129,None
1730814949.61169,549.6309899964638,610.4722808818707,None
1730814949.711691,525.5796598455361,669.5821683738546,None
1730814949.811686,571.7582813194547,670.5825255581028,None
1730814949.911684,616.3435095838202,687.526643783791,None
1730814950.011688,636.667911925075,708.637822076919,None
1730814950.111687,652.8209757583818,693.1495118139511,None
1730814950.211687,649.6374262036895,690.730971216708,None
1730814950.311691,649.1505835408645,695.5256019779941,None
1730814950.411681,656.5732116326478,688.9792329242988,None
1730814950.511691,677.0356850994737,683.3668901366785,None
1730814950.611694,760.715961549838,646.9490754532299,None
1730814950.711684,765.0844877118254,640.4770598319813,None
1730814950.811682,747.0185066185443,636.8827518838257,None
1730814950.911685,702.5701588080816,658.4331757887334,None
1730814951.011683,685.678379738781,670.4036991144992,None
1730814951.111685,661.4803722035913,681.827469752951,None
1730814951.211685,666.6361873777951,690.0528108100387,None
1730814951.311694,656.0687265039282,679.376765910408,None
1730814951.41168,629.5119913009,686.5925150437721,None
1730814951.511688,654.644037409335,685.2853049479518,None
1730814951.611692,583.4501796796651,679.2613226622357,None
1730814951.711686,613.470998830082,662.7103889374538,None
1730814951.811687,611.0615579661514,666.3700587336091,None
1730814951.911692,627.3812367938013,665.1983141068251,None
1730814952.01169,657.1837805836717,682.9909959571715,None
1730814952.111684,670.0442277101582,693.6449959741559,None
1730814952.211685,697.4492479245985,701.1542530873588,None
1730814952.311686,725.4969549508442,724.5861360157666,None
1730814952.411686,768.3240879148539,726.8681727969679,None
1730814952.511685,823.7352557926667,726.4577050954346,None
1730814952.611697,902.3253703211192,716.4309100981523,None
1730814952.711684,623.0638289535015,722.0729561392436,None
1730814952.811685,504.2708793385642,660.9478886834596,None
1730814952.911685,556.9064505886187,657.9274759245156,None
1730814953.011682,546.5890826639328,712.7804350774185,None
1730814953.111691,574.3776470336559,716.7958524958188,None
1730814953.211688,577.9855617958913,731.2208354108263,None
1730814953.311724,595.6104686919967,729.9594011801497,None
1730814953.411684,620.7229545273398,677.3428535019822,None
1730814953.511689,610.7512244947495,687.3405704205204,None
1730814953.611686,623.9792775390299,680.445334221715,None
1730814953.711701,743.1310726778772,642.4415012264321,None
1730814953.811732,777.7624439209865,691.8846093193065,None
1730814953.911684,774.3062619791715,693.7395333983576,None
1730814954.011687,803.0499439633354,697.0483044063868,None
1730814954.111683,769.8929528401001,679.4842611329855,None
1730814954.211688,774.8924659349049,669.2842412012485,None
1730814954.311687,745.7461681726724,667.5936959225564,None
1730814954.411684,730.579383553745,672.5469893486179,None
1730814954.511684,758.3125301171103,630.0067251372601,None
1730814954.61168,975.2104721498716,651.0916901521798,None
1730814954.71169,973.5955497182654,675.3180342265396,None
1730814954.811684,993.1312901164326,680.6275397709138,None
1730814954.911685,1003.2857369386476,687.413543341304,None
1730814955.01169,993.0240181666276,700.8763025350062,None
1730814955.111684,707.4174299645168,648.9665579857298,None
1730814955.211689,557.7632119322387,651.6129037441746,None
1730814955.311681,585.5965336172061,655.9755319623267,None
1730814955.411678,611.5992605534852,649.235842957376,None
1730814955.511687,620.1554169048997,667.0570510140723,None
1730814955.611688,648.8061898989697,675.139074416149,None
1730814955.711685,646.4716684728277,703.8289433635177,None
1730814955.811689,704.8359201466702,703.4657888715902,None
1730814955.911687,724.2449553363617,703.9048524432433,None
1730814956.011691,720.9275581263482,702.2357187105672,None
1730814956.111684,705.1487376714086,687.0260676445313,None
1730814956.211688,762.3930450314544,629.7071469859945,None
1730814956.311687,737.0507363902586,633.4918745244496,None
1730814956.411687,746.7485384418643,641.5614027736077,None
1730814956.511686,719.3359217854387,701.2764843645364,None
1730814956.611685,725.3974028042716,707.9356267955975,None
1730814956.711686,699.9425703327291,676.7434265721757,None
1730814956.81169,682.2856204634944,646.579028111248,None
1730814956.911691,687.7464024928637,645.7702402387112,None
1730814957.011688,682.5376052625446,633.9484350316811,None
1730814957.111685,676.5706044389113,628.4302935814554,None
1730814957.211682,674.7821816405961,632.4408476687053,None
1730814957.311682,744.1327641323466,337.94899493859583,None
1730814957.411692,787.3292964888236,555.9272463299031,None
1730814957.511688,722.3420117982839,525.2121689686451,None
1730814957.611717,679.3749884569612,503.4285444928476,None
1730814957.711691,720.9198720798261,565.3894472686845,None
1730814957.811682,763.7972493111786,730.2121807536627,None
1730814957.911685,753.4707629047119,690.6170634906753,None
1730814958.01169,734.1832126926269,697.1736186352928,None
1730814958.111686,740.2875087360104,698.3877535866524,None
1730814958.211688,726.7363583648045,693.1953019326722,None
1730814958.31169,706.8158202862628,688.2012580846314,None
1730814958.411685,689.0745380005325,700.868420169982,None
1730814958.511683,696.1046234523494,697.6898470152848,None
1730814958.611682,694.4365175649355,701.3465717468787,None
1730814958.711692,699.3628931426163,708.6500635120052,None
1730814958.811682,744.0908007570653,577.2449057402778,None
1730814958.911684,983.3366458220556,372.2314074984918,None
1730814959.011686,967.9733589037312,531.57471865902,None
1730814959.111686,969.0167739197308,568.7539597199817,None
1730814959.211683,1004.3627030086272,561.2224548351853,None
1730814959.311683,944.7868942198984,557.3903588700731,None
1730814959.411685,763.7611855886065,703.2736133238152,None
1730814959.511686,542.2695622917104,793.9234771090971,None
1730814959.611684,611.0375052629696,732.1418706197509,None
1730814959.71169,640.8305260795894,692.908009769744,None
1730814959.811686,602.3848905691164,720.6211315380657,None
1730814959.91169,618.6201505447335,710.5624845233363,None
1730814960.011696,604.174474723188,586.3746073920249,None
1730814960.11168,610.5818638915105,586.9641804846075,None
1730814960.211692,600.4911472675777,576.7014071237036,None
1730814960.311687,601.1080013663095,585.6913268252692,None
1730814960.411692,607.9945538152058,591.2907867873877,None
1730814960.511692,714.8728710742132,777.8222167701658,None
1730814960.611689,715.2901321291499,741.6067170823155,None
1730814960.711689,697.052679556241,743.3800724107382,None
1730814960.811686,709.2325690384298,739.8417290041758,None
1730814960.91168,759.834144549288,650.7765825955174,None
1730814961.011681,901.785735902994,513.1843186024938,None
1730814961.111684,1035.3340448708611,599.3131112712113,None
1730814961.211685,1038.9080339884133,609.9575029969678,None
1730814961.311682,1034.2483065993738,593.8108890468092,None
1730814961.411683,972.7795507821552,604.1675311670701,None
1730814961.511684,859.399584644455,670.9087162999338,None
1730814961.611687,735.8878160787866,839.612000209369,None
1730814961.711687,787.9769578192617,751.3383519311477,None
1730814961.811686,865.7121795284486,729.464620201117,None
1730814961.911694,928.1856796998874,715.0073461502199,None
1730814962.011699,664.6898801788222,712.1279771176082,None
1730814962.111688,693.5018854205993,699.718893096797,None
1730814962.211689,640.7296992596881,693.0007533380193,None
1730814962.31169,682.6913374391816,679.4865312114379,None
1730814962.41169,731.3473441689353,683.223448509834,None
1730814962.511692,700.4907512159921,665.5443617701466,None
1730814962.611681,720.9974337249657,662.7345722829946,None
1730814962.711688,627.6464121388336,666.745269922465,None
1730814962.811689,630.5328171131367,672.0958573195167,None
1730814962.911685,625.5927857570477,682.3570270389115,None
1730814963.011692,754.067067214816,678.5824178847618,None
1730814963.111683,740.5806298198873,680.8617103381893,None
1730814963.211681,738.102879750011,682.7782031683356,None
1730814963.311682,747.6868098007205,677.1741951533805,None
1730814963.411682,756.1049347629995,683.7886511106656,None
1730814963.511683,628.4850569072455,681.7809805838906,None
1730814963.611684,607.8929941411577,677.6551148115743,None
1730814963.711693,596.2227213722314,696.2018984713995,None
1730814963.81168,593.2013657095661,702.2746537291534,None
1730814963.911686,601.3169424750014,706.0561120601137,None
1730814964.011716,603.7337573977011,709.1647034827986,None
1730814964.111687,617.9036148955821,674.7242877885701,None
1730814964.211687,615.3262776624741,681.8072373369728,None
1730814964.311688,615.1283514361903,697.6251410587453,None
1730814964.411685,626.5482132533305,712.4208105320035,None
1730814964.511685,616.5720573205174,752.1394963537177,None
1730814964.611686,625.7633396269609,759.940654709017,None
1730814964.711684,625.8197949535257,750.340683495497,None
1730814964.811693,648.9566880375049,767.6232383980038,None
1730814964.911691,728.8147730516056,510.9591998540102,None
1730814965.011692,960.964065445088,461.1770909113256,None
1730814965.111689,928.3053918697244,567.8859992288875,None
1730814965.211684,952.3239305911906,600.3936206810156,None
1730814965.311686,986.425405690798,590.464847881431,None
1730814965.411685,922.2120014654104,642.8035291743759,None
1730814965.51168,764.3129455363592,685.5683242650337,None
1730814965.611686,586.6733056660071,773.3763846490726,None
1730814965.711683,634.8468114452864,723.2930521918393,None
1730814965.811684,668.9312400087332,713.8861038127046,None
1730814965.91169,711.7383911059027,724.4915889481542,None
1730814966.011688,715.0606860779349,723.3645574713692,None
1730814966.11169,698.3268582132763,716.7876825852641,None
1730814966.211693,688.1172973278516,708.7768897128252,None
1730814966.311683,698.2276641311195,696.5118440820285,None
1730814966.41169,696.1809859385247,697.0771722705088,None
1730814966.51169,694.5262643031069,702.6584057598363,None
1730814966.611691,695.1002336367892,688.3762382782228,None
1730814966.711692,678.9466932526316,691.5789237508923,None
1730814966.811691,706.4596108035734,700.8273064858863,None
1730814966.91168,655.8605105061228,701.8789483548818,None
1730814967.011688,685.2590140370977,693.1865571781249,None
1730814967.111686,645.7566097337851,683.1732549718649,None
1730814967.211686,666.2862438638958,683.6602285302017,None
1730814967.311688,649.9943235168364,661.8679422475893,None
1730814967.411686,654.8830827952278,660.0499156574705,None
1730814967.511683,693.1536115011253,680.1752171696743,None
1730814967.611683,724.0737881173718,696.0520536299545,None
1730814967.711686,700.4163731797285,696.2316506931261,None
1730814967.811687,706.8470579031962,687.6657265823889,None
1730814967.911688,689.2641247275409,703.9089721258623,None
1730814968.011685,688.1131260687669,695.5052899990599,None
1730814968.111683,715.3461829897655,675.2792923368633,None
1730814968.211685,714.7954080728194,681.4484027165972,None
1730814968.311686,755.6414364846325,687.5180621654671,None
1730814968.411687,705.1937898078437,703.2388637246956,None
1730814968.511683,690.1114952523792,704.8077244974714,None
1730814968.611683,651.7136066049715,686.8142526622044,None
1730814968.711692,597.6068761592156,687.6288567553618,None
1730814968.811685,626.0796000683492,656.276916380875,None
1730814968.911688,644.8760173569567,644.0900960682545,None
1730814969.011688,651.7154957384453,627.0796011314123,None
1730814969.111684,668.7015075752493,635.3632882846522,None
1730814969.211688,685.9595803059798,632.5607582987807,None
1730814969.311687,684.6591437545926,650.8717929695135,None
1730814969.411682,660.37837639089,659.1645609863062,None
1730814969.511681,658.5765278688826,651.9383526608212,None
1730814969.611688,667.7271158463633,634.5807641084515,None
1730814969.711684,659.1672460202451,629.6035637019507,None
1730814969.811688,661.6849682548832,635.1576122916747,None
1730814969.911687,652.9599596086426,639.6476111082766,None
1730814970.011683,629.8492352576411,643.7155387219202,None
1730814970.111684,610.4647164855114,667.0721635898636,None
1730814970.211685,591.8181607641284,663.8856533321415,None
1730814970.311684,600.5405611266968,655.4379538605651,None
1730814970.411726,626.1940532769215,673.2941768655263,None
1730814970.511683,614.366019347238,664.9596007132752,None
1730814970.611686,644.4818251790407,655.3487552402219,None
1730814970.711692,622.3543070487765,661.0383252736565,None
1730814970.811686,633.9835783283397,677.5342076349011,None
1730814970.911688,635.757008568937,678.8301167768838,None
1730814971.011681,637.3599182906848,678.8778131707529,None
1730814971.111682,627.689932211257,666.2151068466635,None
1730814971.211679,637.6372876537195,660.3307077660069,None
1730814971.311683,640.0600175945609,659.2715143333089,None
1730814971.411683,609.2901191264621,615.0696993520236,None
1730814971.511683,620.6939228351005,618.5351897533056,None
1730814971.611683,611.2191638801185,609.3609460760283,None
1730814971.71171,605.9328152052539,609.5782596770734,None
1730814971.811699,622.1115320953659,597.1018349553176,None
1730814971.911681,619.638671080034,595.0068984963805,None
1730814972.011682,631.5855431919762,586.1624066041514,None
1730814972.111685,657.9772961002266,653.7591047701904,None
1730814972.211686,652.0790056084177,697.3324679246415,None
1730814972.311686,632.3700166567584,693.2418140268986,None
1730814972.411693,616.6408321248795,692.7702601486657,None
1730814972.511688,610.0484079310363,700.1515870519112,None
1730814972.611685,624.6898860821506,698.5764396915419,None
1730814972.711687,629.3552186948898,684.1768277806863,None
1730814972.81169,628.9348443644901,669.1714598109046,None
1730814972.911687,639.5333575928908,660.0385889431016,None
1730814973.011687,640.4793686120252,652.2111345825559,None
1730814973.111684,632.6479234728034,639.8187899029153,None
1730814973.211685,637.9450439722805,638.2385061598457,None
1730814973.311685,651.4886480212002,653.7873508569688,None
1730814973.411685,670.9620907035721,660.1111475591975,None
1730814973.511689,682.5585639079842,669.5199589989534,None
1730814973.61169,675.7946452992858,658.8988288966467,None
1730814973.711686,612.4098180308163,774.99455796851,None
1730814973.811687,626.7111728954189,731.2516399091905,None
1730814973.911688,630.034666678935,702.1633816561905,None
1730814974.011688,637.4053223672668,700.2537084704585,None
1730814974.111689,626.0521926718377,647.5504271055455,None
1730814974.211683,623.4579439680491,638.7437700305147,None
1730814974.311688,618.9313326419915,639.6944250383929,None
1730814974.411689,611.1617064596069,662.3306213827863,None
1730814974.51169,725.523352978258,585.371517175708,None
1730814974.61169,717.6618494963235,622.6370452723943,None
1730814974.711687,713.7502324530969,649.4287562839671,None
1730814974.811692,716.3648928427065,666.0800574255223,None
1730814974.911691,668.4034451078276,669.3993695488856,None
1730814975.011682,630.4126767640644,659.2101148293717,None
1730814975.111688,622.4136132705075,661.622367032648,None
1730814975.21169,619.638848636653,658.6235636748519,None
1730814975.311685,636.9560384678164,655.7036542933193,None
1730814975.411687,634.6178842262877,662.8701204042248,None
1730814975.51169,644.7027059982765,670.4304631561863,None
1730814975.611687,640.4513893890919,668.7007553858873,None
1730814975.71168,644.8468696099376,674.7000037928725,None
1730814975.811683,654.048273726418,672.5994570619988,None
1730814975.911687,667.5530921819245,662.0593332117573,None
1730814976.011686,675.1303422284199,653.15627062294,None
1730814976.111687,740.4073442059473,674.0949457632155,None
1730814976.211684,731.6020435434681,666.7100001162994,None
1730814976.311684,752.8830453967964,672.9744931040565,None
1730814976.411685,819.0200824183496,684.9678958574635,None
1730814976.511686,629.8592667397683,683.2781829884118,None
1730814976.611686,643.6907852918557,666.6491345007435,None
1730814976.71169,661.2810397620561,667.9678739804901,None
1730814976.811684,692.7673619281104,654.0887569205511,None
1730814976.911684,692.298091865561,650.1938088876866,None
1730814977.011689,552.189567953909,608.8085662231234,None
1730814977.111688,592.7737315362416,615.2253873340975,None
1730814977.211682,598.3487415253755,635.2249432894514,None
1730814977.311689,601.5027191238888,600.845422765156,None
1730814977.411732,608.5342119982927,597.4355865929366,None
1730814977.511688,695.3756095121993,638.4554492497946,None
1730814977.611687,789.8120899604863,688.8392150896564,None
1730814977.711688,818.4809839929655,680.2196473125077,None
1730814977.811686,768.3340163760747,678.898051764867,None
1730814977.911692,817.0305841693481,676.660058185909,None
1730814978.011692,689.0539052825551,654.0087491981972,None
1730814978.111684,608.5343452194107,648.2797610266903,None
1730814978.211686,616.2595385469598,643.9471595245267,None
1730814978.311691,614.4750544684621,659.2020846550911,None
1730814978.411688,609.6994085256139,708.7375632521454,None
1730814978.511686,619.7871177543313,716.1276441328495,None
1730814978.611686,627.765564217137,723.6665981951732,None
1730814978.711687,612.8169741445336,533.3618087780576,None
1730814978.811685,619.9284228851991,576.2705635331474,None
1730814978.91169,629.0663386440439,597.0722983691213,None
1730814979.011688,635.6685084080989,592.0673718236617,None
1730814979.111685,634.7546430912888,589.7475265473782,None
1730814979.211693,658.0702728236316,722.1123908603281,None
1730814979.311692,667.3372188939813,702.4938448017173,None
1730814979.41169,621.2611197790079,748.9992289850082,None
1730814979.511691,629.5954840041885,732.3230309847705,None
1730814979.611687,631.5979327797565,732.5624274137086,None
1730814979.711686,715.6763571037872,665.3755834606698,None
1730814979.811685,704.6261613559293,657.6371040202093,None
1730814979.911689,699.9161064127806,656.975048175979,None
1730814980.011688,698.4604231230143,648.1406165651529,None
1730814980.111688,668.5518986037719,650.9049629691762,None
1730814980.21169,722.950275209416,662.8438830138388,None
1730814980.311688,792.1440271897911,609.777470779545,None
1730814980.411691,745.9033046976419,567.9248678715757,None
1730814980.511691,757.9823039199591,567.0865679661047,None
1730814980.611687,665.6097775264694,658.2359145366571,None
1730814980.711683,660.2879201420432,763.7202487929313,None
1730814980.811686,675.1576415302752,746.8032757416071,None
1730814980.911687,672.9229703575303,772.4856311778328,None
1730814981.011692,659.0781342510115,770.5422918342286,None
1730814981.111687,652.4058861482009,772.0361986336004,None
1730814981.211684,744.9179744321898,690.0504202368696,None
1730814981.311684,752.8824485696392,707.3206560441639,None
1730814981.411685,750.7036607734533,725.0498857526084,None
1730814981.511688,744.5749348813808,748.9327851444812,None
1730814981.611689,662.5899761513057,502.6919632175642,None
1730814981.711689,642.7631021389279,546.1264031410816,None
1730814981.811679,652.2151071115469,539.2585324728605,None
1730814981.91168,648.975229983894,542.6287511380099,None
1730814982.01168,682.4213615768497,665.4575400350238,None
1730814982.111681,763.2755417019557,789.2644075080595,None
1730814982.211681,751.379223297809,754.3676293454271,None
1730814982.311688,753.4360870959135,758.9912967208968,None
1730814982.411679,761.7639124414796,746.2267187190922,None
1730814982.511689,790.0787921181554,732.1248651127383,None
1730814982.611687,813.934544366855,718.3705007147036,None
1730814982.711686,836.9309880715186,711.2287536117211,None
1730814982.811685,865.1454765155294,688.2115909055841,None
1730814982.911693,904.3903346691897,686.5652501553107,None
1730814983.011685,764.2304827203575,634.3709347115453,None
1730814983.111686,793.8116822750748,635.5252817219275,None
1730814983.211683,769.1650485440625,627.8250918055087,None
1730814983.311685,670.8078350727657,822.3072620067984,None
1730814983.411685,674.1205812589562,805.1287338360689,None
1730814983.511688,686.3394733271631,806.036650015038,None
1730814983.611692,648.8221437842484,586.3045699007705,None
1730814983.711688,712.721154449206,513.4468303692405,None
1730814983.811686,679.5260779350891,540.4607716053193,None
1730814983.911684,692.7954406809234,524.7479968311379,None
1730814984.011684,724.5510400883592,584.4072925193187,None
1730814984.111684,755.2655591871423,625.2683638671137,None
1730814984.211689,737.9103161844937,607.4365146244111,None
1730814984.311686,804.0369069120895,708.1198458929119,None
1730814984.411689,856.0517060836058,819.1802423277758,None
1730814984.511685,705.3333154384775,653.5759558309315,None
1730814984.611689,763.458722618181,744.3212513949716,None
1730814984.711683,748.4697321232045,711.719515785158,None
1730814984.811724,745.3066494524159,640.573288573589,None
1730814984.911683,754.3569637865029,562.2688048732074,None
1730814985.011688,756.5489767746584,572.5034732280238,None
1730814985.111687,721.4104834848918,568.7606609642239,None
1730814985.211686,735.5471950412992,590.7937132838151,None
1730814985.311684,748.9209748008866,604.4394872096423,None
1730814985.411689,656.1415736808401,485.1480339598245,None
1730814985.511683,699.7235952385944,620.9643753699215,None
1730814985.611686,624.6586198247178,550.027923763204,None
1730814985.71169,808.9450045953711,725.8499499283454,None
1730814985.811691,802.2798743259013,697.4272771518404,None
1730814985.911681,792.9919199090563,670.2628111435135,None
1730814986.011686,798.9252247241429,668.3879055252811,None
1730814986.11168,837.450650444179,671.3071345741971,None
1730814986.211688,798.9054138726183,654.033732158125,None
1730814986.311685,843.8575457096734,658.9670358280969,None
1730814986.411686,731.1053605913144,639.8167588548387,None
1730814986.511688,741.5472452645774,642.6459886399015,None
1730814986.611687,775.7830795767939,645.1290182770059,None
1730814986.711688,770.8516107978015,653.2903570335559,None
1730814986.811681,770.1192559946908,675.7464925770877,None
1730814986.911682,731.3682671825954,671.8009926092244,None
1730814987.011688,703.4190140151431,677.9526175340486,None
1730814987.111691,698.8750583981614,653.7979835466849,None
1730814987.211684,730.5434811607083,663.3891939323264,None
1730814987.311685,714.1800609630171,662.4600626198626,None
1730814987.411688,721.6582499313686,645.5256855525215,None
1730814987.511688,740.3261342493785,651.9426573122429,None
1730814987.611683,749.0667707399593,649.3152120816151,None
1730814987.711682,735.6442986385035,667.9387696818085,None
1730814987.811691,750.1518630173587,682.766139357001,None
1730814987.911684,787.140582436198,691.9450347824347,None
1730814988.01169,792.1446223921491,692.5372509925129,None
1730814988.111682,728.2582400874616,658.9434704122326,None
1730814988.211682,737.8739056016346,658.3341749732626,None
1730814988.311693,680.9622608074005,664.5834796159713,None
1730814988.411691,715.0482924862594,640.4706854033803,None
1730814988.511686,665.9350628073557,625.1202676845807,None
1730814988.611686,697.9322671663822,635.8830274444542,None
1730814988.711682,767.2921843498218,625.1058651462001,None
1730814988.811686,824.2351119906609,657.3486374899475,None
1730814988.911686,835.7661607861352,666.9556437136232,None
1730814989.011687,852.7779824363267,665.4271882653496,None
1730814989.111687,690.5721630702435,667.8427493207805,None
1730814989.211683,716.7366430740232,685.8166327249535,None
1730814989.311686,681.1600345930627,654.8956428764357,None
1730814989.411684,714.6875608178184,655.4085327267097,None
1730814989.51169,674.8401733394522,663.8962570237811,None
1730814989.61169,686.5309098472457,658.0139137493945,None
1730814989.711687,642.6629890082434,675.8428310278406,None
1730814989.811684,670.8563128356117,676.9172910963962,None
1730814989.911681,689.6081429236341,677.7838959893139,None
1730814990.011689,713.386553076753,662.7731456166018,None
1730814990.111689,706.7788953244105,667.0848107219983,None
1730814990.211693,766.7014766314147,681.4076601886522,None
1730814990.311684,764.6761997078701,672.824074774362,None
1730814990.411687,845.511808682508,678.5919980026459,None
1730814990.511685,817.2775497033249,655.1302857535375,None
1730814990.611686,697.1041620965884,643.4859598502027,None
1730814990.711688,728.174214883415,662.3183578436922,None
1730814990.811686,705.2462335371637,650.0335743084281,None
1730814990.911687,724.8894618106415,659.643056698623,None
1730814991.011688,794.5069726845661,660.2722984127109,None
1730814991.111688,828.3836035674943,665.9741098342987,None
1730814991.21168,735.0547458295199,669.3872281111389,None
1730814991.311689,774.8448718265099,669.9009511424472,None
1730814991.411691,812.3548072742512,665.5784261750966,None
1730814991.511684,678.1205053854608,677.3269457943233,None
1730814991.611684,658.8353013546075,697.8723431138994,None
1730814991.711711,611.8346705525519,689.1210017661115,None
1730814991.811678,656.6704046805884,682.9727948191179,None
1730814991.911678,626.358709675839,798.1485347905348,None
1730814992.011688,642.805410258393,771.6332816899683,None
1730814992.111687,643.0936647929994,767.7139505734058,None
1730814992.211686,673.4369221594967,758.6583185630701,None
1730814992.311681,683.5212421594628,742.0039554409766,None
1730814992.411681,681.478036606895,743.3542841940499,None
1730814992.511687,765.7530566951316,580.5803534395067,None
1730814992.611687,752.427056987067,617.7107272296597,None
1730814992.711683,736.5253642274475,630.4468262816858,None
1730814992.811682,637.5841426838614,581.9788051555798,None
1730814992.911698,658.9532059289741,601.2993218476187,None
1730814993.011684,656.2885706568725,618.3756359612509,None
1730814993.111692,661.1075898722554,644.239004214358,None
1730814993.211688,670.2809034031181,609.9696807250501,None
1730814993.311688,682.2055720678923,626.8255068261744,None
1730814993.41169,698.1141906585066,622.4640543402178,None
1730814993.511685,650.56981529626,644.7124534980851,None
1730814993.611682,660.0935731915316,637.1261488216094,None
1730814993.711693,656.3364235270692,630.1357196670947,None
1730814993.811685,630.8241041775016,618.6941197978439,None
1730814993.911685,744.5351693760655,736.2812797868215,None
1730814994.011687,814.5776307443638,707.0134340863992,None
1730814994.111687,804.0982727368385,685.0744241465336,None
1730814994.21169,718.7113072890502,732.0502078756061,None
1730814994.311685,709.4379263029288,696.2861023410575,None
1730814994.411686,668.9611297761963,701.6553958019135,None
1730814994.51169,663.8941513120834,697.3377963022623,None
1730814994.611686,599.6916609949167,704.5861673869931,None
1730814994.711684,597.1105232186619,690.5161740235415,None
1730814994.811681,595.6266478511203,688.4831479303423,None
1730814994.911707,709.8605909536556,657.0731796762915,None
1730814995.011682,746.3382398086738,665.4313534719209,None
1730814995.111681,741.1574162390493,675.72508286156,None
1730814995.211687,725.7177616449807,677.610969896724,None
1730814995.311687,669.1956345385518,673.113923957076,None
1730814995.411688,641.1140075944055,647.4929218079234,None
1730814995.511679,629.4615738351681,621.4909467637127,None
1730814995.611688,618.164823050858,631.2511788560223,None
1730814995.711689,629.5299380108152,647.309296713897,None
1730814995.811701,664.1879802245625,686.7701477882314,None
1730814995.911693,730.3948033109932,674.3259483193084,None
1730814996.011685,752.9129184832348,653.6082010904901,None
1730814996.111683,803.7044888324027,675.7127335547739,None
1730814996.211684,818.3437981864853,678.4793119296653,None
1730814996.311691,875.4209161097326,665.62546091816,None
1730814996.411692,728.8291433431098,673.6422932935568,None
1730814996.511683,752.6147104561404,665.5828509880558,None
1730814996.61169,789.6556632884915,664.3520069332674,None
1730814996.711688,839.4834802753609,652.6606754499154,None
1730814996.811688,733.7111180180865,712.6992043115556,None
1730814996.911686,718.1405719588827,649.6336550788326,None
1730814997.011683,769.5574321330939,767.4621990440029,None
1730814997.111692,713.9523899031991,668.8051608609089,None
1730814997.211684,687.9223789995639,657.6182230383156,None
1730814997.311718,652.1409206304888,663.8706248097257,None
1730814997.411687,649.9350301410835,663.6117910310373,None
1730814997.511682,729.5548097305157,621.5069645168992,None
1730814997.611684,727.2770205200871,621.8816449435176,None
1730814997.711682,753.2002127308676,635.0518130889081,None
1730814997.811689,778.187309181364,640.7549318697558,None
1730814997.911689,792.9247214867888,635.8942977435107,None
1730814998.011684,747.624586110652,656.2690991995731,None
1730814998.111682,753.118747851653,670.9273550566751,None
1730814998.21169,808.2724755131989,686.6430604649584,None
1730814998.311686,782.4720661649559,678.7414476889235,None
1730814998.411685,714.6305781436913,715.7144407394037,None
1730814998.511682,683.2852080461099,665.1131322037526,None
1730814998.611682,600.5448704525973,642.903297053917,None
1730814998.711684,615.4576452048176,645.6666962871763,None
1730814998.811682,560.6399757472429,593.9817537309781,None
1730814998.911681,574.9476338454594,593.7844591767368,None
1730814999.011689,585.4466734254452,598.7892755855889,None
1730814999.111687,555.7338552434261,611.9105737627372,None
1730814999.211687,579.3109941107964,614.0648889559812,None
1730814999.311683,685.8063068005007,658.3566008083394,None
1730814999.411683,727.9399101892783,667.3063215276765,None
1730814999.511685,719.9358905515952,670.3108916738165,None
1730814999.611686,717.6404251718161,673.3051280002063,None
1730814999.711686,708.6760998395085,664.5788354814675,None
1730814999.811683,879.1267638221979,637.8653067817022,None
1730814999.911688,1054.9911065161157,612.4708003678318,None
1730815000.011682,1005.4993553519432,631.4249194018772,None
1730815000.111687,1045.221311587299,661.8888282361967,None
1730815000.211686,1030.9941838121729,661.6955012673766,None
1730815000.311691,1015.7297917160248,667.1550156636893,None
1730815000.411686,1007.1669113590204,669.3552402553248,None
1730815000.511684,1007.1577311678864,667.0145606602932,None
1730815000.611682,1010.0878728685568,664.9635642869073,None
1730815000.711688,1023.8299553051188,660.7259542656338,None
1730815000.811687,1044.774014550583,656.0879436372204,None
1730815000.911688,690.889124681819,675.6923220440608,None
1730815001.011688,697.8968350389475,647.2446696910371,None
1730815001.111688,742.9154199534254,648.4135462932287,None
1730815001.211686,790.1679259508902,670.8315519673763,None
1730815001.31169,852.7883017312764,683.6315501656538,None
1730815001.411689,702.9177640900197,661.1833518090666,None
1730815001.511682,723.0742359132769,653.6852271465325,None
1730815001.611685,689.1230376553293,659.1910568535793,None
1730815001.711686,703.1616906340319,649.6037245682993,None
1730815001.811686,727.3313275253923,649.7175020875397,None
1730815001.911688,715.9650356233178,653.4629036143783,None
1730815002.01169,743.6109624363378,659.5603893858066,None
1730815002.111686,765.577014198391,664.6546364301746,None
1730815002.211687,791.9422260603195,681.4877800666032,None
1730815002.311684,853.4206698504915,684.6522562886075,None
1730815002.411685,836.2535031053671,681.7403883334965,None
1730815002.511685,622.160861216466,658.6352108465305,None
1730815002.611687,661.8572082604447,658.3950771843076,None
1730815002.711687,646.3934268731275,673.2847214524696,None
1730815002.811685,666.2836359064004,669.8308046172124,None
1730815002.911681,594.9435774297749,668.1931817764665,None
1730815003.011687,562.4419366856725,663.0229993183912,None
1730815003.111689,589.712701440661,664.4553529461488,None
1730815003.211682,682.5408271433466,666.0119188889497,None
1730815003.311684,685.7078646576838,637.8019761772495,None
1730815003.411689,692.9803853725467,668.9513521776222,None
1730815003.511686,680.3210820912137,673.0476868604616,None
1730815003.611685,686.4380900315635,676.3513618500464,None
1730815003.711684,662.4090388739471,666.8534675512382,None
1730815003.811687,670.2437839824836,665.7514686641471,None
1730815003.911688,669.0177882004654,660.7380949649466,None
1730815004.011684,637.4756605364084,656.6092985145388,None
1730815004.111686,647.3062983902417,653.1591550878734,None
1730815004.211681,760.4300010629129,685.0979396925263,None
1730815004.311688,739.737062453599,657.2217017779949,None
1730815004.411683,750.001602583467,661.2246640229433,None
1730815004.511689,700.5506139093962,666.2217035448608,None
1730815004.611688,689.1944515251195,680.3765048104983,None
1730815004.711687,687.7764437051592,686.5406674607749,None
1730815004.811687,732.7284315167275,663.1895056072514,None
1730815004.911688,699.455309178965,665.1739327292114,None
1730815005.011688,719.2789173621794,655.6976651348915,None
1730815005.111689,745.6232471156814,650.5778766291872,None
1730815005.211689,754.4069115757845,669.759773626219,None
1730815005.311683,755.1300185894615,683.7666663803068,None
1730815005.411686,745.9707885246288,690.1222113704747,None
1730815005.511687,755.5430625634203,695.4406095450254,None
1730815005.611686,832.3434013820885,688.090698378874,None
1730815005.711685,865.8640540091271,689.8633364255568,None
1730815005.811691,897.0987538440119,690.9985931377879,None
1730815005.911691,909.5552812313608,683.2462303404701,None
1730815006.011686,663.6308454357451,664.5127846641807,None
1730815006.111686,695.9176003540593,687.1533932223724,None
1730815006.211687,732.3544111006171,713.8347295489868,None
1730815006.311686,736.7704660038848,709.7389320099963,None
1730815006.411687,741.0231359912058,707.909446513216,None
1730815006.511687,737.8615247599733,697.3796514167216,None
1730815006.611684,710.5869940860631,667.5284848253624,None
1730815006.711686,718.3568217665953,664.8785637543207,None
1730815006.811678,721.5108223349586,664.9723388820653,None
1730815006.911683,713.9911396206394,679.3659660123722,None
1730815007.01171,737.1378166244087,670.1402943039926,None
1730815007.111685,809.6096250712175,678.2274105197407,None
1730815007.211685,824.2437349425759,665.2927953079832,None
1730815007.311686,874.5576844645076,651.2406499462111,None
1730815007.411684,804.5215778169932,685.3572548859436,None
1730815007.511688,843.3594753873915,695.2728671597199,None
1730815007.611685,843.8470588892504,700.8321024571254,None
1730815007.711684,754.8108982957535,687.6944202743671,None
1730815007.811685,694.6885486308737,678.7054721951297,None
1730815007.911682,617.0839914552854,662.7904694045809,None
1730815008.011682,642.4697921459973,654.6471439845535,None
1730815008.111683,615.1095454718841,632.9081667904773,None
1730815008.211692,674.1568285950448,641.5679106634626,None
1730815008.311693,677.6905562833326,647.3812673929028,None
1730815008.411709,680.0066114146413,609.599201883065,None
1730815008.51169,725.5580330618304,640.4787050575173,None
1730815008.611684,715.0824900508394,655.897197800343,None
1730815008.711686,728.886205248809,667.139242596855,None
1730815008.811687,761.057473178661,704.7590789889592,None
1730815008.911688,801.4841051643074,715.874399459247,None
1730815009.01169,830.739890559402,689.2305939824691,None
1730815009.111684,841.6220055769365,705.6015680438628,None
1730815009.211684,816.8669909876517,722.8886256395689,None
1730815009.311689,813.2822881850458,718.564920299244,None
1730815009.411687,774.9010838441791,666.9539261066906,None
1730815009.511691,780.2674297084117,666.7289060122635,None
1730815009.611689,774.1300273039755,672.7527821858365,None
1730815009.711682,767.0566394453792,675.6961383805593,None
1730815009.81172,765.2556948966659,680.6440315745024,None
1730815009.911683,751.1994115998359,670.5753953974673,None
1730815010.011687,742.1711688400484,664.6215384905673,None
1730815010.111691,708.3615306070745,650.4272293597271,None
1730815010.211687,725.760657176383,648.029228286267,None
1730815010.311683,750.5144648677025,642.7216816533125,None
1730815010.411686,756.6997158600548,632.958073495652,None
1730815010.511688,749.9075731257426,637.3387204300435,None
1730815010.611685,709.6707417389553,652.9646335503971,None
1730815010.711686,730.332575241757,656.1643121546851,None
1730815010.81169,723.7577505445573,651.8944491730705,None
1730815010.911686,751.1280303507552,650.353922859979,None
1730815011.011684,649.9237925726184,705.6641130038587,None
1730815011.111691,655.9789514229107,702.3347017656863,None
1730815011.211692,675.3386445350934,703.3489964409425,None
1730815011.311692,798.460100355443,643.4713395362173,None
1730815011.411693,807.7318989348009,646.7168192410583,None
1730815011.511686,666.6619283120986,728.5836940387705,None
1730815011.611689,677.24500550208,713.6002154839133,None
1730815011.711684,677.1064881402308,702.4954562065591,None
1730815011.811687,690.7987486447711,697.1943939736236,None
1730815011.911688,714.0073815436109,725.3364104690462,None
1730815012.011692,716.2469221178952,722.6306605424537,None
1730815012.111693,714.7473723832953,719.4090089829789,None
1730815012.21169,741.8193560864214,733.3366926645004,None
1730815012.31169,754.3727263582142,736.8397233901129,None
1730815012.411685,777.6735948321758,724.0852709085052,None
1730815012.511688,764.650782172645,719.4329730561344,None
1730815012.61169,792.4190937704194,720.8200615367056,None
1730815012.711693,819.690331797211,707.8516159518371,None
1730815012.811685,793.920330985019,662.297055755273,None
1730815012.91168,815.6716505230862,650.9706510013655,None
1730815013.011719,833.0404469550995,640.2994209176071,None
1730815013.111684,763.6911738918365,726.0491702190825,None
1730815013.211685,777.875876770593,704.7622825126052,None
1730815013.311691,801.013362016788,680.8650128415811,None
1730815013.41168,740.3801298243869,754.6948325839576,None
1730815013.51168,734.7097215008708,736.6283534872979,None
1730815013.611684,575.7975332542318,877.6281392630865,None
1730815013.711692,617.862937199709,810.7110028857462,None
1730815013.811689,596.299155449424,873.6583382522322,None
1730815013.911691,615.3633820580408,878.0036159536593,None
1730815014.011683,607.1509637842688,849.5449894274217,None
1730815014.111687,757.0159916303797,683.7079224835512,None
1730815014.211685,801.2029781640103,646.7231982382673,None
1730815014.311684,786.0793610294197,669.2967238726928,None
1730815014.411683,766.1024962555905,671.5024442731121,None
1730815014.511686,785.7782820628961,666.7963681025268,None
1730815014.611683,796.6129793110531,657.5503153021535,None
1730815014.711685,824.8630766989401,667.6972425352066,None
1730815014.811685,850.7255846745652,658.1721209003779,None
1730815014.911684,861.4692506010163,624.380646987806,None
1730815015.011692,922.4762990953448,619.0931437558784,None
1730815015.11169,789.1207963700275,651.2730979545618,None
1730815015.211688,683.0347581903917,663.277139741639,None
1730815015.311685,710.0920514548915,658.2704939119258,None
1730815015.411685,675.7417224351257,688.4140916083195,None
1730815015.511688,689.549835679993,689.0838929030689,None
1730815015.611682,598.0423547172476,667.7981587118543,None
1730815015.711682,607.6773480437041,672.8832581451358,None
1730815015.811683,549.2910643976076,623.0330582028035,None
1730815015.911689,567.8329086420971,606.484464233599,None
1730815016.01169,515.0229519729074,550.8922299374167,None
1730815016.111684,537.2302732271307,557.7117911468488,None
1730815016.21169,566.7880959020855,573.0524397211709,None
1730815016.311689,685.5973222410869,710.9311962875532,None
1730815016.41169,710.037657756157,721.5841249128116,None
1730815016.511689,673.3902815560447,722.8055758331616,None
1730815016.611686,551.2720287737073,575.9849254923512,None
1730815016.711686,534.4523256486173,590.772936345191,None
1730815016.811689,573.2675504716042,671.1645158648028,None
1730815016.911693,623.3726677471589,717.3568584054284,None
1730815017.011694,625.7093840880884,709.2077708141062,None
1730815017.111686,642.8321557193899,702.105492256294,None
1730815017.211683,593.2978312804216,651.5931289863569,None
1730815017.311731,606.6091114437767,664.1797083430503,None
1730815017.41169,590.4573650475662,661.8382037336999,None
1730815017.511686,598.2925513486489,659.5895862438585,None
1730815017.611689,605.4952677842808,656.7381476268796,None
1730815017.711689,687.170726926885,685.711750276376,None
1730815017.811685,697.1339695649734,680.4953568006445,None
1730815017.911687,688.1576673065431,677.043922412752,None
1730815018.011688,710.845841159423,679.8306538114869,None
1730815018.111685,724.4659900461593,677.6155790336074,None
1730815018.211687,720.2030610191651,662.6035322574164,None
1730815018.311688,664.1007257611553,654.8756559742023,None
1730815018.411685,657.3195326245035,663.047193936003,None
1730815018.511689,650.4103793000418,689.9270453234092,None
1730815018.61169,672.9932904539913,681.6718100511415,None
1730815018.711691,548.8021115852448,564.4370028273186,None
1730815018.811691,560.092421388389,585.929101561182,None
1730815018.911686,563.781692006741,603.7385166251481,None
1730815019.011684,582.6209620162973,595.0266090817806,None
1730815019.111684,716.8776560223287,709.0746230288389,None
1730815019.211684,745.8509131236875,658.1934633164753,None
1730815019.311687,720.8180143751499,661.3013634815126,None
1730815019.411689,715.7554796085848,666.2638902984708,None
1730815019.511688,676.5183142818895,659.9928727754711,None
1730815019.611684,687.4322835164104,663.5868316194308,None
1730815019.711686,673.4704106703,671.2364110015623,None
1730815019.811687,727.4145248136449,667.8640236554571,None
1730815019.911688,723.1853650975459,663.9316067079255,None
1730815020.011682,709.0453232504358,682.2935243909213,None
1730815020.111687,740.9219527629506,678.4271894474473,None
1730815020.211683,706.5465316914601,701.8625728794292,None
1730815020.311684,723.9092110180527,690.5180218685232,None
1730815020.411683,987.5446915005172,676.0700767384474,None
1730815020.511683,966.5161539541868,685.6432153767232,None
1730815020.611684,837.4774621763171,638.905530917378,None
1730815020.711689,1008.3740294061038,477.8998637118147,None
1730815020.811694,1027.2670283921468,587.7450355385663,None
1730815020.911688,1034.759556300533,593.389470258805,None
1730815021.011689,1038.160024830996,597.429201287243,None
1730815021.111688,1047.7702132536576,581.5046980911635,None
1730815021.211691,796.1391771914653,665.1909307040657,None
1730815021.311702,627.0939536451018,767.1794194784136,None
1730815021.411689,672.2245756591614,692.9973571770936,None
1730815021.511691,659.7636711025633,699.1301262246801,None
1730815021.611687,662.0837741091605,681.6391389370717,None
1730815021.711689,678.492658556798,678.7117599506413,None
1730815021.811692,705.5625074686145,668.3814387303744,None
1730815021.911693,706.893513294124,658.9967031032321,None
1730815022.011693,717.2061007195452,666.4851538152832,None
1730815022.111677,724.1627875751702,664.1465310268792,None
1730815022.211681,720.8597083449589,667.271083059969,None
1730815022.311686,718.3235543771538,677.3883315665845,None
1730815022.41169,678.2095656513311,668.3926445922431,None
1730815022.511683,687.1480144051725,680.528221263564,None
1730815022.61168,649.3106958561219,684.0958362650515,None
1730815022.711677,670.5568177224447,691.6144599992149,None
1730815022.811687,726.180467337413,688.4187943207718,None
1730815022.911682,726.1918246575493,673.9197745225478,None
1730815023.011688,734.3670629182641,664.8425676221577,None
1730815023.11169,748.4597227479429,661.3516173996153,None
1730815023.211713,683.9800289573991,661.2136651442788,None
1730815023.311682,619.1053069741592,665.0455387049906,None
1730815023.411682,645.106347979195,665.3878872841954,None
1730815023.511682,599.23970577374,668.4703354853277,None
1730815023.611685,616.6262997280173,666.3335262770223,None
1730815023.711686,629.0580021049619,659.4727556168494,None
1730815023.811689,633.5397795170168,651.2207871125846,None
1730815023.911684,624.3151916788912,629.7541705761935,None
1730815024.011686,614.4404071462675,625.1301479728921,None
1730815024.111681,615.8183535707653,632.0253276709929,None
1730815024.211682,621.1327022643633,648.6720857902077,None
1730815024.311683,647.1190508812535,670.9815558955362,None
1730815024.411683,639.3177394816109,674.7012930584311,None
1730815024.511684,639.8534080260162,684.5221912521063,None
1730815024.611681,643.8858124224589,672.1449230763769,None
1730815024.711681,582.9206117121604,675.1239941965644,None
1730815024.811682,613.8678585516096,675.1580203199787,None
1730815024.911683,632.0465974765378,678.9142171426312,None
1730815025.011691,623.9703805937572,676.8605544689011,None
1730815025.111691,644.5604259303576,697.6936757072542,None
1730815025.211685,673.218876647526,693.5152906175414,None
1730815025.311687,699.0718521593024,689.6576564806101,None
1730815025.411689,707.2269968316796,686.9814386761799,None
1730815025.511692,642.0459112153069,626.176221530226,None
1730815025.61169,582.4928689367295,599.5168171492135,None
1730815025.711691,610.0278928105206,613.4778563875228,None
1730815025.811684,607.5941676204619,637.436899559209,None
1730815025.911687,615.3854659304783,648.1310071766859,None
1730815026.011683,618.2183629861431,655.0295077280879,None
1730815026.111688,644.6752562452168,667.1057661384333,None
1730815026.211682,712.0619960018433,624.6420185471305,None
1730815026.311687,703.8301490529418,664.6877965256929,None
1730815026.411683,697.382010555021,658.1194049598997,None
1730815026.511682,692.4807991228101,605.6608464393352,None
1730815026.611682,701.2015940308213,610.9438184019612,None
1730815026.711688,691.2867022399885,615.908972289045,None
1730815026.811689,670.119879790774,618.7836516394017,None
1730815026.911685,743.9583032904117,652.1313422559006,None
1730815027.011681,775.0368912652801,730.3769583740735,None
1730815027.111732,753.4096347888295,694.6580115377767,None
1730815027.211685,718.6596541543811,685.558822352213,None
1730815027.311685,703.418313283503,673.7098776873016,None
1730815027.411686,699.0215891612028,662.4306535429529,None
1730815027.511688,677.7334949240734,676.6713989356819,None
1730815027.611689,685.5773033281656,683.9964360971609,None
1730815027.711684,607.432074039285,700.5591607800399,None
1730815027.811683,626.0498195709088,697.2664304972767,None
1730815027.911688,725.0867464208899,672.1992658220595,None
1730815028.011688,723.2458171131295,663.8350045102002,None
1730815028.111686,723.8307687612898,663.3809457993841,None
1730815028.211684,744.2167504722136,667.3858218847879,None
1730815028.311681,668.5531361758293,631.2214838989314,None
1730815028.411685,690.6881753654883,644.4288384715384,None
1730815028.511684,648.507949609783,693.5614851838255,None
1730815028.611691,641.0785631394228,695.9865825836297,None
1730815028.711689,654.9396188347855,694.7395020282231,None
1730815028.811689,653.673004636541,692.0876508856591,None
1730815028.911688,703.4928943557868,626.43490467963,None
1730815029.01168,709.8926650169358,634.9156794815124,None
1730815029.111687,722.1783032956845,647.1528359589076,None
1730815029.21169,745.7361376017845,672.7795609782457,None
1730815029.311684,801.8874330122583,649.2609132124572,None
1730815029.411682,934.070749250229,597.5909934433229,None
1730815029.511683,1025.2041432214903,562.4599807968087,None
1730815029.611685,943.563813877654,547.9620120739504,None
1730815029.711688,812.0274492483455,628.3081329513502,None
1730815029.811681,884.9710740199213,612.02803351317,None
1730815029.91169,647.6136262697959,747.4215176791199,None
1730815030.011685,648.7008326860957,683.1892352934311,None
1730815030.111681,690.4907231816404,681.080903043693,None
1730815030.211681,663.1466678242476,689.667416028269,None
1730815030.31169,691.9196999110197,688.0592568916687,None
1730815030.41169,605.6185921080692,654.1562394216172,None
1730815030.511684,612.9134768206652,641.95027363835,None
1730815030.611685,627.922240753678,623.0475279361443,None
1730815030.711684,636.3020864342849,627.1743450840199,None
1730815030.811685,680.7457285140157,652.3605676439673,None
1730815030.911688,839.1270720268772,648.7814371744473,None
1730815031.011683,794.4302443541737,662.8438799061994,None
1730815031.111683,805.0587934329352,676.8366005451999,None
1730815031.211683,789.8558910012054,673.4992809551054,None
1730815031.311686,816.7824943599298,664.1233439607303,None
1730815031.411685,853.1091334931792,663.5151372388783,None
1730815031.511685,773.5458007950041,673.0693676519733,None
1730815031.611683,689.3270238703064,649.3641750378057,None
1730815031.711682,710.8613162474468,656.2399644876793,None
1730815031.811686,672.7992236895196,668.2097744148118,None
1730815031.911692,692.0495856546678,682.435593994337,None
1730815032.011684,712.1792344530362,692.0086671705557,None
1730815032.111685,649.6655834358417,676.1115355182628,None
1730815032.211685,658.0727341026604,681.8147081556847,None
1730815032.311711,617.7123330881603,658.0614321367657,None
1730815032.411685,627.8839126315374,648.7483882416926,None
1730815032.511684,637.36633348536,642.4661731386725,None
1730815032.611682,603.802958712653,657.6449897550716,None
1730815032.711682,619.0158999443205,669.4214306818153,None
1730815032.811685,631.0505023978959,665.5944074895615,None
1730815032.911685,637.3226766715005,666.6650744506819,None
1730815033.011681,640.157741852281,668.4365331847756,None
1730815033.11169,633.50684857604,660.6129692981251,None
1730815033.211692,634.1336150639797,644.4955197589253,None
1730815033.311688,628.2964455438554,642.9505594002214,None
1730815033.411681,621.8220998310123,627.387606651919,None
1730815033.511682,633.4766445391216,614.6134271614005,None
1730815033.611683,643.4532439550353,639.8697735405685,None
1730815033.711693,639.4379580025214,649.8843456835561,None
1730815033.811687,647.9580092543667,682.9621492180992,None
1730815033.911685,658.1695684547233,692.0802314656268,None
1730815034.011683,653.5440290704712,671.2785996905307,None
1730815034.111684,663.9656779604275,668.8931482834199,None
1730815034.211685,679.133553620921,674.910093107086,None
1730815034.311685,688.6604839575128,671.3470279864965,None
1730815034.411686,723.6731796441468,681.7320249636551,None
1730815034.511683,703.7894518901452,674.2577140763855,None
1730815034.611684,722.3863818970923,678.3807186721428,None
1730815034.711685,712.4821861945139,674.3040039104492,None
1730815034.811686,641.3159010029995,680.927501040189,None
1730815034.911681,618.5223717345299,655.0010666134681,None
1730815035.011682,653.6516273983152,650.2012743287705,None
1730815035.111687,667.1727657982846,643.0227083349627,None
1730815035.21169,703.7178693029124,648.213504988697,None
1730815035.311687,701.5569821781559,644.1113258097141,None
1730815035.41169,661.6150656754262,632.0771796239177,None
1730815035.511688,644.3418660398461,639.7606111079965,None
1730815035.611684,609.1991302354754,639.1602805263548,None
1730815035.711688,632.1559298179093,645.6553784303459,None
1730815035.811685,616.0771241626137,651.7663833867058,None
1730815035.911679,634.0841929844277,646.0883855557219,None
1730815036.011683,635.4528132902506,644.9252914225684,None
1730815036.111681,716.7643063805154,659.9879272375858,None
1730815036.211689,737.1698391582181,679.9751125747097,None
1730815036.311692,726.0973464345406,700.6530601546881,None
1730815036.411682,782.0724059149574,718.2065582714989,None
1730815036.511687,783.9188023675845,697.0038854778874,None
1730815036.611731,801.4668894172788,697.5375048883719,None
1730815036.711689,655.2832498571843,668.3074410445826,None
1730815036.811691,675.3797742745762,669.6330763536964,None
1730815036.911691,617.9235732621538,647.5580250463255,None
1730815037.011688,635.83277776993,662.6289939848862,None
1730815037.111689,657.521611667127,670.9829814547799,None
1730815037.211689,634.8098930720423,669.197222288753,None
1730815037.311685,632.4564055685672,669.4388887355677,None
1730815037.411689,640.0378164994104,678.6680142360805,None
1730815037.511687,658.7752223197189,703.3360334878258,None
1730815037.611681,649.1410103440003,702.4502942886415,None
1730815037.711682,638.017625859252,670.4726592122777,None
1730815037.811683,668.936736188593,668.0717627291057,None
1730815037.911684,659.5259070085411,671.612536019891,None
1730815038.011685,674.5335661578936,690.4788754188866,None
1730815038.111684,669.6966579100869,698.5027208520768,None
1730815038.211695,682.8583837598708,720.7544036173952,None
1730815038.31168,705.2970035318538,706.5261310527761,None
1730815038.411684,715.0776680845686,702.7638703219534,None
1730815038.511703,707.3139340000663,687.2599956484521,None
1730815038.611688,725.1201836446297,687.6220445937195,None
1730815038.711689,740.5961137443003,695.8911259972646,None
1730815038.811686,714.6814402668581,682.0803182062,None
1730815038.911692,649.095553962081,696.7114965478472,None
1730815039.011684,645.509683838918,692.477406796263,None
1730815039.111684,645.3038443256255,603.7167248618048,None
1730815039.211685,643.8362822758651,617.2308274654977,None
1730815039.311685,674.3825121826301,633.6293510859718,None
1730815039.411687,682.2475067613642,660.9996752353414,None
1730815039.511686,685.3993267607347,657.3685318851047,None
1730815039.611688,703.351260375151,675.4138440629656,None
1730815039.711685,708.257818043658,680.6798403778187,None
1730815039.811684,689.9791892650233,652.675744027073,None
1730815039.911685,699.0852009509492,671.9648979712697,None
1730815040.011685,718.5531701322568,714.4443885854953,None
1730815040.111682,727.3590715074708,722.7155232934988,None
1730815040.211683,731.5773606418882,730.5731807197536,None
1730815040.311684,717.0640568783991,689.8474821895396,None
1730815040.411684,711.7212040652045,689.83360253646,None
1730815040.511685,733.743510648921,683.0962489327343,None
1730815040.611685,739.6645751504612,681.9217523082639,None
1730815040.711689,689.2990490216974,656.73363443908,None
1730815040.811686,716.6751379125989,658.5611339950194,None
1730815040.911686,714.6674263439504,676.559294279896,None
1730815041.011687,733.290026059761,714.4833114594605,None
1730815041.111688,768.0049226622466,736.6472834088505,None
1730815041.211692,748.6334476977693,690.3166182336479,None
1730815041.311689,745.03598072185,688.4888428676078,None
1730815041.411689,749.0321713992361,745.2052019785856,None
1730815041.51169,693.0551323610875,627.8083629189991,None
1730815041.611691,628.7338732316676,459.0952177001163,None
1730815041.711691,593.2076251979818,531.054073176303,None
1730815041.81169,590.1600212594922,555.6986353648349,None
1730815041.911683,566.6409553984856,516.6685191913881,None
1730815042.011687,562.5485130119295,535.3823359778684,None
1730815042.111685,569.3887610812687,546.7479348608125,None
1730815042.211683,561.179316935698,555.6700337771364,None
1730815042.311684,568.4856735378598,570.2745080922748,None
1730815042.411689,565.0712360682546,585.5201853506655,None
1730815042.511688,563.1371842546113,599.3558758859613,None
1730815042.611681,592.4511069311043,715.8811017298989,None
1730815042.711688,583.9854856731104,717.8948285704388,None
1730815042.811685,573.8999678850082,706.7627239867569,None
1730815042.91169,642.7842819987746,695.7865957807392,None
1730815043.011694,694.6923650338487,722.2652925255774,None
1730815043.111687,696.1140034151261,688.7695106647825,None
1730815043.211687,704.0292698307734,670.7465867233411,None
1730815043.311686,698.8604838170675,659.3720888115956,None
1730815043.411693,728.5638105070179,657.5625937120209,None
1730815043.511681,687.7874868166638,673.1610406990742,None
1730815043.611689,722.9865617262296,683.0142675359218,None
1730815043.711693,545.6473682602971,611.6962317555858,None
1730815043.811685,586.6618345850468,640.3170231557818,None
1730815043.911682,619.1691449387197,642.1632184455866,None
1730815044.011683,617.2790383493267,666.1063215586329,None
1730815044.11168,665.8226012652373,677.5800349136891,None
1730815044.21169,663.5697818307078,495.0875280023545,None
1730815044.31169,685.9144277465762,543.1941367475252,None
1730815044.41169,695.3674601427643,540.0192760616972,None
1730815044.511686,719.8885251690751,533.7061528349459,None
1730815044.611686,740.1570160994951,522.708760092399,None
1730815044.711687,678.4308334208298,504.0786709914619,None
1730815044.811685,711.8684427801157,651.5510104900554,None
1730815044.911686,685.3811371092658,768.6089284956585,None
1730815045.011682,659.0610451108982,710.2328612910314,None
1730815045.111686,668.5796226645939,683.3057644650175,None
1730815045.211683,690.7143176021989,674.2798788838483,None
1730815045.311686,694.0739709328708,692.1600684697116,None
1730815045.411688,681.5841884090304,675.0645551584198,None
1730815045.511686,611.9871706195722,602.4394839374344,None
1730815045.611691,637.3846382625416,614.3733458340182,None
1730815045.711677,642.4517401317833,672.903423683213,None
1730815045.81169,649.0162063785098,685.8751385088657,None
1730815045.911691,651.5894060708528,695.2156732839361,None
1730815046.011686,655.4551841744387,706.1738536184432,None
1730815046.111717,610.382312465531,592.9756480070232,None
1730815046.211688,624.2560654107382,609.0682821485893,None
1730815046.311684,636.4857800360415,620.2830646764995,None
1730815046.41169,622.4255370277161,623.9296199986605,None
1730815046.511686,656.381371407303,647.7267766109353,None
1730815046.611691,819.8215485862654,698.9274080186727,None
1730815046.711691,814.5946809616737,692.2368061796492,None
1730815046.811684,818.2135934868464,685.8415063729753,None
1730815046.911684,830.3125841993448,682.3146050602942,None
1730815047.011682,834.0761935151348,682.1103758291998,None
1730815047.111681,867.0942308139545,676.7210471070019,None
1730815047.211681,894.9198494043911,679.892242925909,None
1730815047.311683,925.0844077135788,685.0476837158044,None
1730815047.411682,991.9655185581242,694.4891923659294,None
1730815047.511689,1023.2008945164312,693.8790534690706,None
1730815047.611685,731.8418733566085,653.2083779387218,None
1730815047.711684,763.0273707114718,650.1738050139759,None
1730815047.811686,673.693245640937,657.7899127268277,None
1730815047.91169,747.2401852746673,732.1685750924381,None
1730815048.011688,713.7634453810788,668.0389216766005,None
1730815048.111687,721.3579647862514,752.4262337253124,None
1730815048.211689,730.099294980081,725.977788984249,None
1730815048.311686,716.3085983153356,709.6262486264172,None
1730815048.411691,696.8352205437219,710.0104624508746,None
1730815048.511686,696.5098606625309,704.1602776413941,None
1730815048.61169,659.9261915807275,671.3871599378397,None
1730815048.711686,657.6290008951237,680.8418093997761,None
1730815048.811679,712.3588366532639,444.4823903493021,None
1730815048.911684,724.1383490458543,493.5025553562775,None
1730815049.011688,722.8827948713313,553.6781015988239,None
1730815049.111688,784.6408553600603,482.2276034364123,None
1730815049.211687,779.6554605103519,498.0655482419651,None
1730815049.311693,757.9500573985443,394.3874957075392,None
1730815049.41168,766.8494770665293,361.9516789501697,None
1730815049.511683,686.8971554082812,709.818428920919,None
1730815049.611684,687.7548891277295,937.5570915473464,None
1730815049.711692,727.5653924930589,756.9345424758752,None
1730815049.811685,738.8624648737825,746.4856376681178,None
1730815049.911686,720.7622336981407,817.3488299028597,None
1730815050.011683,723.386658717647,825.542038925784,None
1730815050.111692,704.4703938336168,910.2547037022812,None
1730815050.211682,703.1164368168799,885.2662276184709,None
1730815050.311694,699.6654550773083,937.9311734739144,None
1730815050.411693,683.4475451730552,894.7475965638727,None
1730815050.511689,658.4581100908064,874.2310396649693,None
1730815050.61169,801.1279658811039,596.3859242343939,None
1730815050.711685,831.0942621155688,640.1293512583525,None
1730815050.811689,828.0382536421702,654.6024397892915,None
1730815050.911689,826.9847721188138,611.4490150863325,None
1730815051.011686,762.109915474439,940.4737656192028,None
1730815051.11169,816.6777791405722,1103.380662440509,None
1730815051.211687,807.5252596218805,1105.9877428197406,None
1730815051.311683,812.3126389934881,1008.330156888246,None
1730815051.411684,768.3670116490177,777.4996521719077,None
1730815051.511684,724.0965077629644,527.6041611150949,None
1730815051.611689,692.6943269902288,467.5632950259103,None
1730815051.711691,689.3231872123781,601.9963545239723,None
1730815051.811692,755.9568130237257,577.355441695049,None
1730815051.911682,946.8335311536651,496.7519863484942,None
1730815052.011689,904.3441515260212,633.048110859826,None
1730815052.111685,960.9392022179536,488.3730503043121,None
1730815052.211692,942.1359656618374,526.2520691303995,None
1730815052.311682,934.549961377596,566.7596213679604,None
1730815052.411683,978.9739514035437,526.9441697687174,None
1730815052.511681,700.9514010884327,741.8894503073146,None
1730815052.611682,636.7769504827663,755.9857897398497,None
1730815052.711687,677.3300248180922,701.3714034105215,None
1730815052.811683,673.7184702379342,679.8542344498492,None
1730815052.911693,670.1249298235406,677.2647308517959,None
1730815053.011689,678.3234745562911,659.1424110793712,None
1730815053.11168,704.0413613284499,661.2862899862387,None
1730815053.211682,661.2871918270233,638.7864048645097,None
1730815053.311683,538.9033874484567,530.3942553697414,None
1730815053.41169,593.7016451461325,568.0581314151774,None
1730815053.51169,561.0662493292758,654.3900053180382,None
1730815053.611684,599.7146050486282,653.5731069785076,None
1730815053.711684,609.4215638827168,651.6401543025311,None
1730815053.811691,661.4804794886325,649.9714688437039,None
1730815053.911733,668.408684724233,654.4438522526312,None
1730815054.011687,664.6745641489439,662.4129781622265,None
1730815054.11169,597.810827180243,621.2927089892208,None
1730815054.211684,623.1706750596102,643.5913976324687,None
1730815054.311687,642.9658635744374,687.2674775307464,None
1730815054.411691,561.6075706475706,634.8636094497386,None
1730815054.511688,613.0909322412119,658.0903389893813,None
1730815054.611687,798.1586427384575,770.655818419005,None
1730815054.711688,799.2881696473914,675.2758707763744,None
1730815054.811682,784.090392850265,662.9634643318498,None
1730815054.911695,760.2560187298462,657.9382647915927,None
1730815055.011687,656.1572984938839,604.5469006643137,None
1730815055.111688,669.6102942777892,604.4405744232579,None
1730815055.211688,673.1684137157748,607.812765916229,None
1730815055.311683,697.1367464745855,625.596986069439,None
1730815055.411684,733.5405824938141,644.4595430222682,None
1730815055.511685,715.6596800007803,653.6673746436102,None
1730815055.61169,601.9161943394604,660.2498678895311,None
1730815055.711681,611.8425187933402,669.657196304346,None
1730815055.811688,638.3484364256317,662.8173087676006,None
1730815055.911731,571.0801405342289,660.9002927512437,None
1730815056.01169,597.7952139170525,658.7201274389178,None
1730815056.111689,610.6118400916819,644.0578366255501,None
1730815056.211686,587.1908032969143,595.2235324274257,None
1730815056.311685,597.3171197189508,600.4697997332555,None
1730815056.411689,685.9655758156104,679.7856432354971,None
1730815056.511688,722.2644787323414,715.2111403633919,None
1730815056.611686,720.3647572551674,707.8317141223685,None
1730815056.711685,709.5127962651703,698.0484481241143,None
1730815056.811682,712.3627385172854,699.2984974896178,None
1730815056.911683,716.823425210083,692.0653106235245,None
1730815057.011689,725.2761933736061,679.1927518985666,None
1730815057.111688,733.8062548438556,681.9578045411175,None
1730815057.211719,677.2186442600959,674.0863735767736,None
1730815057.311688,675.1329069808826,622.5417524481292,None
1730815057.411686,629.4355516514024,630.6890913955945,None
1730815057.511688,641.8576203945801,636.9260780349063,None
1730815057.611689,612.5679504414585,638.0668928580601,None
1730815057.711682,638.2894494672082,648.5229129466661,None
1730815057.811682,629.7104383592444,626.5996827842578,None
1730815057.911691,648.3041862906728,638.5603760218245,None
1730815058.01169,638.5191041031866,650.1478019761606,None
1730815058.111683,641.8640881307269,649.9350054966612,None
1730815058.211688,646.1730761414302,661.5069216299921,None
1730815058.311685,627.026072224144,658.8687944482616,None
1730815058.411681,640.2984754311767,661.3528062965621,None
1730815058.511682,639.7084396284565,669.4423367027606,None
1730815058.611687,615.6822931896551,617.0270351789451,None
1730815058.711713,613.3506742072717,639.9112991947864,None
1730815058.81168,619.3948253795742,647.5500082316846,None
1730815058.911686,619.5604202976516,648.8557938850893,None
1730815059.011692,629.7134806723594,730.3767559164182,None
1730815059.111683,643.3935425965014,727.1607648648724,None
1730815059.211689,649.6901539185308,701.4937250793679,None
1730815059.311687,609.4947828648238,522.9838925665285,None
1730815059.411691,616.8552408634584,555.1720161931344,None
1730815059.511686,672.5575382638687,658.2952260225628,None
1730815059.611686,703.0316597780519,779.9907058956288,None
1730815059.711687,712.9594832685017,773.4953111674913,None
1730815059.811688,688.868549539144,679.3482313627676,None
1730815059.91169,597.4854279081355,440.0644005683979,None
1730815060.011684,585.8468958748758,500.5982847234319,None
1730815060.111681,590.2887536114924,499.1864694726844,None
1730815060.211682,605.5195871437401,395.07998487982775,None
1730815060.311689,623.2718796912592,404.0709828922042,None
1730815060.411689,667.1899219682639,652.8144848210407,None
1730815060.511689,721.8517123707231,755.4496518595197,None
1730815060.611687,726.8867405387315,752.4773900857789,None
1730815060.711683,732.5231559778857,752.8190977637611,None
1730815060.811691,782.1054636334833,864.47388064399,None
1730815060.911693,742.0471952964526,841.0191957269215,None
1730815061.011689,767.8060681543536,853.1449563113586,None
1730815061.111683,690.832247869426,708.4526671136534,None
1730815061.211687,700.0495790065595,720.575915364157,None
1730815061.311683,717.3660405366967,730.7232072357926,None
1730815061.41169,672.389321995844,699.2031910125663,None
1730815061.51169,676.20379302594,716.1551143285133,None
1730815061.611688,674.3567308591572,713.5677150600376,None
1730815061.711691,689.1637700704947,722.8681492461164,None
1730815061.811682,680.756128173284,741.7042377895799,None
1730815061.911684,707.448465598912,786.9079985329333,None
1730815062.01169,677.1185536178241,498.1594479058464,None
1730815062.11169,610.182205968158,201.8725686931621,None
1730815062.211688,699.1441567437658,131.07300232637556,None
1730815062.311689,744.7700579664543,164.6513433136663,None
1730815062.411685,721.6360949490833,231.4548121960701,None
1730815062.511683,759.6555508033007,167.4925541500006,None
1730815062.611691,740.9805819891213,204.5450629880291,None
1730815062.711687,687.595585079457,717.1145195747017,None
1730815062.811687,630.0118910244644,971.6508523259838,None
1730815062.91169,680.9599000411404,781.9428451255619,None
1730815063.011683,595.9183833968597,644.0594872744524,None
1730815063.111711,648.1065387292817,646.035081096335,None
1730815063.211684,651.7142254300662,618.0840903715977,None
1730815063.311687,648.1228795471459,611.5654429875158,None
1730815063.411688,702.1840715238616,824.6992589576749,None
1730815063.511689,736.2218756343424,802.6423304114455,None
1730815063.611687,714.6564995315836,788.6322034126471,None
1730815063.711683,705.8919620502835,771.4420694702122,None
1730815063.811688,712.1060928546287,763.728683686368,None
1730815063.911682,698.2727200613855,745.7908774453867,None
1730815064.011693,701.0743409970063,714.3922148138961,None
1730815064.111687,670.5846343190567,703.3617420306593,None
1730815064.211688,662.8330573707344,678.712019057979,None
1730815064.311678,656.0776257629004,677.6108144901882,None
1730815064.411684,652.7439098448401,693.350520601658,None
1730815064.511685,693.2749754789494,620.9631151747226,None
1730815064.611686,690.3464682298858,631.3163162806912,None
1730815064.711688,687.8834918932708,630.3229234088601,None
1730815064.811685,673.7095642716471,637.29249406399,None
1730815064.911685,691.077550929724,657.743048070887,None
1730815065.011685,697.6452919608313,665.3203975644758,None
1730815065.111689,697.5569226775219,681.9376064678532,None
1730815065.21169,707.3877399010663,705.6339010787016,None
1730815065.311688,658.5488094368293,836.1253510225613,None
1730815065.411686,672.1531422994154,823.1353561274791,None
1730815065.511683,716.0589545363938,718.1449696018727,None
1730815065.611684,731.9636651440737,710.9598076911359,None
1730815065.711689,737.6081901521857,718.3481497102496,None
1730815065.811693,747.8396688769508,722.2747359981348,None
1730815065.911682,746.8711967530674,721.3981119458817,None
1730815066.011694,737.9925482351962,714.7174539722623,None
1730815066.11168,744.8171570239945,721.1484108446588,None
1730815066.211684,766.349713658264,734.5811265814723,None
1730815066.311683,785.5141643597192,719.1006767008168,None
1730815066.411688,784.0924405118297,699.3221236653901,None
1730815066.511692,788.4723115034245,679.4250422096119,None
1730815066.611693,822.8541176212755,687.0089981855592,None
1730815066.71169,843.8997929069475,674.2137277108793,None
1730815066.81169,679.8267123283921,797.5874242666296,None
1730815066.911691,707.1775138315553,750.0897298523051,None
1730815067.011691,722.8396784481988,706.2768467449545,None
1730815067.111684,757.2017154577426,704.4629383503891,None
1730815067.211682,745.0411795048736,716.6717127703574,None
1730815067.311685,521.3980436116924,957.1392019171436,None
1730815067.411689,517.7080408644324,887.2571773397025,None
1730815067.511685,514.1587592369515,874.7288637390604,None
1730815067.611691,695.9617125761729,673.4636517908722,None
1730815067.711688,783.6364309618475,604.9518416771479,None
1730815067.81169,815.9165376553658,605.4252374364255,None
1730815067.911688,859.1563479494082,602.6535430706274,None
1730815068.011687,768.7001273937013,640.7753122702943,None
1730815068.111691,673.5313817054167,673.8946118488388,None
1730815068.21169,709.676066485755,655.0143498435629,None
1730815068.311686,746.6479762245395,645.62360760389,None
1730815068.411684,610.5493859175492,624.8124974737148,None
1730815068.511685,591.2258881375191,652.0071661881859,None
1730815068.611686,524.2824232938168,640.6626823800837,None
1730815068.711683,544.9241221420061,662.3173815979417,None
1730815068.811687,564.1717662657954,672.9914226994706,None
1730815068.911689,561.4176373501413,673.8431558132281,None
1730815069.011683,591.2364677703073,666.9480470926361,None
1730815069.111688,591.3304634136198,639.1782357011505,None
1730815069.211724,548.7057496032191,615.9142890060585,None
1730815069.311684,537.3855968685456,677.0986962787307,None
1730815069.41169,534.9477367659116,712.2348129376775,None
1730815069.511689,559.9006518027982,717.4868825220858,None
1730815069.611692,526.8808874160483,729.8752740789724,None
1730815069.711694,526.9771991867625,684.8611382994704,None
1730815069.81169,522.9288066808562,681.4028950601362,None
1730815069.911684,523.5651387862879,664.46183630343,None
1730815070.011686,523.5755317771751,668.64734740189,None
1730815070.111685,534.9592661160201,664.786820429018,None
1730815070.211682,556.9294306881417,659.0064140706088,None
1730815070.311689,571.7910300797531,661.656807294187,None
1730815070.41169,583.9871344601447,658.8517583876439,None
1730815070.511716,583.1394045591293,661.8871945559291,None
1730815070.611687,573.2531460523321,663.3154136178307,None
1730815070.711688,634.6344737388033,690.2967663300899,None
1730815070.811688,723.8616166319441,684.5343370687335,None
1730815070.911689,711.6780308944635,689.3655853554617,None
1730815071.011689,674.3268270610733,691.6585830641601,None
1730815071.111686,683.7617748285647,692.6263013413129,None
1730815071.211687,671.3650448440223,697.4279048986364,None
1730815071.311683,686.8761878913699,700.6678947326952,None
1730815071.411686,691.2210302988107,692.3262822859368,None
1730815071.511693,706.0016871780697,696.817198980535,None
1730815071.611691,686.5651156726898,664.5865132138449,None
1730815071.71169,691.0578496897898,663.6254292885833,None
1730815071.811684,602.8595798094764,675.1382054357077,None
1730815071.911685,580.9897496441638,671.6457147185789,None
1730815072.011683,564.6699578892136,659.2914411537919,None
1730815072.111684,567.4374123612599,643.0509734677083,None
1730815072.211684,549.3586897062344,588.8566839987861,None
1730815072.311681,528.6726913063607,576.4330468871777,None
1730815072.411682,542.9486069218445,576.3981935812527,None
1730815072.511683,602.6948301814965,647.8596295650636,None
1730815072.611685,613.8072243949335,651.3595663910253,None
1730815072.711713,605.4277732627995,700.0823634862282,None
1730815072.811685,570.2329225315141,657.6921968311229,None
1730815072.911682,558.4450309011113,657.5600252841442,None
1730815073.011683,578.2276925518631,654.3560884553011,None
1730815073.111682,576.4344916373552,624.8576431298907,None
1730815073.211688,653.9009280948193,698.3772509736855,None
1730815073.311689,648.1364479225517,691.9620050695027,None
1730815073.411689,662.9631257463983,676.6642771312818,None
1730815073.511688,668.6517593303344,662.208076575638,None
1730815073.611687,677.5689942490854,655.9229442904132,None
1730815073.711689,680.4517721407385,657.7386378095255,None
1730815073.811692,681.828666182481,682.3412455338935,None
1730815073.911684,689.1037511667223,675.3984642077929,None
1730815074.011684,698.6714398583617,680.2096790226501,None
1730815074.111691,687.3435914022209,683.4990348877686,None
1730815074.211682,703.0714512421176,678.7945901388855,None
1730815074.311681,719.6109290404848,676.4004823101038,None
1730815074.411683,738.3157623443587,689.6545457484477,None
1730815074.511683,760.048326638801,694.954669083659,None
1730815074.611688,777.197086996905,694.347481151652,None
1730815074.711684,834.0790722127094,692.063442670762,None
1730815074.811686,791.3446752285694,694.0156262431691,None
1730815074.911683,640.4067623555488,661.5901060593208,None
1730815075.011688,661.9967507784962,671.5014504516348,None
1730815075.111686,687.3808157131625,664.026908970436,None
1730815075.211687,724.4849386150554,643.9516289069908,None
1730815075.311687,754.0758086785175,645.5057129908026,None
1730815075.41169,729.596524394995,678.9661131090287,None
1730815075.51168,676.6856671472035,679.5487721026773,None
1730815075.61169,680.2859764199235,678.2032703033234,None
1730815075.711688,780.5409877444029,617.7750294339903,None
1730815075.811684,817.6635737380212,623.4300857709322,None
1730815075.911692,832.3717394372027,632.7790027653073,None
1730815076.011682,834.7390648397941,639.2844189260167,None
1730815076.111682,815.9558296882778,641.3552835898505,None
1730815076.211683,861.8211653123202,650.6647490215381,None
1730815076.311689,682.5071212138005,582.8330756838302,None
1730815076.411686,629.9258246724304,591.5953463401327,None
1730815076.511683,590.2383435182753,598.7347995896735,None
1730815076.611684,580.5101168734964,601.2627037062122,None
1730815076.711687,592.959662097879,605.5771424417596,None
1730815076.811678,641.307517201911,664.0408380194342,None
1730815076.911688,650.1340666472304,674.5679422272842,None
1730815077.011686,658.4717899192187,687.4891976086478,None
1730815077.111685,662.8815121684241,684.8241318064943,None
1730815077.211726,675.8253583353207,757.4166151151218,None
1730815077.311688,678.6873447214409,754.786119638227,None
1730815077.411685,679.6055935846184,726.3312083515937,None
1730815077.511689,702.891443899006,721.0027811954203,None
1730815077.611688,619.1968391146103,778.1883110809811,None
1730815077.711686,618.2345887150537,757.7408389832401,None
1730815077.81169,598.5758492531891,761.5773461801124,None
1730815077.91169,604.2619665571435,755.0887138231119,None
1730815078.011687,606.7478529071087,751.5025433187548,None
1730815078.11169,712.7142132113147,718.850587935237,None
1730815078.211691,790.4301310045884,715.3434476566531,None
1730815078.31169,781.1791018531401,716.8937458444883,None
1730815078.411683,788.7687570616412,714.544763425661,None
1730815078.511686,821.5449780893464,709.3311006836456,None
1730815078.611727,695.4088390532751,597.4171534728337,None
1730815078.711684,650.2984492850997,609.942889469173,None
1730815078.811684,669.6580190953518,610.8355025565875,None
1730815078.911684,690.3495403953552,603.1266489565743,None
1730815079.011689,754.3954164653371,685.1829163130928,None
1730815079.111685,750.5629382211672,633.4249682428118,None
1730815079.211691,676.6024743000892,914.3421107528732,None
1730815079.311684,709.5632620435827,901.589452458566,None
1730815079.411686,717.9222032719788,870.1462781091453,None
1730815079.511686,696.3888776836819,783.35480232078,None
1730815079.611692,672.9764859158109,362.9474837167549,None
1730815079.711691,722.3575177074217,491.79042806478367,None
1730815079.811685,753.5719033745397,632.5116644929873,None
1730815079.911685,754.6232181873321,542.3546052315309,None
1730815080.011692,762.4727905944621,575.1224299400975,None
1730815080.111692,771.7268786048758,588.1220628126983,None
1730815080.211686,779.7280278299105,546.8546373212982,None
1730815080.311689,768.1893779242733,560.6663706342974,None
1730815080.411685,805.0255842589524,633.1114294532922,None
1730815080.511688,702.408549979255,525.8948058811576,None
1730815080.611682,822.6300800098013,820.2129616296615,None
1730815080.71169,805.7840880157192,714.4636791159973,None
1730815080.811688,724.9192273112933,741.7457210739744,None
1730815080.911685,613.7098763912896,808.4769290788036,None
1730815081.011685,639.4548081007102,786.571651273672,None
1730815081.111684,632.5093551418313,742.4011475291726,None
1730815081.211689,636.0595065464257,581.9359652038751,None
1730815081.311689,624.9522141785236,651.9915772234407,None
1730815081.411689,728.868398079524,610.6799799518177,None
1730815081.511688,733.0686630824641,643.1740286147394,None
1730815081.611684,730.4180833508027,653.5391511783557,None
1730815081.711688,654.9842004499076,555.7479881852333,None
1730815081.811684,624.5922526792556,593.1523949438306,None
1730815081.91169,579.2888880111143,514.3854418210091,None
1730815082.011683,583.0463387215855,540.716894028571,None
1730815082.111688,582.2686206340261,561.5795214744303,None
1730815082.211686,591.5378280180896,582.7842072589625,None
1730815082.311683,693.5950380587807,735.1226750525157,None
1730815082.411682,683.2114127120274,716.7801055921933,None
1730815082.511688,685.642087976701,722.6768133606686,None
1730815082.611692,639.7794519782876,696.5218577179432,None
1730815082.711686,658.0513183131598,700.1391709354918,None
1730815082.811693,620.8172463019796,660.055437914549,None
1730815082.911691,631.5897005144872,667.0759379272206,None
1730815083.011688,615.566508176748,706.7506051511639,None
1730815083.111689,572.229678980815,723.6299211753499,None
1730815083.211689,582.6068925782021,739.3571283161444,None
1730815083.31169,659.8702102858884,679.6043852227638,None
1730815083.41169,657.1734095302265,687.8695812096865,None
1730815083.511687,690.056056151405,705.8433539670698,None
1730815083.611688,699.5546526700884,707.4879836838705,None
1730815083.711692,691.0694948895344,704.7855345817502,None
1730815083.811689,599.9114823391509,679.8123422271055,None
1730815083.91169,603.808820040826,680.5333519028945,None
1730815084.01169,567.1553284575009,697.4334055544192,None
1730815084.111687,578.5267896429092,702.4859550072015,None
1730815084.211688,612.04554700354,709.3469659359275,None
1730815084.31169,604.2256737584883,646.1786762406424,None
1730815084.411689,613.7755875448056,643.7790477975816,None
1730815084.511686,614.5793256917113,633.5702548360549,None
1730815084.611694,708.7914797867072,680.95864565914,None
1730815084.711682,734.4339313062636,679.8881589887909,None
1730815084.811688,742.8423929603846,681.6384854000867,None
1730815084.911684,740.6925316504538,679.3967511284555,None
1730815085.011686,743.9035503435033,682.6265200365691,None
1730815085.111688,773.2558835171178,706.3463694178743,None
1730815085.211689,789.0751816264196,700.7822746978803,None
1730815085.311689,742.8882915972957,690.2274965299627,None
1730815085.411686,747.3195441812632,688.518844683761,None
1730815085.511689,750.288573264004,688.5456536651053,None
1730815085.611684,768.7581513570653,694.0800396753161,None
1730815085.711691,785.4884841151516,692.6694024287513,None
1730815085.81169,818.4947158316296,698.2347110439374,None
1730815085.911689,852.309583257997,688.6083328547055,None
1730815086.011687,627.9623786320535,678.0123183297221,None
1730815086.111688,588.8406583134264,677.105440994346,None
1730815086.211689,594.4434536967764,667.2848158687774,None
1730815086.311689,602.4685911062461,666.2133804154164,None
1730815086.411688,601.8586366870401,645.8776386917679,None
1730815086.511685,591.5210228676094,643.6525566940168,None
1730815086.611686,605.1873703204881,659.8080753041127,None
1730815086.711689,615.0037697130274,682.1698767331045,None
1730815086.811689,613.4321134370172,689.3542116921018,None
1730815086.911689,605.9031182747087,782.5016163009208,None
1730815087.011691,610.2795891794597,801.8636939896337,None
1730815087.111684,622.6328558002813,796.6532710863729,None
1730815087.211685,601.5284691619431,800.992416253063,None
1730815087.311687,614.2357570927343,695.2955661225805,None
1730815087.411685,611.5435092631905,679.2201883856425,None
1730815087.511688,698.1988768726989,748.9758802063335,None
1730815087.611681,706.7951890288866,751.2081909826,None
1730815087.711691,726.7509420996921,742.388427174224,None
1730815087.811685,715.9810487205491,732.0645731761864,None
1730815087.911685,630.2996296658085,676.1754565096721,None
1730815088.011687,648.3745424202469,669.9566919290775,None
1730815088.111688,666.0091628218339,662.2933137240364,None
1730815088.211686,628.6981621884793,751.670586625702,None
1730815088.31169,625.4013984916919,760.1081025481938,None
1730815088.411684,612.299026906818,828.0602575462595,None
1730815088.511683,613.4524656843456,793.0746020819438,None
1730815088.611682,616.5363174005279,824.1433439547457,None
1730815088.711688,620.5470517512131,802.8176312331975,None
1730815088.81169,635.4175341441476,720.7190542114718,None
1730815088.911685,757.4173446911892,589.470198506142,None
1730815089.011686,724.9194680031408,642.7618714587807,None
1730815089.111684,736.1004003497603,672.9625676756071,None
1730815089.211688,623.6690282994213,519.5896070476233,None
1730815089.311689,613.4796997906906,566.7261781486661,None
1730815089.411687,603.8155794285781,581.5056511213683,None
1730815089.511686,609.7778511062533,588.0513248050217,None
1730815089.611686,699.0178434348401,761.2570393972895,None
1730815089.711683,756.9148326684065,744.8845855679247,None
1730815089.811685,747.5503232952765,723.365791764875,None
1730815089.911686,752.6851834632532,717.3971698271816,None
1730815090.011683,681.6142865053714,701.9745517483209,None
1730815090.111685,695.1592997719194,700.4552654663423,None
1730815090.211687,643.0758400421428,693.3969559259357,None
1730815090.311686,656.3535551259843,687.4996435680947,None
1730815090.411686,796.1668115342587,610.9979991898315,None
1730815090.511691,772.7631016660615,561.162932743882,None
1730815090.611692,816.7764139862949,655.2632664171349,None
1730815090.711682,667.4550780771476,700.9251613289551,None
1730815090.811689,680.9562004518286,817.9383458531887,None
1730815090.911677,680.7707083569782,731.502302769402,None
1730815091.01168,689.4358125739674,722.1566065967163,None
1730815091.111681,658.9203505687043,991.607919533121,None
1730815091.211684,677.1286018543904,807.7589976721804,None
1730815091.311685,691.5443100753224,836.7092810046332,None
1730815091.411686,702.295065444807,822.0966545903924,None
1730815091.511687,626.5295785397748,437.4182730129661,None
1730815091.611686,675.6844340723143,270.5359259652278,None
1730815091.71169,651.306210985911,498.24307739696496,None
1730815091.811687,730.929731510955,632.3528283089557,None
1730815091.911691,769.7015948583174,682.2428894079196,None
1730815092.011691,684.9219752177715,644.1471081274815,None
1730815092.111686,755.2476692398723,803.5866058596584,None
1730815092.211689,795.2631865431445,902.57532352292,None
1730815092.31169,700.5000202324395,771.3023617612691,None
1730815092.411691,721.2050632167654,733.4841707948354,None
1730815092.511685,715.7384961760841,657.2039569429081,None
1730815092.611686,715.5894007809023,632.977887401219,None
1730815092.711686,751.2107631529242,506.9400195228786,None
1730815092.811688,686.3669297174556,374.8080314614001,None
1730815092.911685,689.599059922979,546.6692034678591,None
1730815093.01169,657.8964896424206,558.2633348879491,None
1730815093.111687,748.1022225338812,796.6753229043695,None
1730815093.211686,704.0639154545712,617.966684196974,None
1730815093.311686,686.6583027711131,526.4183998952933,None
1730815093.411683,723.589326748583,771.1961926169408,None
1730815093.511684,711.4491386802533,703.432341376236,None
1730815093.611686,679.1053248364426,634.9115225886947,None
1730815093.711684,719.4309262774841,696.8249884670374,None
1730815093.811686,790.1021069380604,867.1998515360398,None
1730815093.911688,773.3083296644953,840.7154014481271,None
1730815094.011681,623.5813523151968,453.6720247436144,None
1730815094.111685,580.7939184650015,486.52090988328393,None
1730815094.211689,583.9585123142222,491.1269906183237,None
1730815094.31169,577.6681555570776,523.2456241202307,None
1730815094.411688,579.6600636892141,543.8270546013312,None
1730815094.511692,573.9504158964173,572.6908575820705,None
1730815094.611689,575.0436174110794,598.3607861329234,None
1730815094.71169,579.4233288047694,623.2813443091021,None
1730815094.81169,908.8117677976636,754.1125875374731,None
1730815094.911681,921.8527219610786,731.2471255454669,None
1730815095.011692,953.975225574482,713.9698549617877,None
1730815095.111692,1032.0470994539949,718.7800068924056,None
1730815095.211689,700.3121173965116,621.9279100581377,None
1730815095.311681,635.8264089208182,643.3230008754924,None
1730815095.411687,732.314497957012,690.31214317458,None
1730815095.51169,675.0757665773981,583.0769311276626,None
1730815095.611686,620.2852877088343,575.3195435477293,None
1730815095.711686,614.7322591450744,595.8747782748945,None
1730815095.811685,592.504506128912,643.3683691933031,None
1730815095.911682,660.9010111724115,699.7593573542725,None
1730815096.011682,679.4039089142119,716.7630152501371,None
1730815096.111689,665.5208607485299,693.7958964427315,None
1730815096.21169,698.1222500627451,712.68597241002,None
1730815096.31169,697.4916962092492,700.1643679354537,None
1730815096.411692,692.8786646270505,678.9769961515411,None
1730815096.511685,710.1012272382684,691.0184198357022,None
1730815096.61168,732.5595403507779,690.2952194030407,None
1730815096.711692,693.3606296116158,684.4076873018174,None
1730815096.811682,722.4614674041679,680.1778313119221,None
1730815096.91169,650.0762377981576,670.9212427724046,None
1730815097.011687,674.7300593714281,677.2947167735782,None
1730815097.111686,623.7948656733407,672.9253618291601,None
1730815097.211684,657.6027604974292,675.5847078509917,None
1730815097.311691,562.9178417018658,691.6778690357497,None
1730815097.411692,589.1140665667202,706.9684804980708,None
1730815097.511689,587.7076006518759,705.4355922514509,None
1730815097.61169,593.4670283784126,715.4141597404937,None
1730815097.711679,589.0540429968876,621.3013780390581,None
1730815097.811682,592.5644133342971,640.2152114692419,None
1730815097.911683,595.5431216972065,643.4121272800484,None
1730815098.011683,723.7279180224511,645.9555573629658,None
1730815098.111684,700.1782653340565,652.9446070581239,None
1730815098.211691,717.4981261450345,643.5687093123921,None
1730815098.311686,629.9742750497139,683.3526588071666,None
1730815098.411681,643.8209281058236,683.500715765293,None
1730815098.511684,564.4675726538007,686.0627676604677,None
1730815098.611691,584.395568862254,693.0254478010821,None
1730815098.711685,592.7996789382087,690.796961319514,None
1730815098.811691,575.490769540313,686.2088334194976,None
1730815098.911691,567.8189835260437,688.960010928452,None
1730815099.011688,622.7714913623158,704.9082541913833,None
1730815099.111682,646.5713054387139,701.4588203992274,None
1730815099.211686,634.6018544807536,699.6707858596853,None
1730815099.31169,629.1899615557298,697.1028569678074,None
1730815099.41168,639.7333021091049,694.7580577562596,None
1730815099.511691,627.1537268653334,690.2181661657592,None
1730815099.611683,626.3214233304572,697.4525077422044,None
1730815099.711691,630.5915946138646,689.1950066355805,None
1730815099.811691,640.8408302836577,684.3035733727464,None
1730815099.911705,645.3447037152347,698.2898257670569,None
1730815100.011684,664.3611936893601,701.9703647193139,None
1730815100.111683,636.366017646774,692.8136824122922,None
1730815100.211691,639.408806131407,693.8265246116566,None
1730815100.311684,603.4699322586794,685.8555869599675,None
1730815100.411685,633.6138739840153,688.0859733144994,None
1730815100.511691,634.7694148088024,702.5540314448579,None
1730815100.611687,590.1822836311117,702.732757732499,None
1730815100.711684,601.1468340883282,703.4017167855515,None
1730815100.811683,614.6801553468827,715.2089508279553,None
1730815100.911686,616.5161795171957,728.5047417491919,None
1730815101.011688,735.492544018479,697.2878304484378,None
1730815101.111686,771.50104613676,709.7262391126272,None
1730815101.211686,815.2533621102764,706.0263500663839,None
1730815101.311687,662.3069689367318,694.5283001986506,None
1730815101.41169,660.488717356371,702.1716108549755,None
1730815101.511684,664.8022759663746,708.1602197013443,None
1730815101.611687,624.6747143697854,687.2063022812182,None
1730815101.711684,627.963418215942,683.6408937185302,None
1730815101.81169,589.0034967999085,606.3531098644679,None
1730815101.91169,605.2241044078136,619.3348951547055,None
1730815102.011701,601.7400203761064,612.6380398916475,None
1730815102.111685,599.5770435466469,624.6373014206467,None
1730815102.211688,615.790043673682,629.9135170298754,None
1730815102.311684,695.3036569743626,702.6933469408756,None
1730815102.411685,704.1273939017474,693.9140601808256,None
1730815102.511692,707.7192503960082,688.8085240746577,None
1730815102.611685,693.8158879116327,672.9717362322725,None
1730815102.711682,679.6331931291307,673.5690900933886,None
1730815102.811683,684.559940367372,678.147231788572,None
1730815102.911684,691.5474750125505,682.6175243851301,None
1730815103.01169,685.1338096492336,676.4746679975731,None
1730815103.111691,683.6877063503563,679.8194099438189,None
1730815103.211692,696.8094244357496,677.4527333054021,None
1730815103.311688,701.0625287622046,676.2853298953381,None
1730815103.411688,694.6184510638034,685.450497773079,None
1730815103.511684,661.1792196684103,691.0203248525789,None
1730815103.611686,688.4143081949004,687.0726202553682,None
1730815103.711686,667.9457002727443,682.4094153086538,None
1730815103.811684,681.7247062072076,676.696264367606,None
1730815103.911681,699.2253358284844,672.0486667703942,None
1730815104.011682,633.9699104000437,583.5063060550184,None
1730815104.111682,641.8093138827327,607.932706090262,None
1730815104.211683,617.3089685697709,619.9796249837144,None
1730815104.311685,628.5894650100452,626.3132790470751,None
1730815104.411688,632.9895233095127,624.7970418481177,None
1730815104.511688,629.9159198430967,791.6575477547792,None
1730815104.611691,635.303612102431,769.1843452117555,None
1730815104.711686,629.1462407775314,741.8494850700861,None
1730815104.811682,622.6767054005226,732.0590285353579,None
1730815104.911687,670.4176088575188,686.011949180492,None
1730815105.01169,698.2539629024866,613.6587364047298,None
1730815105.111691,711.021279685356,654.5725174706575,None
1730815105.211687,696.9356842638723,658.8714342343881,None
1730815105.311687,690.5581056448787,658.3696557889405,None
1730815105.41168,693.3687578223174,657.9649919581924,None
1730815105.511687,619.1969682188094,639.8345760246991,None
1730815105.611684,633.89150271466,644.8408542507557,None
1730815105.711689,632.5329355015987,663.6691755376658,None
1730815105.811681,632.442905735277,669.216415336224,None
1730815105.911684,647.0444005675453,672.9238737063048,None
1730815106.011685,653.1898845435752,682.0344555136501,None
1730815106.111686,663.2028619976796,680.8001868729345,None
1730815106.211686,671.6796999517817,683.4161564141137,None
1730815106.311687,673.8151231962095,686.2515535502156,None
1730815106.411688,683.2392761849603,694.0681826888774,None
1730815106.511682,689.9600679265616,700.3881666161027,None
1730815106.611687,702.5736412610214,714.7876085555454,None
1730815106.711682,726.5289617606868,707.103296618876,None
1730815106.811687,793.9053612761976,704.6104322094383,None
1730815106.911691,1052.3780748932668,681.784936104098,None
1730815107.011678,1065.3189020659872,677.0037759386764,None
1730815107.111682,1077.079767109621,678.0783579920679,None
1730815107.211692,699.2026306127143,689.9350251482125,None
1730815107.311689,630.9607681811107,679.0048745407983,None
1730815107.411684,664.283617286696,675.6514283423154,None
1730815107.511688,659.6394337041468,659.7810047712131,None
1730815107.611685,682.7772907444266,661.9613167740703,None
1730815107.711687,681.8319922492373,666.4832484661981,None
1730815107.811685,630.2707034731585,661.3813132858805,None
1730815107.911684,637.5334894533188,672.4425307394457,None
1730815108.011685,582.4790206842691,767.5660087125225,None
1730815108.111686,607.5071331911588,752.1486060343422,None
1730815108.211686,597.5960835987713,733.3622703253254,None
1730815108.311684,598.3266672249227,727.6794584158299,None
1730815108.411685,603.0549626597609,738.6859475839312,None
1730815108.511689,689.7634951273574,589.7495388059511,None
1730815108.611727,734.6590652969282,689.0761506590296,None
1730815108.711685,716.4585803269119,697.5152367863598,None
1730815108.811685,719.4872492277832,697.7698760502697,None
1730815108.911682,712.7455158850723,708.6183049590103,None
1730815109.011692,708.5681490461615,716.6743027854269,None
1730815109.111686,704.0890565700729,710.2345877512795,None
1730815109.211687,667.8091808063621,681.2568316540705,None
1730815109.311693,581.7999759583341,646.1053297626815,None
1730815109.411688,561.6103332085011,640.6937632210532,None
1730815109.511681,564.1296672129445,653.807949244767,None
1730815109.611682,577.9225759070939,660.8744375217312,None
1730815109.711683,562.0452799036684,653.2455471804916,None
1730815109.811687,587.0554337433533,565.8924779481704,None
1730815109.911692,610.3736503075289,576.1647620671049,None
1730815110.011686,599.0334090624187,583.549951827644,None
1730815110.111685,600.6694011753874,606.187407912706,None
1730815110.211685,601.0361308551468,608.6096294680548,None
1730815110.311683,599.3609064945063,608.4500475917234,None
1730815110.411685,588.3367315818917,648.9499971208415,None
1730815110.511685,597.341848553871,649.6721268662654,None
1730815110.611684,603.3887283429317,642.2177984047729,None
1730815110.711692,589.4626408041584,647.0756708214203,None
1730815110.81169,677.7397555819646,701.9036518855189,None
1730815110.911686,692.7493541474429,713.5786017206134,None
1730815111.011686,683.9839853550325,675.6858340368668,None
1730815111.111685,686.9442912579257,674.9099528401126,None
1730815111.211687,696.512732542122,680.0471287348162,None
1730815111.311687,662.446912164966,678.214819881238,None
1730815111.411684,679.5465029550961,684.2074994288668,None
1730815111.511691,697.0609201312475,689.817999621092,None
1730815111.611686,688.7159478474489,693.9943094277526,None
1730815111.711688,710.1369679731293,692.8219937446954,None
1730815111.811686,659.2129912319068,673.3516617011622,None
1730815111.911691,673.6387850442248,682.43349197462,None
1730815112.011689,691.9255548764994,687.5241837828872,None
1730815112.111687,659.2074143918514,669.7515686147772,None
1730815112.211689,715.0281179491026,685.9857782044006,None
1730815112.311687,721.2083633079513,720.6904046454273,None
1730815112.411688,672.4391762530234,675.1598520376066,None
1730815112.511684,681.2523083604594,680.5258189981242,None
1730815112.611681,678.3878593210662,670.5721104018187,None
1730815112.711682,700.6498790902515,690.7697927118835,None
1730815112.811686,649.1956731869034,653.6138199408289,None
1730815112.911686,666.5172258930353,679.4289659064916,None
1730815113.011687,627.719029778467,698.1384100151361,None
1730815113.111688,654.8911461661671,701.4915030626512,None
1730815113.211683,669.9333413768392,701.4010372205582,None
1730815113.311692,628.869738839688,664.2814645594491,None
1730815113.411692,631.1388871396477,666.2834484228887,None
1730815113.511685,653.9494562960491,673.4834389328577,None
1730815113.611683,665.293895614239,683.64211113763,None
1730815113.711725,631.7578582283537,683.3144070752905,None
1730815113.81169,592.832100532118,674.3607499011225,None
1730815113.911684,599.5574707374269,672.9435844217954,None
1730815114.011687,641.8656315746388,689.345109738662,None
1730815114.11169,643.2947275833458,673.4798573002677,None
1730815114.211687,651.4546753101176,661.3685477688134,None
1730815114.311686,686.3671762748423,674.2929298058151,None
1730815114.411695,675.7675439205572,663.4210144820709,None
1730815114.511686,693.9136714703913,664.7180600385442,None
1730815114.611683,708.4790542057077,663.8522022424675,None
1730815114.711685,700.3392055479314,665.5400751720663,None
1730815114.811684,709.8757022464814,673.5345693202125,None
1730815114.911691,757.619434457353,685.988530385912,None
1730815115.011689,752.7139228182803,672.7328809070419,None
1730815115.111686,792.5287106028104,672.4116293879431,None
1730815115.211726,684.920510635499,687.1629582639385,None
1730815115.311688,690.2952913049542,676.3333435524377,None
1730815115.411686,672.3410208873438,698.3398580941323,None
1730815115.511679,692.9296584014785,701.9848253509534,None
1730815115.61168,702.7117886248348,693.5251509826918,None
1730815115.711677,713.3923899855165,703.4331716812882,None
1730815115.811681,740.2302042842646,709.2989130337987,None
1730815115.911692,759.2155689981391,706.4394874699171,None
1730815116.011683,784.1888434799567,699.437222681824,None
1730815116.111691,847.0231116593345,699.3042034956596,None
1730815116.21173,690.4179013208985,651.4258228080041,None
1730815116.311688,696.3243919386615,661.3216699301705,None
1730815116.41168,703.6509747986478,658.6977214424833,None
1730815116.511681,710.8839097430058,665.6174781853382,None
1730815116.611689,716.7096290318991,671.5188905478759,None
1730815116.711684,722.790017813219,679.4065037388091,None
1730815116.811688,738.096135292865,684.0154124929062,None
1730815116.911688,719.3601620838307,666.2467218796615,None
1730815117.011685,728.3717039316366,670.9327092137776,None
1730815117.111685,741.4924080452089,673.4368144952477,None
1730815117.211686,783.2881219993926,690.4810540724012,None
1730815117.311686,819.7733283852542,709.0275352780985,None
1730815117.411687,698.636886796173,699.0026729898922,None
1730815117.511689,720.1874945869478,699.3970103061195,None
1730815117.611687,744.4498560489637,694.9678973975912,None
1730815117.711683,682.5045427997055,682.5328313631145,None
1730815117.811683,671.3216985470689,684.9394591096162,None
1730815117.911684,579.6967001727169,682.8651366586224,None
1730815118.011688,608.089648036952,676.9910556856182,None
1730815118.111686,621.8820167957888,670.2211272108841,None
1730815118.211691,767.46402875371,680.2320000078895,None
1730815118.311685,756.4205175702593,688.4598815291365,None
1730815118.411689,697.9022517107607,682.0222077446315,None
1730815118.511682,698.5964889447956,668.619425784455,None
1730815118.611683,701.424931246894,676.1711467750753,None
1730815118.711683,720.1786967950167,685.3806575406987,None
1730815118.811721,717.2878638403224,679.5018234008786,None
1730815118.911681,723.5582322809371,674.9950211132665,None
1730815119.011685,726.2467631962803,691.2876299367852,None
1730815119.111686,746.3519324942656,695.5285165811389,None
1730815119.211686,770.532021390081,702.3556514647123,None
1730815119.311689,782.0510521883679,697.0542045049724,None
1730815119.411689,811.1920371580118,696.1458413145975,None
1730815119.511685,831.1037799057385,692.2855240536326,None
1730815119.611689,869.7121770854301,695.1776133022067,None
1730815119.711684,774.453949375486,656.8523213823133,None
1730815119.811692,677.0917763113538,671.5065367755699,None
1730815119.911682,685.7910725703881,678.824830792088,None
1730815120.01169,724.1367348178428,673.9782094046358,None
1730815120.111687,658.724125506728,672.0529595795474,None
1730815120.211688,682.9687146652435,689.5377497950416,None
1730815120.31169,676.4479051668162,681.0363184806732,None
1730815120.411683,689.4552095266288,677.4258806122135,None
1730815120.511686,693.041689690435,674.9682939732963,None
1730815120.611686,721.4806112055018,680.7157939529051,None
1730815120.711682,712.0150809138264,684.7859374125994,None
1730815120.811686,660.4591060049388,676.1925644479918,None
1730815120.911688,685.0234024869958,678.0778497517418,None
1730815121.011688,687.9793140553279,678.3999684121894,None
1730815121.11169,698.5974660723562,682.1538520061447,None
1730815121.211691,683.3782661750826,670.7969588034443,None
1730815121.311688,693.1975120041977,674.7256614303725,None
1730815121.411688,693.4182832880075,683.217019638373,None
1730815121.511689,693.9101276121819,699.3384659135693,None
1730815121.61169,732.6554411422412,723.5652983373586,None
1730815121.711684,706.8479538845668,700.516320451392,None
1730815121.811691,692.8651867801813,686.0797702142557,None
1730815121.911685,721.6511243471668,657.5234386453044,None
1730815122.011685,733.21706051768,653.4768734614161,None
1730815122.111683,758.6353722295042,658.4478246306014,None
1730815122.211689,760.2667680760898,668.6984966600528,None
1730815122.311689,781.9451339020237,677.80719428952,None
1730815122.411692,827.4706335307139,674.7512803504045,None
1730815122.511689,668.6764243016734,673.1996771017712,None
1730815122.611682,691.723104489872,658.6909521533998,None
1730815122.711686,701.8827614510678,699.6960117724869,None
1730815122.811686,725.2131479116757,702.0455123200671,None
1730815122.911686,713.9682778313186,706.5850990135126,None
1730815123.011691,699.5014650462916,693.266834790308,None
1730815123.111689,675.395817502928,678.0253274013709,None
1730815123.211681,687.9892474122457,701.0014239756185,None
1730815123.311683,688.7418074644978,676.4123018022678,None
1730815123.41169,703.2477684832577,667.1728004549532,None
1730815123.511685,694.457274135913,693.3256673434855,None
1730815123.611685,684.491607626347,680.9117948073407,None
1730815123.711689,748.5963706031046,673.310053423787,None
1730815123.811686,788.0582924423186,676.6520500970025,None
1730815123.911682,755.3171175208691,662.2710370144546,None
1730815124.011684,788.2763762096095,662.4129664261702,None
1730815124.111685,712.4906455209415,676.4323707527382,None
1730815124.211688,708.8091895536734,678.5546107489827,None
1730815124.311694,743.6213215092822,684.8696495875292,None
1730815124.41168,731.3512130478882,667.6256812725098,None
1730815124.511682,701.4753038200718,658.9215640067574,None
1730815124.611699,716.5923006714141,658.1254437948626,None
1730815124.711681,736.1885728257023,667.3618755278341,None
1730815124.811692,741.3739855801771,662.0216327601529,None
1730815124.911685,757.3587032282587,659.3653595681559,None
1730815125.011688,788.8345066375255,657.8390693469723,None
1730815125.111696,690.7288591984797,669.6777756569991,None
1730815125.211689,750.6489381560709,737.3137225617472,None
1730815125.3117,726.4610700792298,690.6989290087078,None
1730815125.411691,706.577023458565,683.4202663261243,None
1730815125.511689,722.451948674496,692.0862940222598,None
1730815125.611683,694.6043051698273,691.1076528769464,None
1730815125.711688,714.5660021933725,692.4772198616611,None
1730815125.811682,637.9660871241933,669.3631444369622,None
1730815125.911689,657.9726743168862,665.1610127800274,None
1730815126.011689,673.3082557030473,651.5406418177928,None
1730815126.111691,656.0598206016552,628.4547738289743,None
1730815126.211692,665.0308807805322,626.1868454730902,None
1730815126.311691,682.4592196097034,667.0282905564485,None
1730815126.411686,761.1096500298329,706.6977275767091,None
1730815126.511691,760.6748958717835,698.5203325115464,None
1730815126.611689,763.447141045275,689.9893924273342,None
1730815126.711684,690.9971456429035,680.8701978041299,None
1730815126.811685,686.6253844367955,684.8981082631338,None
1730815126.911682,707.2945735771931,698.6039490340282,None
1730815127.011684,696.6287061590859,681.2822759660297,None
1730815127.111687,688.4000168517297,698.8075299755559,None
1730815127.211684,693.2513580369505,691.6088353240236,None
1730815127.311684,694.116968782012,691.0153023439203,None
1730815127.411687,707.5126783715401,694.3517055879786,None
1730815127.511683,711.3872723601314,698.1946452148075,None
1730815127.611681,722.8655913619092,723.2941162233184,None
1730815127.711691,730.8298550294966,712.0808033679838,None
1730815127.811683,601.3241926127214,667.4138375321919,None
1730815127.911685,597.3314432974303,675.3046032213421,None
1730815128.011685,504.0462581610815,688.3847785696174,None
1730815128.111682,533.6977297874939,691.0584384359283,None
1730815128.211727,542.870922566959,668.8238453310101,None
1730815128.31169,547.0554651052512,674.1677076543905,None
1730815128.41169,663.5435508698588,648.8678265659318,None
1730815128.511683,694.9229456148166,672.0750934885564,None
1730815128.611694,703.8073752423334,684.8915428701532,None
1730815128.711684,723.1554444627833,679.9371565361375,None
1730815128.811688,691.5604532307067,680.2313220119271,None
1730815128.911683,694.9835522921887,678.2132265299576,None
1730815129.011689,676.1281448496297,684.4567210556353,None
1730815129.11169,693.8940114647431,684.5692300483939,None
1730815129.211691,668.27634069208,667.5704870856996,None
1730815129.311691,697.1075089401085,680.1478810725143,None
1730815129.411686,672.9512173160236,666.2802969383858,None
1730815129.511687,684.7639287888408,668.558308125931,None
1730815129.611687,699.3430947044072,677.1073145303358,None
1730815129.711689,711.9239403962569,680.461068457674,None
1730815129.811693,695.9903947317321,671.8632581250574,None
1730815129.91169,731.138022207773,675.6487968983838,None
1730815130.011686,664.7264913998182,657.1779434948561,None
1730815130.111691,635.2705750866079,662.6512422206449,None
1730815130.211683,635.6180139006011,651.3346401473599,None
1730815130.311682,662.7978256645457,654.9378919496722,None
1730815130.411683,663.9825044745475,652.5021004338048,None
1730815130.511684,666.3912565263425,664.8170188625387,None
1730815130.611682,678.5206457195098,665.8366622521878,None
1730815130.711684,688.0766154428464,676.14702311455,None
1730815130.81168,694.396193225811,700.6231408950696,None
1730815130.911681,726.158449325491,702.7111039598727,None
1730815131.011689,678.6863476750682,699.3031325563419,None
1730815131.111687,615.2857462409567,683.0457614004531,None
1730815131.211684,642.5118398885708,680.1421823716341,None
1730815131.311685,585.6788507382621,551.0598509694338,None
1730815131.411686,595.5953085668998,577.7266240931068,None
1730815131.511688,608.2175039190544,615.9599578845671,None
1730815131.611689,635.2162242740351,629.2496352973224,None
1730815131.71168,640.2773227747424,645.935513786909,None
1730815131.811689,640.0261337060753,639.2276819630451,None
1730815131.911684,658.4813155930499,684.1259646554344,None
1730815132.011689,653.1287060644867,778.601106094562,None
1730815132.11169,638.9970335606334,777.8777707944137,None
1730815132.211688,655.1447077426029,759.1470536672018,None
1730815132.311684,651.7749172096874,751.3741889735973,None
1730815132.411689,641.0246351935733,741.0345941566169,None
1730815132.511684,668.0478427817458,617.991633489988,None
1730815132.61168,718.9732234317518,628.1298615775318,None
1730815132.711681,711.2638638276086,644.9814749473879,None
1730815132.811681,705.371148014634,656.7501624819915,None
1730815132.911682,735.8782869405494,661.6421318166601,None
1730815133.011692,615.9575292251739,655.6461183110921,None
1730815133.111682,613.7725012192701,671.6835124857297,None
1730815133.211683,617.1652249995093,685.3348596166404,None
1730815133.311686,627.338650781988,686.556131481699,None
1730815133.411683,821.8409026733483,531.8043228840689,None
1730815133.511691,1050.0173843646492,582.7922682359804,None
1730815133.61169,1009.9166719572838,620.7810571667247,None
1730815133.71168,1041.9816162401808,604.298384607043,None
1730815133.811685,1055.703061895651,608.2427701981057,None
1730815133.911688,980.4567877855676,609.7231830501889,None
1730815134.011688,663.7715205664363,732.8498525240431,None
1730815134.11169,619.005415187278,697.897634057937,None
1730815134.211691,674.0852785005656,681.0140980466591,None
1730815134.311688,719.0648083264431,655.1927588754002,None
1730815134.411682,659.9552854716661,664.3084308883952,None
1730815134.511681,682.6174185461464,669.2520919161827,None
1730815134.611681,672.1826260341489,662.575344065051,None
1730815134.711687,676.5041556309236,656.0995987311728,None
1730815134.811688,685.0847946097828,655.3605185585652,None
1730815134.911679,700.323674144811,658.871719207031,None
1730815135.011683,704.581177794764,665.0460280732883,None
1730815135.111684,739.9294430825137,678.1030128447599,None
1730815135.211685,731.6655320582119,666.0746242515237,None
1730815135.311682,622.8966034126944,520.2685347646668,None
1730815135.411687,643.9573380932114,537.6704549405272,None
1730815135.51169,633.4316561627684,548.2513830763035,None
1730815135.611684,614.3573729442263,556.6517515063388,None
1730815135.711687,646.7597727120476,580.6946065510713,None
1730815135.811678,636.3542288022261,575.2479068056126,None
1730815135.911685,639.8053498514455,562.5318775384618,None
1730815136.011689,663.6554157196326,568.5819166763675,None
1730815136.111687,685.4560781082486,592.0665989543702,None
1730815136.211689,656.8559721496777,566.0778236644505,None
1730815136.311683,619.5065586332465,733.6141262480378,None
1730815136.411687,600.926657536545,712.8300886497838,None
1730815136.511685,599.6944016344786,698.0944662548927,None
1730815136.611684,748.0827485420617,688.7724268545211,None
1730815136.711682,1056.9132138225236,668.0581838181666,None
1730815136.811691,1018.7286906052389,671.9126813174448,None
1730815136.911685,1038.5109098984203,688.0823911001758,None
1730815137.011691,1043.6632344677553,682.9269457571625,None
1730815137.11169,1057.6054469382343,682.3959454836088,None
1730815137.211686,1058.4708497051931,686.0468995013458,None
1730815137.311691,1060.5151132259075,693.6524833582943,None
1730815137.411688,705.8089940798775,662.37957887861,None
1730815137.511688,616.8092300540377,681.5625987155835,None
1730815137.611683,642.6253961373452,679.0720987657875,None
1730815137.711684,617.6628151351845,654.4998307044972,None
1730815137.81169,634.4445682615074,655.2592763718865,None
1730815137.911683,666.4165694691743,656.7407024907519,None
1730815138.01169,670.9941137158694,661.1670971592989,None
1730815138.111679,682.2269504605105,668.8910209236118,None
1730815138.211708,674.7112109141902,680.2831985269225,None
1730815138.311688,674.2701164292029,671.7883670342852,None
1730815138.411691,663.6242993046245,664.6920208084515,None
1730815138.51168,671.5096475101548,671.4796523971278,None
1730815138.611683,686.1619634612729,690.0975773965118,None
1730815138.711682,671.9614135360791,680.2993245014563,None
1730815138.81169,682.0618931749708,681.6300787311055,None
1730815138.911685,691.306225968188,679.1347417038758,None
1730815139.011683,699.6503179971475,683.7645616634717,None
1730815139.111687,699.050818031094,674.1074243323836,None
1730815139.21169,715.2893212485594,669.9283028283312,None
1730815139.311687,740.70822355477,673.9984781993163,None
1730815139.411682,726.0614709152403,672.3124041017504,None
1730815139.511682,585.6734609171933,666.7281258698921,None
1730815139.611683,606.1367750407387,675.2748453038411,None
1730815139.711684,549.371891099393,667.5724428093782,None
1730815139.811687,583.6814847161672,678.337499568407,None
1730815139.911689,627.119153010559,668.2213543388516,None
1730815140.011685,606.5540693001296,671.5295906450966,None
1730815140.111683,614.3204667360051,685.8778619374806,None
1730815140.211688,750.1538632096647,703.5376942106777,None
1730815140.311687,736.3248764771432,698.4638533318519,None
1730815140.411714,737.9512822995727,698.9357837694015,None
1730815140.511682,763.0066568345928,690.0761244127763,None
1730815140.61168,595.1179313583837,635.6180243516649,None
1730815140.711688,594.0229244035868,643.7607849165976,None
1730815140.811689,605.752023239817,654.6108667636483,None
1730815140.91169,610.6237242726831,660.7953994246618,None
1730815141.011687,606.9275229207758,661.2997580524371,None
1730815141.111683,609.6051271598084,665.3380219937064,None
1730815141.211682,617.7926702389071,631.1597918065842,None
1730815141.311683,746.834289516351,534.4325421542508,None
1730815141.411683,665.1943903857618,494.4599075237173,None
1730815141.511684,664.6653161904597,508.9601932900407,None
1730815141.611688,766.8226430918198,579.5289138784437,None
1730815141.711688,642.2204393689607,532.5185296480934,None
1730815141.811687,641.8657946914644,755.4213522503601,None
1730815141.911688,613.3565036498915,717.7077749761665,None
1730815142.011681,611.1747623131391,700.9785613749605,None
1730815142.111685,591.9450512908863,715.9614985108954,None
1730815142.211692,593.7024913729101,717.4920960246014,None
1730815142.311686,599.3953182146698,718.8168626835544,None
1730815142.411686,606.7044237721542,716.0894854146542,None
1730815142.511686,600.430708771567,709.6358735717911,None
1730815142.61169,599.7739434195119,708.6239655682616,None
1730815142.711692,615.7124151242754,703.0842618118403,None
1730815142.811688,615.3309442787789,697.1173686092795,None
1730815142.911689,618.4396612336799,692.4295877909383,None
1730815143.011681,602.9880338134411,696.9806127800831,None
1730815143.111686,637.4873620128478,712.3261324128352,None
1730815143.211681,667.011544237632,448.8178956337043,None
1730815143.311682,646.0347150204536,278.24984849663605,None
1730815143.411682,688.5460291362216,422.919475969678,None
1730815143.511686,808.6303885344865,190.6427456146952,None
1730815143.611689,859.1887861781256,251.5373270542749,None
1730815143.711681,858.0273070690946,212.91810726339787,None
1730815143.811689,845.2663383592119,146.62705022783632,None
1730815143.91169,795.7100729588109,360.935563823816,None
1730815144.011687,709.7702247326123,645.346012147305,None
1730815144.111688,605.5640583802347,891.5624371760914,None
1730815144.211682,616.033686855159,831.0420555981613,None
1730815144.311683,615.1664314518673,712.6355716412876,None
1730815144.411691,611.3558392765684,677.4903285267899,None
1730815144.511688,618.8205919405083,659.416363331107,None
1730815144.611686,642.9079078174865,643.5070964227101,None
1730815144.71169,581.8680749721507,759.5300104979502,None
1730815144.811691,589.676719930144,733.0953596801535,None
1730815144.911681,567.4004157142417,744.7215909250856,None
1730815145.011692,581.6109323585331,736.1871779766096,None
1730815145.111686,586.0262629573871,739.9034816034828,None
1730815145.211691,624.8659479459315,691.3377922984166,None
1730815145.311685,728.2508249207,614.8370466199062,None
1730815145.411685,704.3078306627726,654.9980531905778,None
1730815145.5117,696.80891111074,672.1340225973024,None
1730815145.611686,733.1533130307569,695.1398333134724,None
1730815145.711683,715.0448890507472,685.1615163092648,None
1730815145.811689,748.3488566829783,685.9555249391083,None
1730815145.911684,769.0349846019568,689.4494942984645,None
1730815146.011688,664.3683707192963,686.6247549311572,None
1730815146.111681,675.5699196067142,691.0693027184426,None
1730815146.211683,637.5154123511434,684.832415333604,None
1730815146.311687,580.8612230557891,795.1946096443708,None
1730815146.411687,625.1045107174203,775.1015965469211,None
1730815146.511683,609.9441768768781,774.7013539073683,None
1730815146.61169,630.2247991687714,777.0479352516037,None
1730815146.711691,597.0882451493467,783.4610625911149,None
1730815146.811679,616.285263610142,813.8026486590466,None
1730815146.911685,630.4371796326868,551.1582440682084,None
1730815147.011691,650.377201257085,645.5108800942685,None
1730815147.111685,603.3417719380905,641.9293960938232,None
1730815147.211684,597.6040720045928,640.7412779033765,None
1730815147.311683,580.0945662774718,631.6292675873087,None
1730815147.411685,596.0122387346364,644.462651231247,None
1730815147.511688,600.2180940295655,651.6163976512215,None
1730815147.611689,617.2759140785668,656.8511904452066,None
1730815147.711689,621.3603549981278,654.8200216844975,None
1730815147.811691,620.2190205949464,651.0501172952404,None
1730815147.91169,611.0623628889149,745.689704674413,None
1730815148.011686,623.4582521921747,735.1753597589528,None
1730815148.111688,615.4609700505475,722.5744253847133,None
1730815148.211716,619.6107147235554,751.1581007058574,None
1730815148.311688,619.2710990388613,749.9413447860336,None
1730815148.411694,616.4137732508932,749.6484624545941,None
1730815148.511688,614.3689399613779,725.8462812754517,None
1730815148.611685,621.1360936612148,722.4325562880708,None
1730815148.711685,613.3250889767342,712.1682180657876,None
1730815148.811688,616.1632339749858,713.1341115122078,None
1730815148.911684,594.549840468334,697.696213280834,None
1730815149.011689,588.2134510868444,710.8273104138796,None
1730815149.111686,609.5340190103034,553.3639887023679,None
1730815149.211688,594.0909710513457,557.1788875612726,None
1730815149.311689,583.7112352357719,564.8385926105457,None
1730815149.411678,601.3762346980635,570.1157243163894,None
1730815149.511679,596.0094013978978,571.9556822443275,None
1730815149.611688,589.7587076462046,566.7972625278044,None
1730815149.711689,600.7465680921108,578.4987539684623,None
1730815149.811686,607.0957163077625,566.1932770964338,None
1730815149.911686,604.5636122790538,550.2778581231867,None
1730815150.011687,605.4283880724083,572.8512271517799,None
1730815150.111688,598.4904125301108,562.6415194603908,None
1730815150.211685,601.7452339590997,553.9624207453286,None
1730815150.311685,603.4586400870471,545.9679031670289,None
1730815150.411685,604.706409358176,540.8946875569507,None
1730815150.511688,633.4073054818639,720.1740766622265,None
1730815150.611687,588.355094358843,688.4822279938297,None
1730815150.711706,583.9194935791163,684.2451958974378,None
1730815150.81169,564.1422522228705,684.4212999752953,None
1730815150.911689,561.8152544657551,685.0072327952843,None
1730815151.011689,556.0455361691857,683.5621732594608,None
1730815151.11169,597.7307531351539,671.6538013212573,None
1730815151.211691,689.6537078832189,672.0627035382176,None
1730815151.311684,694.4181925018643,673.709567356167,None
1730815151.411684,702.6591937273083,668.7021998733782,None
1730815151.511686,713.8981384068169,669.5536369818548,None
1730815151.611687,571.1181488601874,619.0527566555581,None
1730815151.711689,575.7312365694044,638.176120083142,None
1730815151.811689,586.1502485694308,640.9263294732613,None
1730815151.911683,569.0405045652653,664.5759918276545,None
1730815152.011683,585.9209203839614,675.2470394576497,None
1730815152.111684,588.9612187927066,710.2244107892437,None
1730815152.211706,597.5728358060243,719.7772200340327,None
1730815152.311681,609.7883893665356,610.5384608402437,None
1730815152.41168,607.6910002441319,638.7009222818277,None
1730815152.511688,587.408222312766,648.0264454964102,None
1730815152.611686,601.4509659288071,639.912296798504,None
1730815152.71169,591.0709457589232,615.9907665653736,None
1730815152.81169,609.2053869936235,605.8206366946506,None
1730815152.911683,622.626131891763,606.0711323229134,None
1730815153.011684,626.6427807916408,590.2529357345124,None
1730815153.111692,628.7556548128018,586.045666713484,None
1730815153.211685,640.7565339070022,573.3112865918537,None
1730815153.311693,658.7683060356353,696.0902686518451,None
1730815153.411688,665.6648248512629,684.2610139981706,None
1730815153.51169,675.9489115031366,672.238778546923,None
1730815153.611688,619.2656727707836,534.9564750246877,None
1730815153.711691,677.9451102836689,568.5855194738735,None
1730815153.811687,636.0847715997571,571.910198822894,None
1730815153.911686,633.2082725462635,575.8843987918306,None
1730815154.011689,629.8326278476344,591.7916004775988,None
1730815154.111689,628.2244482092915,605.1280457025315,None
1730815154.21169,622.9143679677661,616.8237973498412,None
1730815154.311691,686.4218772997515,691.0272414810121,None
1730815154.411691,676.1042837720689,676.5180217676583,None
1730815154.511692,680.6641708784016,680.744897444518,None
1730815154.611691,693.6947782215964,672.5218636273728,None
1730815154.711692,686.7656107936551,678.086944635482,None
1730815154.811688,661.6793080152885,678.225361140292,None
1730815154.911686,658.446874014583,684.3818179532473,None
1730815155.011687,668.1907093238028,689.3039439207137,None
1730815155.111684,612.5626363817001,699.9933601850736,None
1730815155.211684,617.5538295790594,702.4968801572769,None
1730815155.311692,622.9560720502374,710.7774912336902,None
1730815155.411688,768.634968564474,709.46946395633,None
1730815155.511686,769.7986916429442,711.8261842617369,None
1730815155.61169,777.3174627518883,711.2063356084383,None
1730815155.71169,670.5722203848442,719.4555667454295,None
1730815155.811691,682.9931510815449,720.5258699467705,None
1730815155.911687,710.568650608397,722.2399509342234,None
1730815156.011688,716.318226124218,717.1402351471265,None
1730815156.111679,660.9374621601819,720.5874224994237,None
1730815156.21168,659.9552327383285,719.2361970891534,None
1730815156.31168,712.3860823390723,702.0011805073088,None
1730815156.411692,687.4634312933024,690.2041823699019,None
1730815156.511693,650.9179700116348,489.90054751005226,None
1730815156.61169,688.6150412178825,499.38751765261054,None
1730815156.711683,786.9417444545195,692.6978954757446,None
1730815156.811682,790.038668350062,708.2404542503594,None
1730815156.911685,679.805533100594,608.1124198915892,None
1730815157.011683,795.9378115084929,808.219560857356,None
1730815157.111695,793.0006407049069,766.7323317838565,None
1730815157.211689,740.9286942308229,670.3497805653725,None
1730815157.31168,731.5904607651692,660.3753760508728,None
1730815157.411687,738.1397787682873,631.9094261048514,None
1730815157.511687,770.7171141411771,606.3170812758967,None
1730815157.611688,804.3098258427106,601.6284484372944,None
1730815157.711689,830.822334378202,585.1221634544615,None
1730815157.811689,859.4082200075575,572.6761541267668,None
1730815157.911683,558.0493330975935,354.5607862567655,None
1730815158.011684,587.2669029475665,442.2609499886808,None
1730815158.111685,598.7974621903213,455.1413063709962,None
1730815158.211685,801.4931252593517,853.2310769412553,None
1730815158.311683,851.5915715823958,873.1953094809278,None
1730815158.411685,849.8839869675237,773.6826876502273,None
1730815158.511681,708.0444889750657,809.7158781989549,None
1730815158.611683,716.8546573664738,747.3267695815133,None
1730815158.711687,631.2331114820084,968.290068860121,None
1730815158.811718,618.8623523873082,959.3331721620948,None
1730815158.911685,605.0808826510258,944.148658729076,None
1730815159.011683,581.3635424858179,712.3528662665565,None
1730815159.11169,659.7288779806189,344.80842903897855,None
1730815159.211682,786.5955423072844,315.67827565292544,None
1730815159.311686,790.038664199176,364.623429101328,None
1730815159.411692,901.0039741582964,713.3619791778708,None
1730815159.511687,1007.7337795010832,689.6771538111188,None
1730815159.611689,1028.2969126450494,638.7562402744669,None
1730815159.711688,1033.435295531334,625.420992994386,None
1730815159.811682,1049.8186802942112,619.9723498465858,None
1730815159.911688,1055.3715682948616,599.4213658414516,None
1730815160.011686,748.4425381447985,776.5174947584248,None
1730815160.111688,637.6849914030959,812.9515901093836,None
1730815160.211687,656.6664994936303,747.8455715822374,None
1730815160.311688,615.0487615675156,738.2673601764627,None
1730815160.411689,645.6302380673616,731.461718319009,None
1730815160.511687,695.0265769970846,738.0438650603303,None
1730815160.611684,573.865593841865,721.8838081632118,None
1730815160.711686,565.3605923963285,724.6638228489485,None
1730815160.811691,576.4563366410237,716.6266942856827,None
1730815160.911686,568.6210952804463,702.1574387208061,None
1730815161.011688,566.9589898175248,694.0540722670327,None
1730815161.11169,553.2246621122335,686.4125375786454,None
1730815161.211689,651.8914685238459,631.8478087354378,None
1730815161.311688,645.3998234498165,650.58793277104,None
1730815161.411689,646.2791181387782,645.8358691182729,None
1730815161.51169,652.7003038535395,649.4478526967964,None
1730815161.611687,661.2512211428491,666.4756454371031,None
1730815161.711687,643.4905228471051,672.0364129947152,None
1730815161.811687,657.0363507778649,683.3436638381809,None
1730815161.911683,642.3012432197181,687.1863658838924,None
1730815162.011684,643.742443099982,676.2781142787385,None
1730815162.111687,791.9579252248975,738.8471640581377,None
1730815162.211683,740.0788490453879,701.1246205964561,None
1730815162.311684,708.3047948586952,636.3274727873644,None
1730815162.411685,728.1560835162888,650.2696762123524,None
1730815162.511686,741.2330652461187,685.328111107132,None
1730815162.611686,687.2604270665759,642.666915022662,None
1730815162.711687,694.3658858271995,659.162731461453,None
1730815162.811689,711.8961615898145,664.8390578066897,None
1730815162.911685,722.5999277141782,671.6464338794488,None
1730815163.011686,741.0185340643384,666.7667093108537,None
1730815163.111686,768.1250393008415,672.5544407011016,None
1730815163.211686,686.1700418100601,676.9486881994019,None
1730815163.311691,731.713008963386,670.985268065206,None
1730815163.411684,716.0277491425004,661.1694532935825,None
1730815163.511683,741.8170223041733,659.6691084316681,None
1730815163.611684,715.8947741161597,671.3401388362136,None
1730815163.711684,749.4644611191065,659.7626182006064,None
1730815163.811685,668.1162633841142,683.0388415529196,None
1730815163.911685,548.0478873246615,664.8040256285981,None
1730815164.011691,567.1595561911475,662.6569421216269,None
1730815164.111681,576.4810377476676,578.7578399052052,None
1730815164.211686,588.5266421115674,506.6590586779757,None
1730815164.311685,609.9661972446562,563.4138369540727,None
1730815164.411687,629.5591421450772,580.4918323148252,None
1730815164.511687,655.9824538842281,611.6457237073845,None
1730815164.61169,662.4053562530903,614.8106904076953,None
1730815164.711685,646.3131492867301,633.1878024300755,None
1730815164.811691,655.1696054724107,635.8750899854983,None
1730815164.911688,626.6382672318523,617.1660185571218,None
1730815165.011688,667.402795566667,667.4098465542527,None
1730815165.111688,694.6108217975518,672.9130237763245,None
1730815165.211687,676.3531885707328,678.4943041483137,None
1730815165.311691,686.6837937580856,682.4466881801202,None
1730815165.411682,690.8900545657359,689.9617553668239,None
1730815165.51169,702.4483575114381,682.1131125185742,None
1730815165.611685,569.0396462451728,666.7366235809518,None
1730815165.711687,576.4852420355135,673.6827582586631,None
1730815165.811691,487.01731096591016,663.0705270413218,None
1730815165.911685,508.0481454641235,676.5120050243372,None
1730815166.011689,501.2261738636167,715.5492776121729,None
1730815166.111692,520.3534987525837,709.9862710903018,None
1730815166.211693,549.1729605683192,701.487844649485,None
1730815166.311712,549.6090102518174,698.4635294588993,None
1730815166.411694,540.1455682383789,700.2226695243395,None
1730815166.511692,626.4892868873407,615.7934200711037,None
1730815166.611729,850.3208758960852,502.3334650489178,None
1730815166.71169,799.8034273966513,636.2874892456583,None
1730815166.811683,811.4761753720461,653.0001327898449,None
1730815166.911682,869.7852643907675,631.324849206243,None
1730815167.011684,843.9840044910512,642.0341710357441,None
1730815167.111689,796.2607201492101,643.2031097691353,None
1730815167.211689,580.3786173326998,697.9569046536153,None
1730815167.311685,633.6674119271092,685.6789873045952,None
1730815167.411685,629.4491282097583,658.3315009254441,None
1730815167.511692,553.9175378114589,796.2448392695387,None
1730815167.611692,584.5848025636517,751.2728608005913,None
1730815167.711687,587.100045006561,747.6266267736978,None
1730815167.811688,589.8153913735596,756.3465391175002,None
1730815167.911685,583.9766689374931,793.1151591434269,None
1730815168.011683,714.6598452260989,698.4522747201395,None
1730815168.11169,730.6019639823062,625.8076565399047,None
1730815168.211683,730.1430020551612,642.6931059599123,None
1730815168.311691,715.2113548392365,673.8095811518476,None
1730815168.41168,744.0079353203336,677.0232484890502,None
1730815168.51168,770.8307537419747,679.5598187091286,None
1730815168.611688,656.1480923073789,688.5792785074102,None
1730815168.711691,646.226870468948,669.8480382978408,None
1730815168.81169,612.4739460622473,666.0190284211548,None
1730815168.91169,625.4477391238468,664.1162457086621,None
1730815169.011685,626.3988369062085,667.8363890877738,None
1730815169.111694,676.782665444889,680.7317326789207,None
1730815169.211691,680.9983306969848,680.857100627465,None
1730815169.311686,686.4254872562378,676.4334591869954,None
1730815169.411689,674.6676024383127,676.5172750904604,None
1730815169.511687,674.626300071028,673.4067347440229,None
1730815169.611686,681.4863279294647,681.2589424168691,None
1730815169.711684,699.6721956217672,693.6889074440759,None
1730815169.811692,628.142097036271,699.9031995418995,None
1730815169.911693,670.4318152261643,683.4237101781741,None
1730815170.011684,659.1989647869026,672.7446738508638,None
1730815170.111691,554.3907155550205,794.320625270834,None
1730815170.211692,571.0459689744617,790.0082993654166,None
1730815170.311685,569.2175476577164,778.6078725603588,None
1730815170.41169,589.8866274961013,780.598402721429,None
1730815170.511686,579.3866375218281,773.8580159501147,None
1730815170.611682,597.2929952715527,786.474803492958,None
1730815170.711708,677.168225121889,703.3858083708409,None
1730815170.811681,733.8479903830813,738.518275766459,None
1730815170.911688,741.3589538604716,792.6214963811098,None
1730815171.011688,584.9036415650097,746.7309377577153,None
1730815171.111689,614.0116502110269,739.7229547351249,None
1730815171.211689,594.4672422949518,749.0924452955335,None
1730815171.31169,594.9938558555715,745.2877582264738,None
1730815171.411727,601.3905888676239,751.4643871246748,None
1730815171.511691,729.7860399937356,643.2474857101056,None
1730815171.611684,723.1761491220141,632.5881892440079,None
1730815171.711688,646.4065877779165,673.0717657924575,None
1730815171.811687,617.3436850884725,677.9861689302691,None
1730815171.911686,726.4998473850281,609.6187053767367,None
1730815172.011688,807.1441391175985,603.363351233759,None
1730815172.111685,795.4120904305025,622.5724741834764,None
1730815172.21169,820.6061469776515,636.7162995505578,None
1730815172.311683,833.1181315764401,617.8186798269444,None
1730815172.41169,775.8976005026384,651.0728037678866,None
1730815172.511689,632.8972597610177,688.3124030695885,None
1730815172.61169,578.5771097332181,715.8205327957234,None
1730815172.711684,603.7512162291063,705.7009215429363,None
1730815172.811684,640.4891728767956,677.405881294143,None
1730815172.911685,722.7984377450424,600.9741668166247,None
1730815173.011687,745.1669706839356,621.6409567780094,None
1730815173.111689,722.8033668490531,631.2986706983909,None
1730815173.211684,581.737477072774,757.1482727114773,None
1730815173.311691,577.1098188930844,738.6145139882939,None
1730815173.411686,587.878702967762,767.3468654548401,None
1730815173.511687,597.8774269312122,722.9494769821823,None
1730815173.611681,707.0029240309154,636.8051854522517,None
1730815173.711682,712.4972783320654,668.1598979223692,None
1730815173.811687,721.169575366121,683.7656899583803,None
1730815173.911689,708.6567981246747,674.9878460466277,None
1730815174.01168,608.1989922876913,671.9906210721224,None
1730815174.111687,629.1032751647471,673.7370705937317,None
1730815174.211681,613.1416699002291,650.3190001859839,None
1730815174.311689,632.2523536811593,652.7004085191578,None
1730815174.411685,614.9074590445653,677.6489269548161,None
1730815174.511685,648.2517722158398,690.5030867549873,None
1730815174.611684,657.3861026388955,688.5625869848237,None
1730815174.711685,678.4770457713062,680.679961696173,None
1730815174.811683,675.0467982393023,685.5917286872594,None
1730815174.911684,702.535333080019,694.5230128863918,None
1730815175.011687,650.484181805324,664.6168511868991,None
1730815175.111687,669.1447517012224,671.5531511119733,None
1730815175.211684,635.2474603860835,667.7555299174626,None
1730815175.311685,663.2511489663777,673.5612143387301,None
1730815175.411686,646.0713937936014,651.9076648988918,None
1730815175.511687,640.1861282621519,649.2503089423083,None
1730815175.611687,658.8289242817409,650.3494625322428,None
1730815175.711688,679.3141329898568,656.9929754007436,None
1730815175.811684,688.6161020664546,673.7329731042888,None
1730815175.911688,693.5681541622274,682.0743535379193,None
1730815176.011688,710.0223918190325,669.3066195108034,None
1730815176.111684,730.3374528842419,665.8736350968564,None
1730815176.211685,763.2300105329243,672.617671386513,None
1730815176.31169,801.0064491452181,677.793722698778,None
1730815176.41169,837.4627841296988,680.9615862393239,None
1730815176.511695,640.1557611356669,665.2897996839595,None
1730815176.611681,637.2262783542146,670.1137064654876,None
1730815176.711688,666.9178129945756,677.1172266143882,None
1730815176.811688,691.9815457209581,686.6872679326573,None
1730815176.911685,714.1119546473021,681.3547801235445,None
1730815177.011689,718.9266870232499,676.8286697902154,None
1730815177.111689,663.1207278013426,660.5632654404196,None
1730815177.211706,645.3700820258638,675.2566467925931,None
1730815177.311686,622.9880218471263,676.2047428162955,None
1730815177.411693,614.2278190280803,676.3725560193379,None
1730815177.511689,712.6429241222172,681.3280798074576,None
1730815177.611686,719.9534350559901,668.7692381722771,None
1730815177.711687,677.2636141507452,666.5776820714501,None
1730815177.811683,657.4886754345299,661.942597150819,None
1730815177.911683,668.0436080218436,662.0434216671578,None
1730815178.011683,607.0542427140394,667.5942079626993,None
1730815178.111682,617.5716215822403,675.0708483442772,None
1730815178.211684,621.0850967289057,669.7733911774919,None
1730815178.311692,698.5087982390244,674.8782948399066,None
1730815178.411681,689.465410949858,668.5903088524027,None
1730815178.511685,706.1803972131951,667.5324063449747,None
1730815178.611687,700.135659674596,649.2739043804271,None
1730815178.711688,649.5104965619204,636.9959026395659,None
1730815178.811689,646.1782267978621,639.4012760649935,None
1730815178.91169,656.9298944718838,639.8196490362848,None
1730815179.011687,656.7021555938475,645.3516080184057,None
1730815179.111688,693.6715893422615,670.8647198754409,None
1730815179.211688,676.25666673207,673.9239386846289,None
1730815179.311693,693.4386959096049,674.8547704181796,None
1730815179.411693,692.1567377060828,677.630529537884,None
1730815179.511694,701.1966423148008,685.588466739883,None
1730815179.611683,626.3655486518644,784.8107439928492,None
1730815179.711684,631.4650545365674,772.6367947955042,None
1730815179.811686,752.752961022187,649.3193445138074,None
1730815179.911683,720.1670246262229,518.2450117589736,None
1730815180.011688,727.2012146492717,547.1899972992779,None
1730815180.111688,707.2343597432179,740.3588411267083,None
1730815180.211685,763.3678228850089,736.573020774775,None
1730815180.311708,779.2697135405006,699.2805444922301,None
1730815180.411689,736.7725899966143,687.2896754385764,None
1730815180.511684,710.8687037466107,680.5965140814736,None
1730815180.611687,686.8918919079777,661.276507412537,None
1730815180.711687,703.9814431371823,669.9729883725988,None
1730815180.811688,706.7093860336907,665.4408166288684,None
1730815180.911685,716.0498838395964,668.0732177421098,None
1730815181.011688,722.7855804251593,672.1554591887823,None
1730815181.111693,731.0405713495854,682.3828821315914,None
1730815181.211694,729.4533433439813,688.4483829949324,None
1730815181.311695,762.6617182561297,687.241870145966,None
1730815181.411688,680.500576256499,676.8854379021387,None
1730815181.511684,682.6946041591953,678.0300292572995,None
1730815181.611683,685.7510408365259,688.257600840507,None
1730815181.711689,675.2397584002747,669.3795734306824,None
1730815181.811683,686.2286297910262,670.3572993442109,None
1730815181.911683,712.268615414945,670.5741719069349,None
1730815182.011685,739.1390920517218,669.5122837282887,None
1730815182.111682,743.574294277089,641.2912722965407,None
1730815182.211685,690.8638053808811,646.8550142413083,None
1730815182.311686,704.8334614280085,660.3695279067147,None
1730815182.41169,735.1392706949381,666.787845709743,None
1730815182.511691,725.2857913964344,788.7740277785872,None
1730815182.611687,634.0124545862907,800.9707011523485,None
1730815182.711682,637.056261529725,783.6056267903184,None
1730815182.811684,620.4210858849456,774.3796564250681,None
1730815182.911688,739.5901691482924,622.1316833516818,None
1730815183.011689,704.1581000591378,642.5929331309962,None
1730815183.111683,739.2238955182981,652.9669493883591,None
1730815183.211683,729.1338520216863,652.3479113749717,None
1730815183.311684,721.8465630830234,653.0691698450664,None
1730815183.411689,665.1634155089007,665.4815022243916,None
1730815183.51169,739.9050822873155,736.371787461789,None
1730815183.611691,623.7093094427989,682.267685779116,None
1730815183.711683,607.1469286800353,700.8127819668957,None
1730815183.811683,581.1917412533656,698.4363272410586,None
1730815183.911689,568.0486013961116,704.7449675921237,None
1730815184.011685,567.7826213524037,703.8821753661771,None
1730815184.111686,684.0299016886355,667.7701164644317,None
1730815184.211686,685.7056221970182,693.9167502147063,None
1730815184.311687,693.0039042780296,695.1495683985233,None
1730815184.411694,699.2902466065904,690.8521891488433,None
1730815184.511681,674.3135690566318,686.9388020554327,None
1730815184.611688,686.5064527704345,679.536451278076,None
1730815184.711682,698.1937684839452,672.2905178089335,None
1730815184.811684,699.3331610010803,679.5445006276168,None
1730815184.911686,749.2284018171133,736.4457950249241,None
1730815185.011683,697.0588256344189,675.4753140624962,None
1730815185.111693,694.3431718455155,676.1952495937661,None
1730815185.211685,694.240331651914,682.9709431875035,None
1730815185.311688,720.8874344535868,681.6260848834828,None
1730815185.411684,602.4410032054941,669.1844320545679,None
1730815185.511685,594.1067534142385,679.631964005747,None
1730815185.611685,594.3274450843545,682.2860817588657,None
1730815185.711686,592.4747262429802,678.2281837451,None
1730815185.811683,556.610018018491,701.2876981105896,None
1730815185.911692,585.3179487374729,713.172704789005,None
1730815186.011687,595.5458136647362,719.8017769022433,None
1730815186.111685,668.1767751740516,694.1941030449036,None
1730815186.21169,664.8855490572602,705.4032033848661,None
1730815186.311694,669.3977380169217,703.4500907411673,None
1730815186.411682,667.9607303769687,701.2164040941758,None
1730815186.511683,666.9208615976868,707.9134203772119,None
1730815186.611687,675.5339770144652,717.1204412080134,None
1730815186.71169,652.702517485895,711.3246938460571,None
1730815186.811691,654.7090535868077,712.0833391772387,None
1730815186.911691,654.4881320873742,708.9016434198722,None
1730815187.011689,674.4923507187088,691.1373767157208,None
1730815187.111687,694.3101765022992,689.7895961458477,None
1730815187.211688,684.26140661544,681.4849675621574,None
1730815187.311691,700.1547318959257,678.6741924002097,None
1730815187.411682,710.9036294709354,680.534641660936,None
1730815187.511692,709.3695511346249,671.0077681585537,None
1730815187.611689,642.9947960362178,680.8902833600197,None
1730815187.711686,666.621671708505,687.1837016787641,None
1730815187.811688,674.4263969007135,679.9687265182879,None
1730815187.911683,676.4459935271454,678.8319085084383,None
1730815188.011683,694.3298766095228,682.5725154711416,None
1730815188.111684,585.3701653627734,709.6612206732286,None
1730815188.211684,596.0863335692388,707.8335849323095,None
1730815188.311681,617.2383328799817,697.9947036946496,None
1730815188.411691,624.6899248960024,704.9924811331601,None
1730815188.511689,614.947082744308,694.2504761844103,None
1730815188.611683,642.2198503962322,696.8364042456121,None
1730815188.711683,656.9310428784747,697.3816600647018,None
1730815188.811692,628.8237924606009,684.6871344798561,None
1730815188.911695,626.1049460590442,678.6444647468516,None
1730815189.011686,664.5801580412373,702.0147474290691,None
1730815189.111685,642.5763479106658,704.6533710223989,None
1730815189.211684,651.4637083585442,706.3213662545562,None
1730815189.311697,655.9404574530795,700.5669388238064,None
1730815189.411683,666.5614720374152,711.4019067091012,None
1730815189.511683,677.1531196454906,706.5696318517811,None
1730815189.611681,654.3447387972594,692.3140318579328,None
1730815189.711689,668.7462608692882,691.0176129715214,None
1730815189.811682,669.0318036872757,689.0074525365798,None
1730815189.911682,670.2621094509566,693.1045760829355,None
1730815190.011684,692.248704053144,700.1057477777114,None
1730815190.111681,700.9598211343315,698.7475077630211,None
1730815190.211681,716.5036115495755,694.9704948775507,None
1730815190.31169,697.7996110494373,682.3088326163555,None
1730815190.41169,723.6674988664815,678.0966399307747,None
1730815190.511691,727.002693777569,685.1148906865136,None
1730815190.611692,691.2686835737694,656.7724370936527,None
1730815190.711689,705.8262759190361,660.4714298584436,None
1730815190.811688,713.0096503449174,662.4156998496759,None
1730815190.911689,739.9503631318439,659.0655717365926,None
1730815191.011689,735.8621039796967,662.0316698277277,None
1730815191.11169,750.1043111135302,672.0928519123173,None
1730815191.211688,679.6075137078014,687.7850350741267,None
1730815191.311688,684.192136834477,680.1425329637689,None
1730815191.411685,613.1152281392077,690.5500881862853,None
1730815191.511686,617.9835855709882,691.0003499061386,None
1730815191.611686,605.4592095220348,729.4756076553541,None
1730815191.711683,606.7315736947437,718.9622003919085,None
1730815191.811687,608.988475105614,726.9996698690653,None
1730815191.911685,601.9844004866694,721.3542122559825,None
1730815192.011687,617.9470563521561,727.3950992754607,None
1730815192.111689,626.8282284886793,750.243544746838,None
1730815192.211689,625.1952653679361,727.8494755190917,None
1730815192.311686,619.2202431240602,728.7304587882834,None
1730815192.41169,624.1205216033466,697.7121778622643,None
1730815192.511689,632.1148830344966,701.5575650228325,None
1730815192.611689,634.5784707952419,701.5409891191487,None
1730815192.711685,637.6498182942512,699.7692398290699,None
1730815192.811685,637.8561400905119,685.8308442536331,None
1730815192.911688,646.8393281249137,682.9884483531115,None
1730815193.011692,649.7034312240006,681.8647174787601,None
1730815193.111689,646.3115405512347,681.0343387312836,None
1730815193.211684,655.6366753682571,682.8904781891621,None
1730815193.311685,663.3742558893716,691.8424217160389,None
1730815193.411688,678.8548386648226,687.1220977317146,None
1730815193.511692,682.6558632039685,691.1824275052503,None
1730815193.611685,703.9266649897222,692.9247492861452,None
1730815193.711694,699.5951614445022,683.378649957385,None
1730815193.811684,709.5777119562609,679.2235297863331,None
1730815193.91169,730.691863415276,659.2097426822309,None
1730815194.011686,744.1436915865992,657.1981551419549,None
1730815194.111687,770.6780851686453,662.5137427961799,None
1730815194.211684,830.5132969124747,663.5510012271926,None
1730815194.311688,717.3814960746608,685.9274907978371,None
1730815194.41169,746.753420565117,678.3228640204636,None
1730815194.511684,679.7021986923836,682.1939942769302,None
1730815194.611686,729.8418715956495,695.9617118163892,None
1730815194.711687,627.325350524919,646.1176658055927,None
1730815194.811687,639.1740268904837,639.9384387411069,None
1730815194.911688,537.0441253160521,741.0759802252595,None
1730815195.011689,558.812110483902,742.4384842485348,None
1730815195.111686,578.6655832814286,727.7990996560045,None
1730815195.211689,552.5298835369983,755.8700724165205,None
1730815195.31168,543.1202659293551,729.5396413149167,None
1730815195.411685,552.3104109485732,725.5730756349171,None
1730815195.511689,593.2310167871847,724.817568860821,None
1730815195.611691,598.6068612723988,519.2559001672203,None
1730815195.711686,586.1323831156027,550.1449034710665,None
1730815195.811691,600.6184958625515,562.218678566236,None
1730815195.911686,641.2688709560908,729.9129890942612,None
1730815196.011679,643.3345619710606,714.9248457358242,None
1730815196.111687,636.885021068267,733.9264527176663,None
1730815196.211687,637.9586089069594,730.983863168686,None
1730815196.311681,638.7436165060757,730.0632380419466,None
1730815196.411681,634.9280315863266,709.8151219972175,None
1730815196.511682,630.3290376104936,715.1267870747098,None
1730815196.611689,632.3042793831788,719.4728082791903,None
1730815196.711687,627.2091869697678,683.4871684485778,None
1730815196.811682,637.8536344166534,694.6310313551351,None
1730815196.911681,645.2981165332981,703.2921521261942,None
1730815197.011688,640.2420027955188,729.4426824173722,None
1730815197.111687,640.8386372820366,728.4610446744034,None
1730815197.211689,653.1429569887323,725.4418574618998,None
1730815197.311687,650.842972332773,719.861117027869,None
1730815197.411692,662.5206804531348,706.5003401104656,None
1730815197.511689,662.4344619045961,699.8646840613814,None
1730815197.611689,672.5888332300717,697.6337561747865,None
1730815197.711687,671.9215129699256,700.9914165588912,None
1730815197.811688,683.8817009227668,697.2035580793307,None
1730815197.911687,701.179449388348,684.9907904445821,None
1730815198.011689,697.6508743251479,675.9767080025913,None
1730815198.111691,704.2728106836469,685.4088920858646,None
1730815198.21169,710.6676843537023,686.3039330417939,None
1730815198.31169,717.2887463694622,677.7553822467806,None
1730815198.411687,742.9001318902926,680.857643514789,None
1730815198.511685,764.7796051505378,681.7009344330775,None
1730815198.611682,797.1081108408123,680.5013293687329,None
1730815198.71169,621.433420489974,720.3048173307704,None
1730815198.811687,622.0781606015365,738.4364786912965,None
1730815198.911687,567.1365299035862,700.3987751651903,None
1730815199.011684,572.6501401114027,684.7641527980617,None
1730815199.111685,617.3873544346865,704.0766577478742,None
1730815199.211685,607.5913720708062,679.4558832401843,None
1730815199.311685,603.8898706286875,684.44050652553,None
1730815199.411697,559.2263501915172,681.267254682941,None
1730815199.511684,576.5781216821384,682.9942378288307,None
1730815199.611684,552.5889860722638,680.5132519075166,None
1730815199.711685,558.8337736347678,675.3820537467057,None
1730815199.811685,647.7860305807947,673.2318168541799,None
1730815199.911687,658.236264505478,678.8928296577193,None
1730815200.011685,679.3893929603196,684.9093164609902,None
1730815200.111701,646.8135685275506,679.510388162824,None
1730815200.211686,682.9286768822755,667.1746338945945,None
1730815200.311687,604.3498572721845,647.5083197631676,None
1730815200.411685,608.353495640466,644.816516363623,None
1730815200.511689,651.8007693718372,658.3517163425709,None
1730815200.611692,641.936198663258,659.2780102973338,None
1730815200.711684,698.7062269644659,389.8404605607301,None
1730815200.811682,696.7913127448977,418.4211982758962,None
1730815200.911685,732.168355579827,563.236262006808,None
1730815201.011686,789.1625224071363,719.2709767725679,None
1730815201.111687,692.5890744000932,357.90637319112886,None
1730815201.21169,667.1173756231004,761.3887246616194,None
1730815201.311683,696.4092126096707,738.5617084975577,None
1730815201.411684,687.8317450369102,682.317628900328,None
1730815201.51169,679.9101436917766,668.2658289372148,None
1730815201.611692,614.2472375820513,713.8619580598432,None
1730815201.711694,580.9380174146304,722.3503969345121,None
1730815201.811693,566.274962691253,712.785473521855,None
1730815201.911687,574.4822231113039,707.9723714705062,None
1730815202.011678,518.0927291071843,760.7017280765531,None
1730815202.111692,603.7284064949462,809.2867262133519,None
1730815202.211681,600.6309496077873,793.885965818857,None
1730815202.311693,614.2702949904149,852.6263552100122,None
1730815202.411691,565.8792363272028,784.771088716688,None
1730815202.511685,692.2869810497481,612.6789439542524,None
1730815202.611688,690.0164082975784,603.3974428388497,None
1730815202.711686,683.6159062456861,653.5367525824794,None
1730815202.81169,689.0174581870829,647.6812434506189,None
1730815202.911683,678.0227945093759,664.4467556735322,None
1730815203.011693,688.3836757612618,672.0115674158232,None
1730815203.111681,636.068469934472,683.0691782835653,None
1730815203.211682,642.2509151638066,685.681254128899,None
1730815203.311682,605.8902731841675,678.5539155555153,None
1730815203.411685,617.2026448203342,680.8673665287977,None
1730815203.511693,626.2560811877519,685.2135473458617,None
1730815203.61169,626.1849045433496,625.4666282254514,None
1730815203.711683,624.3063024086,625.9900288800478,None
1730815203.81169,621.6315055950673,267.3391967839296,None
1730815203.911685,664.9473118586176,363.6274584337474,None
1730815204.011686,613.5756099362167,307.8963409925061,None
1730815204.111688,619.9000421257526,262.2117059524151,None
1730815204.21169,626.951457602624,484.1073026335756,None
1730815204.311687,682.5472888910257,696.4149626776448,None
1730815204.411686,691.8428377208629,674.9801476284471,None
1730815204.511687,696.2968919385568,661.8018786851114,None
1730815204.611686,683.3594816809469,653.0270057901103,None
1730815204.711682,635.6374938417026,639.3127275482822,None
1730815204.811688,636.672353232788,649.1343242938025,None
1730815204.911686,614.2288369980664,790.5603508794261,None
1730815205.011686,610.7205783351276,856.8832491558271,None
1730815205.111681,635.0235992946434,811.5746012429714,None
1730815205.21169,635.7673739180119,799.772725803427,None
1730815205.311692,636.3233062241336,816.2267526483976,None
1730815205.41169,650.826203215555,710.5676358786864,None
1730815205.511688,718.8806047778538,525.9538034096208,None
1730815205.611689,712.0061741554518,636.8827768372084,None
1730815205.711691,710.0189106938368,623.215433771467,None
1730815205.811691,714.6628367182369,645.5089844003531,None
1730815205.911692,717.2102941606854,650.0027322214225,None
1730815206.011693,711.100167512118,660.922419967281,None
1730815206.111693,731.7420514926571,666.5545227671181,None
1730815206.211682,732.1911640426737,719.0495309128642,None
1730815206.311696,756.3101663337862,727.403577179907,None
1730815206.411686,640.8062380252483,652.2720516834461,None
1730815206.511683,634.8579021706767,662.9292972682043,None
1730815206.611684,626.6087581150831,604.619766114768,None
1730815206.711725,570.9087101700969,561.6496294279534,None
1730815206.811692,578.0405149504496,552.4253465537449,None
1730815206.911684,601.2262508244714,559.4942215165486,None
1730815207.011687,656.8788908552731,576.074811659952,None
1730815207.111682,645.6428752962511,593.9878995962503,None
1730815207.211682,616.7811222786873,591.2136120227519,None
1730815207.311688,630.1319494694837,591.0352324539298,None
1730815207.411691,694.2323154330934,666.1111782786425,None
1730815207.511682,692.9253264935096,682.9178055222416,None
1730815207.611687,706.4958964724602,676.6742270901099,None
1730815207.711687,705.5657462527475,667.7763768307113,None
1730815207.81169,673.7695728670726,662.854850632993,None
1730815207.91168,654.641246438693,668.9168534543145,None
1730815208.011691,633.5918536740796,761.3852162990174,None
1730815208.11168,616.6467996395306,768.8248247723527,None
1730815208.21168,631.485595771706,779.5638526740931,None
1730815208.31168,636.406507989256,683.9698550771252,None
1730815208.411686,648.37935781529,631.4542175911777,None
1730815208.51169,646.2711893142198,659.2246143953865,None
1730815208.611683,619.5375665265789,637.7557585455471,None
1730815208.71168,611.769540513498,621.108431496415,None
1730815208.811681,590.6720808765917,613.401771993748,None
1730815208.911681,589.1287506112518,630.498790407614,None
1730815209.011683,642.140454136275,658.8718588241476,None
1730815209.11169,644.1681305120599,662.2170327450065,None
1730815209.21169,647.966403928628,669.1587266123063,None
1730815209.311688,634.340482782454,688.3886032782216,None
1730815209.41169,637.0911146758531,696.4774578089869,None
1730815209.511694,640.8986320807561,691.1759477807952,None
1730815209.611687,712.9150340703568,685.3629043840073,None
1730815209.711688,710.4705840635423,680.5471100936355,None
1730815209.811689,707.0611844406455,684.3985575222501,None
1730815209.911689,707.7728358344042,692.1071431606583,None
1730815210.011687,625.077203612127,690.2405785465508,None
1730815210.11168,634.9235037178238,694.4391127076816,None
1730815210.211686,639.53352907614,698.2310207611729,None
1730815210.311685,642.2673753384078,687.2556689957285,None
1730815210.411689,643.6934651558356,681.201074895369,None
1730815210.511686,655.7920547503745,682.5238216566094,None
1730815210.611689,688.8196843098636,682.1170290035102,None
1730815210.711684,698.7630982291885,676.8742138625382,None
1730815210.811684,696.8365200430889,691.6689102748145,None
1730815210.911688,711.3291283936309,691.2358876822634,None
1730815211.011683,662.3405257292737,664.9985085811858,None
1730815211.111684,689.4083920323988,665.7668559894227,None
1730815211.211684,691.3835319640349,660.5155795552337,None
1730815211.311685,719.4552634253407,668.9983253870478,None
1730815211.411689,734.8694144165967,680.7041478158504,None
1730815211.511688,704.9417571377686,678.5710823538656,None
1730815211.611689,722.7113269011586,677.5913549566828,None
1730815211.711689,672.5950129306057,673.3311030260802,None
1730815211.811685,685.813050594189,669.8682067143266,None
1730815211.911682,690.8056876403145,675.8970624773706,None
1730815212.011689,720.4120271955475,701.8549125918262,None
1730815212.111687,672.0838429702878,675.0757093460916,None
1730815212.211687,660.0348768139282,674.881387688652,None
1730815212.311682,672.1593330064643,681.2911391917296,None
1730815212.411687,669.2325282906,679.7097332081523,None
1730815212.511687,662.3733882991565,687.0491183686553,None
1730815212.611689,671.865716065556,689.7386499968788,None
1730815212.711686,772.7981761906511,653.2573549911795,None
1730815212.811691,692.6715349941146,652.7079139384995,None
1730815212.911685,687.8187925141788,663.6602365798201,None
1730815213.011687,694.5680072986668,671.7588894517282,None
1730815213.111684,707.8107038150374,667.3813300916448,None
1730815213.211691,736.2498547656717,665.6523565476891,None
1730815213.311692,712.219774717744,658.0778323965958,None
1730815213.411688,719.6718857092502,657.0457377933853,None
1730815213.511688,700.8368083900912,648.4225034688704,None
1730815213.611689,707.9993791568071,680.6165675029886,None
1730815213.71169,684.8699458664933,711.0335117697531,None
1730815213.811687,642.5071722088222,685.8362541995945,None
1730815213.911683,657.9985088140983,682.0857289327798,None
1730815214.011688,616.9927715277622,675.9358120379308,None
1730815214.111684,641.7371861269845,668.7019887210556,None
1730815214.211691,620.5463697849201,661.8602504505272,None
1730815214.311679,617.4882241234696,667.2381054069808,None
1730815214.411685,624.3364926121883,677.0371668932803,None
1730815214.511688,562.1120500399184,655.2696698848532,None
1730815214.611686,585.7729398040464,659.1638142764089,None
1730815214.711688,619.1547341496721,674.3186948241618,None
1730815214.811685,641.8352259802817,694.6333452290772,None
1730815214.911686,626.5737654564961,680.8008134590467,None
1730815215.011689,720.9324733625344,701.4858121167126,None
1730815215.111687,744.951912493926,686.2300284345182,None
1730815215.211692,709.2248179350361,696.5675519759986,None
1730815215.311687,709.0559483729302,701.54751076902,None
1730815215.411691,695.3239209401191,692.9494609927347,None
1730815215.511684,726.1721453572507,691.5594201996947,None
1730815215.611685,756.8346888374169,681.5362011577093,None
1730815215.711685,794.8771440611631,686.3344774533616,None
1730815215.811686,787.1939521494918,670.3641432166179,None
1730815215.911686,612.3116285109439,665.5824128932351,None
1730815216.011687,628.678300865078,680.2479831545528,None
1730815216.111688,638.7309379842717,684.0510612156315,None
1730815216.211685,618.9349789491083,669.4242737759221,None
1730815216.311679,622.9286452927167,670.4687705014339,None
1730815216.411688,624.8378412003563,672.2014103448618,None
1730815216.511688,640.0574973128237,672.0580825096007,None
1730815216.611689,578.0293480682087,662.3481171047475,None
1730815216.71169,607.8137361634093,663.9004331334958,None
1730815216.81168,607.7302382495116,667.8638585903486,None
1730815216.911683,605.3827621162795,670.2709666430329,None
1730815217.011683,746.9669026295403,681.6530187635843,None
1730815217.111683,708.029824529392,673.4568961389443,None
1730815217.211684,711.0866176450178,664.352077326706,None
1730815217.311684,711.9714683602417,663.5569011670517,None
1730815217.411684,727.0069511141281,666.642241843393,None
1730815217.511687,715.5906139746629,654.5348643648426,None
1730815217.611683,710.8879465383973,663.5366007845263,None
1730815217.711685,727.8618746827646,666.092340218736,None
1730815217.811687,745.8045459547673,686.5619836469072,None
1730815217.911689,786.529452827898,683.2555409538861,None
1730815218.011686,833.4403867728178,670.2332112831365,None
1730815218.111688,681.4696484857874,670.6485551056606,None
1730815218.211687,622.2968662816139,679.8582712843885,None
1730815218.311684,662.3737702785656,684.710026872614,None
1730815218.411685,687.3763936435208,675.7675677832852,None
1730815218.511691,694.5722978593476,674.1925118494294,None
1730815218.611681,733.8436018178764,672.3441361213577,None
1730815218.71172,773.3845877265584,682.8021998156653,None
1730815218.81169,661.6928268422453,747.2239123235059,None
1730815218.91169,593.6905974093489,646.6212753679205,None
1730815219.011684,593.1153595447628,667.1489279877848,None
1730815219.111686,607.9527656295123,666.1738334862332,None
1730815219.211685,619.7446160876589,583.2397272315985,None
1730815219.311688,632.0288273894988,595.5893483442694,None
1730815219.411685,626.1314880137531,604.6752355274863,None
1730815219.511685,628.9265205084574,614.662649641574,None
1730815219.611686,737.7212239922925,732.6008427474491,None
1730815219.711691,675.3608498388547,673.465916143272,None
1730815219.811685,670.7458270541647,655.8608614424741,None
1730815219.911697,777.7076272044909,643.3822953026374,None
1730815220.01169,750.7362220933862,679.5687637203948,None
1730815220.111687,736.531434247945,720.9306885048316,None
1730815220.21172,750.4672486162721,708.8490907973421,None
1730815220.311685,767.5473879978431,690.5087568600918,None
1730815220.411685,780.1451678899306,680.2378088535504,None
1730815220.511682,640.2065129253281,710.9485394777521,None
1730815220.611683,577.8436470726342,687.7440995258208,None
1730815220.711721,558.8446587104565,692.8890256342743,None
1730815220.811683,544.0396494952668,707.8419537970077,None
1730815220.911686,555.4551780187787,755.0962139254985,None
1730815221.011692,589.6341597147517,825.7424174783836,None
1730815221.11168,683.9952065954714,653.8225035669827,None
1730815221.211691,728.8781273013404,688.703068800473,None
1730815221.311685,744.058101170177,670.1975657070043,None
1730815221.411685,763.3523990736112,670.6358268408945,None
1730815221.511689,762.4843053909947,672.3244641835742,None
1730815221.611687,767.67136309983,684.0696510113085,None
1730815221.711684,782.6266776219154,686.0662672419415,None
1730815221.811682,733.3162269714102,674.1809200828184,None
1730815221.911682,731.8331136989389,743.3536465033598,None
1730815222.011682,638.6196816433098,712.5837291811723,None
1730815222.111693,625.4153202139531,674.9387773215724,None
1730815222.211684,636.7001700638092,666.7239093872627,None
1730815222.311686,631.6883554482783,674.6649859868695,None
1730815222.41169,646.0586661360111,682.3358216500119,None
1730815222.51169,648.0806480431332,684.3843761636371,None
1730815222.611701,637.7721557511961,676.8611939642279,None
1730815222.711687,637.8019477155001,529.8959509559336,None
1730815222.811689,630.9124804815399,555.4336016815995,None
1730815222.911689,628.4527926377815,564.4448613225146,None
1730815223.011683,633.4973019213865,552.7381048280525,None
1730815223.111681,710.9512669920827,709.3664343850784,None
1730815223.211689,739.5137400008443,680.1160506034041,None
1730815223.31169,735.8757512404766,674.8657746086016,None
1730815223.411686,749.0837345230054,676.3217630105895,None
1730815223.511686,774.2112320874228,676.1115269466861,None
1730815223.611685,755.1656117030559,682.5780026120212,None
1730815223.711685,762.3438945915616,674.5336869931483,None
1730815223.811686,641.0807981439391,660.727155625332,None
1730815223.911692,651.2715917777966,659.9260607490819,None
1730815224.011687,635.1949090390399,656.1196236368795,None
1730815224.111688,606.7289902336545,666.2313043792922,None
1730815224.211683,601.5263509169439,694.2824497991282,None
1730815224.311689,614.0753384822859,694.9949066620927,None
1730815224.411684,609.033155008613,698.4430768048037,None
1730815224.511685,606.7815455561844,699.0736144299908,None
1730815224.611686,601.3301170852609,685.6923663418544,None
1730815224.711684,688.0070476647621,663.5000551867963,None
1730815224.811685,720.3363306476592,655.1942400890636,None
1730815224.911686,727.7249621209878,661.8783143155258,None
1730815225.01169,765.7421442776558,664.3201353184209,None
1730815225.111688,765.1404235659033,666.167216760074,None
1730815225.211688,669.0883926069689,684.104044694609,None
1730815225.311687,670.7667429940809,694.226842119919,None
1730815225.411683,667.6257725494353,684.1618943485925,None
1730815225.511683,669.7510483657015,670.6148323298114,None
1730815225.611688,672.4218566541348,668.178512101207,None
1730815225.711688,664.4250661425449,676.9538657654241,None
1730815225.811688,647.3403425262729,665.5612801489664,None
1730815225.911683,698.5291229712716,682.0628754402792,None
1730815226.011683,714.4357518786711,692.9139750995856,None
1730815226.111685,739.89364765616,697.5259942755823,None
1730815226.211686,753.8273595898128,690.6341086654605,None
1730815226.311713,761.2469748654466,692.3684653701886,None
1730815226.411686,636.7936008629795,658.012013868093,None
1730815226.511691,628.818091646684,650.7654111543239,None
1730815226.611686,601.4056962974257,653.1167898179716,None
1730815226.711677,584.713613176719,671.9909013901215,None
1730815226.811686,602.7651415308569,691.3946190249122,None
1730815226.91168,610.6136627312071,705.9054109964147,None
1730815227.011683,612.3418857156109,703.3591465955285,None
1730815227.111687,611.4113123044589,677.7009531600438,None
1730815227.211691,596.0789060731778,653.5011703759973,None
1730815227.311682,590.8358702707651,648.7765127204411,None
1730815227.411683,682.0425964002378,669.0168937601007,None
1730815227.511688,661.8397500494518,673.6326189965362,None
1730815227.611686,648.8990682482287,671.813634617234,None
1730815227.711682,655.9145750218316,694.2529068876999,None
1730815227.811687,669.3382565889098,704.329959135049,None
1730815227.911686,544.3517811212218,700.5901225559999,None
1730815228.011682,557.6471012804225,695.6442496243652,None
1730815228.111683,556.8012254122702,692.6030429702604,None
1730815228.21169,561.0332982694267,693.2113040157723,None
1730815228.31169,552.6391251675675,665.533619031147,None
1730815228.41169,561.5958001793862,661.1121879970083,None
1730815228.511686,561.10827965093,663.3733174652425,None
1730815228.611683,676.0514564840843,674.2414960953882,None
1730815228.711684,690.08736992304,673.692374559849,None
1730815228.811684,693.3484747519474,670.5250378731602,None
1730815228.911685,634.078092515037,631.3794989896162,None
1730815229.011685,638.3279328298854,632.7161482831301,None
1730815229.111685,627.3712292247627,652.81344524201,None
1730815229.21169,574.47024754983,638.4946604262864,None
1730815229.311689,582.1510028516161,656.4749996322595,None
1730815229.411688,585.9151071182159,677.9065015011097,None
1730815229.511686,567.1172888833689,684.7346204807272,None
1730815229.611686,580.6557430688254,682.0166538190584,None
1730815229.711687,578.190455949037,683.4436718208899,None
1730815229.811684,577.0817956085426,704.8017326653804,None
1730815229.911683,572.8818276203912,691.4259119140661,None
1730815230.011685,618.936796665997,687.325266884889,None
1730815230.111689,690.6979041673535,670.0205178100981,None
1730815230.211684,673.095132528117,670.3234274759275,None
1730815230.311686,692.2708473994659,672.7718789423302,None
1730815230.411685,703.8462364278772,676.6992824279274,None
1730815230.511687,724.7263080111112,678.1704762343459,None
1730815230.611683,691.2326480112877,673.6823910054106,None
1730815230.711682,637.052421689481,665.253819185634,None
1730815230.811693,606.5709194029172,646.4990072534425,None
1730815230.911685,618.1119300654061,652.5003545590941,None
1730815231.011685,579.2625872223562,678.1719375629738,None
1730815231.111682,571.7066795398316,690.3918832674237,None
1730815231.211683,588.0427439107415,697.003480614656,None
1730815231.311683,656.9191769112035,661.8893738927474,None
1730815231.411683,720.2106120908651,664.9518454044603,None
1730815231.511691,743.5057390196556,666.4747599947794,None
1730815231.611688,721.5310387174763,672.8392247263752,None
1730815231.711684,661.6676841406152,697.188696015006,None
1730815231.811684,656.5837856888173,715.0421442851589,None
1730815231.91169,636.6955072320716,725.3329963657139,None
1730815232.011687,641.4116026709224,723.0572156621021,None
1730815232.111685,623.4526918387862,719.3835336856417,None
1730815232.211685,611.5952600141973,718.8494261519324,None
1730815232.311682,672.2327620617358,567.9436516133003,None
1730815232.411683,947.878977811288,520.0448664097379,None
1730815232.511689,1003.3189937127096,551.4297738616488,None
1730815232.611691,984.7994604885134,517.8245901146803,None
1730815232.711692,1025.2202975366074,538.0286389703881,None
1730815232.811685,1035.6114807287488,535.6755292594365,None
1730815232.91168,972.339595273671,558.1590373186461,None
1730815233.01169,688.7729430379538,681.0791768822559,None
1730815233.111684,604.2567638965145,743.0722659476551,None
1730815233.211684,628.2213470441542,682.6896500994284,None
1730815233.31169,672.7231634485502,694.3372571170278,None
1730815233.411686,609.1351711681464,649.6186476349451,None
1730815233.511689,640.1454092591815,634.4644563395059,None
1730815233.611687,654.2524885826899,663.9829444256059,None
1730815233.711689,658.9353523418553,668.7765299295351,None
1730815233.811684,671.8604776615163,676.9360009047862,None
1730815233.911692,674.699117416777,683.4643415121551,None
1730815234.011684,672.1801988231321,672.9842836037694,None
1730815234.111685,667.5046682819284,667.0279600807303,None
1730815234.211691,662.1365865325671,664.7199647847204,None
1730815234.311685,664.0217020777773,664.6098868504325,None
1730815234.411687,672.0590224489854,670.3432404592224,None
1730815234.511691,667.3167222480789,677.9006139677983,None
1730815234.611692,735.2682306081376,670.6075935464208,None
1730815234.711693,731.5718540668828,672.2068945189575,None
1730815234.811689,699.108129116201,682.2699620624925,None
1730815234.911687,656.0513757274721,679.9727663870437,None
1730815235.011688,653.2756637591089,669.2712367668616,None
1730815235.111689,729.9119721417807,648.6182150860675,None
1730815235.21169,709.1909318188478,641.3208645893955,None
1730815235.311688,713.1549091645613,647.8432323188598,None
1730815235.41168,701.3703030985698,630.3835749165293,None
1730815235.511681,680.7882733751478,622.7894446714929,None
1730815235.611681,700.0156162616775,628.9569336095852,None
1730815235.711688,670.9972936441632,625.991033517769,None
1730815235.811691,711.8465652645335,667.0040296124133,None
1730815235.911686,734.0178780364703,666.6802432805845,None
1730815236.011683,738.4063946741267,659.1196944418741,None
1730815236.111684,640.1841139369304,668.8417265465342,None
1730815236.211687,635.0855461325039,661.9870019631097,None
1730815236.311687,638.0101145263839,654.9004833282115,None
1730815236.411693,683.0871139233216,642.0816222117079,None
1730815236.511683,812.2472680372217,659.6950850277707,None
1730815236.61168,825.280253055339,661.329153460362,None
1730815236.711681,816.994723960738,665.786486658768,None
1730815236.81169,835.3038693910614,666.8152772010751,None
1730815236.911684,835.6366597376564,666.3515736725246,None
1730815237.011688,836.2996877564512,665.7222489825576,None
1730815237.111688,846.2992023181607,676.2125331078639,None
1730815237.211687,732.7862784449674,701.8640304522035,None
1730815237.311686,660.1617142120772,649.5931340007827,None
1730815237.41169,577.67438970035,667.4791961394915,None
1730815237.511691,612.7205232396564,668.945764280638,None
1730815237.611683,626.5703377216311,654.8125902533635,None
1730815237.711686,627.4861965897361,652.0933890525708,None
1730815237.811687,629.4678801087414,658.2189961983554,None
1730815237.911689,616.1385087551212,655.4322701464577,None
1730815238.011681,621.2871757730857,663.9457465867841,None
1730815238.111684,713.2018673114146,632.3972132837109,None
1730815238.211681,670.474475606285,613.1572975802915,None
1730815238.311689,828.9479890141724,716.7612453311606,None
1730815238.411689,828.0264916712661,766.660643934074,None
1730815238.511685,653.9900872355496,589.6276333550237,None
1730815238.611686,630.7792809284042,592.6114729324299,None
1730815238.711689,625.0339436831736,607.3413392909879,None
1730815238.811691,608.8099818427753,608.1374968168724,None
1730815238.911685,602.8087890186883,608.324670526292,None
1730815239.011686,653.14781853288,710.6472565028403,None
1730815239.111683,647.3340064243295,712.5020680120796,None
1730815239.211686,655.2120177641121,706.4856022888841,None
1730815239.311692,653.0107580468663,703.4722414199671,None
1730815239.41168,639.5419439361194,706.4433292001528,None
1730815239.511684,635.9847330725573,700.1653377565506,None
1730815239.611684,637.015668706281,695.4345368331497,None
1730815239.711687,637.870998738991,693.8316381222112,None
1730815239.811682,637.871474586865,693.85542321471,None
1730815239.911689,634.0001763183507,700.1657218559699,None
1730815240.011689,624.7535231323774,698.6135936458884,None
1730815240.11169,619.3490496644002,695.9203184452371,None
1730815240.21169,624.7272098734979,702.6958026816535,None
1730815240.31168,621.615801224164,695.2104161277507,None
1730815240.411683,622.2381843927081,698.8353686528623,None
1730815240.511684,618.8873686551365,699.9113182708485,None
1730815240.611684,700.5052289708527,634.9509384266003,None
1730815240.711685,686.719125199332,628.0845058380283,None
1730815240.811686,699.5180822343642,636.5596412437404,None
1730815240.911686,671.2849844214645,632.1806099957353,None
1730815241.011683,692.3979980242104,626.2219458541512,None
1730815241.111683,702.5712917084768,638.6077397239892,None
1730815241.211687,625.5112458640376,698.0434379795826,None
1730815241.311692,636.3011463570034,696.5401950309478,None
1730815241.411683,644.0355442748934,698.9976294688229,None
1730815241.51169,646.1506792603808,708.5979681809666,None
1730815241.611683,639.9688716725037,702.893254223001,None
1730815241.711684,651.8360900548697,612.5863811591726,None
1730815241.811684,629.769251380723,622.1425667265988,None
1730815241.911684,598.0136521597275,637.7881098514295,None
1730815242.011687,569.4820620888772,646.2160031866838,None
1730815242.111684,562.6949394679305,629.3432438898423,None
1730815242.211687,599.7883634238783,603.9147301395999,None
1730815242.311718,617.6508159748793,590.4696995460238,None
1730815242.411724,624.2341586920959,491.8739468031847,None
1730815242.511688,627.9398250444222,532.4846886519135,None
1730815242.611688,608.8945815552753,520.7042837164165,None
1730815242.711686,613.4700879300043,742.4369114020044,None
1730815242.811686,588.2330798998705,709.3519154860004,None
1730815242.911682,610.8457025021821,719.333582455442,None
1730815243.011685,616.1619851775106,728.7828716944703,None
1730815243.111688,600.7624326331885,728.9615479558321,None
1730815243.211691,614.6801442645665,749.3118957980236,None
1730815243.311692,597.6181895609809,489.3369761473954,None
1730815243.411688,622.3196407747242,526.6137940021665,None
1730815243.511689,634.259252858034,476.1637899740765,None
1730815243.611686,644.7175709738516,488.0539378077889,None
1730815243.711693,630.4862679713227,524.6007803858057,None
1730815243.811688,631.9308289906999,786.7707317727127,None
1730815243.911684,632.3998897852557,751.6026879963108,None
1730815244.011686,632.1025569402088,744.5006638191606,None
1730815244.111685,612.7837560267155,762.3552131090117,None
1730815244.21169,605.3042747532396,762.5960502215551,None
1730815244.311691,610.3139612572977,763.3600712259879,None
1730815244.411691,617.6694918229517,783.1753329997189,None
1730815244.511685,635.1965687334203,539.8582195175406,None
1730815244.611688,653.3173409604093,229.9224463103135,None
1730815244.711681,665.1788703196682,384.5436590110725,None
1730815244.811683,647.8789206666747,315.27149841966275,None
1730815244.911686,643.6359211824551,275.1321387258623,None
1730815245.011686,626.5470151430602,442.570301173018,None
1730815245.111691,616.1257539435954,796.6502639398539,None
1730815245.211684,580.9515547803915,744.9869830643253,None
1730815245.311687,571.4205816303462,801.6211328891776,None
1730815245.411684,588.7834529428349,783.027888822268,None
1730815245.511683,598.3133132823665,797.5277870826654,None
1730815245.611686,605.9937390530688,785.9444381654241,None
1730815245.711689,624.4760119786889,764.3475451163758,None
1730815245.811687,616.3722762814998,625.1545733258554,None
1730815245.911685,649.8780995950086,630.4624887525051,None
1730815246.011682,666.6846136690085,640.638555673028,None
1730815246.111689,671.8030975915722,662.4793914351119,None
1730815246.211688,650.3883199753667,748.9186907546164,None
1730815246.311686,659.1522150501897,730.9303469409958,None
1730815246.411687,659.9069749635412,732.6405499002177,None
1730815246.511688,667.3062619229501,720.8889634544574,None
1730815246.611688,661.8846755118117,706.2913441617516,None
1730815246.711689,653.6315798965559,720.8420984629613,None
1730815246.811689,658.6954088528532,715.8952462030686,None
1730815246.91169,660.0464302613041,713.2761788179484,None
1730815247.011691,667.4094852849933,708.498544997508,None
1730815247.111691,663.3706247417724,712.6400209996523,None
1730815247.211688,663.8718742312535,717.3048958231933,None
1730815247.311689,662.8870060905319,710.7178550730515,None
1730815247.411689,657.8781422676757,713.0800762748063,None
1730815247.51169,660.6361753265045,712.2679679481963,None
1730815247.611731,662.6056894783368,664.9595993137442,None
1730815247.711687,652.1661909324881,667.7533643924426,None
1730815247.811687,638.292538991857,663.972731513385,None
1730815247.91168,628.2731391081877,673.0333287247481,None
1730815248.011681,616.3912904345368,677.2689992543349,None
1730815248.111681,618.5868877587748,686.4212980694118,None
1730815248.21169,639.4855302795318,695.0902248192837,None
1730815248.311693,657.7566145023196,707.950905540798,None
1730815248.41169,662.3344084265019,719.4605344855005,None
1730815248.511691,662.9914280481929,724.0108174428036,None
1730815248.611681,660.9760449082039,718.6690115700204,None
1730815248.711688,659.6977769608787,714.9223309003332,None
1730815248.811691,662.8641940279329,707.3124239716052,None
1730815248.911689,674.1663880662081,702.6590043613463,None
1730815249.011692,674.7274848024732,794.0497342718957,None
1730815249.111686,653.36736184581,786.3395024898506,None
1730815249.211686,638.2789477239578,793.57115601115,None
1730815249.311686,704.5154681876458,675.1757246277894,None
1730815249.411693,892.5788269568118,564.5974390658378,None
1730815249.511693,1006.9056092148472,583.5237574250878,None
1730815249.611688,1037.6368108685103,582.1761340530575,None
1730815249.711689,1057.0653860029784,592.708922665671,None
1730815249.811686,1059.2672494136384,587.2760870018097,None
1730815249.911685,927.351426327686,631.9586335383586,None
1730815250.011685,704.7687305071523,708.4762384716646,None
1730815250.111688,687.8501883550693,721.5125528629942,None
1730815250.211685,722.2595259472452,682.5212271356766,None
1730815250.311697,720.6488106880606,654.4457923817845,None
1730815250.411679,714.7437898557589,657.5002428672605,None
1730815250.511692,609.2849585592093,687.7268722216587,None
1730815250.611694,605.6706535382036,693.7138949686636,None
1730815250.71169,644.609662793675,689.7080630149904,None
1730815250.811685,615.5367384754302,719.8619404804678,None
1730815250.911685,635.1356528190184,725.725025734388,None
1730815251.011682,643.3951403930209,724.7557811840237,None
1730815251.111688,678.2455390815534,687.3922108456434,None
1730815251.211687,682.0954997664004,676.2990186991146,None
1730815251.311682,692.6041564751789,583.5349858654337,None
1730815251.411683,692.2184928590625,594.1833383506888,None
1730815251.511688,692.9193002432575,259.4742860600464,None
1730815251.611687,689.0429943801118,435.6471543441514,None
1730815251.711689,704.0820401310683,543.5296786332569,None
1730815251.811689,653.0499810779195,672.1116321563509,None
1730815251.911693,648.1754893118614,859.0539974267391,None
1730815252.011685,663.2209679277921,775.8495201004113,None
1730815252.111682,671.4627639615619,735.673983054095,None
1730815252.211683,673.5935525414607,710.571748016183,None
1730815252.311686,653.3693509195513,763.2244082337331,None
1730815252.411689,653.9709716555094,748.4481570664491,None
1730815252.51169,669.9058630032008,737.729761093893,None
1730815252.611691,689.6493893121515,728.1439679346306,None
1730815252.711687,698.3229473411209,671.3848008917028,None
1730815252.811685,695.8948051262722,674.4162384917256,None
1730815252.911711,696.9704598467636,677.1776686170708,None
1730815253.011686,714.6447926416174,580.6707745844378,None
1730815253.111688,720.392699256891,597.1503143101295,None
1730815253.211689,683.3651825805463,630.4205993709319,None
1730815253.311689,691.1706188018834,636.0173888011088,None
1730815253.411686,698.5567596529679,631.6117602499982,None
1730815253.511687,740.5882695835111,648.4959119355182,None
1730815253.611687,736.6512481179483,643.0393393757996,None
1730815253.711689,699.313507802507,720.1384633675345,None
1730815253.811682,678.9433658634078,716.9856758747139,None
1730815253.91168,641.8223361300513,777.3176374759125,None
1730815254.011677,627.4600097121847,783.6821203543097,None
1730815254.111688,617.5862649717409,760.3416882257851,None
1730815254.211691,646.2070424689717,703.7553435866907,None
1730815254.311687,618.4693964138102,702.8968085542983,None
1730815254.411688,622.7731101950988,701.6369357180382,None
1730815254.511688,617.3559773838653,702.455461548051,None
1730815254.611691,585.9033551394537,606.822074405552,None
1730815254.711688,617.0477728366008,612.9777659383088,None
1730815254.811688,531.2011687173247,705.1304305936,None
1730815254.911688,523.655811917348,773.7103505346671,None
1730815255.011688,599.3971497784479,756.7860105267484,None
1730815255.111686,553.8757976346134,824.5826182913054,None
1730815255.211685,540.3322036305558,841.6887819583511,None
1730815255.311689,554.5240903765778,836.9643270939298,None
1730815255.411683,680.1154023012705,682.394999436932,None
1730815255.511683,839.4699315278574,570.0030554569967,None
1730815255.611702,764.3422330183606,575.7161950486734,None
1730815255.711686,746.3245284618591,602.2849322148393,None
1730815255.811683,757.5171590466105,605.2864075236625,None
1730815255.911682,706.9301610963412,607.2208254516248,None
1730815256.011686,696.6088468859675,607.891458789238,None
1730815256.111684,686.5932942323933,606.4798219773763,None
1730815256.211684,711.8601834301384,606.0549502561274,None
1730815256.311689,711.9387970223904,617.5079718098075,None
1730815256.411692,720.7169586712353,631.6656939840525,None
1730815256.511683,753.3916842127803,598.6479986533706,None
1730815256.611684,723.3749516226213,593.0286385196794,None
1730815256.711682,737.9165654361996,605.5957279213869,None
1730815256.811689,675.8467087097574,718.0102245657984,None
1730815256.911684,702.9292944389724,600.3082774209632,None
1730815257.01169,773.7254655511146,418.1350464000207,None
1730815257.111688,748.738613278697,412.92200938903545,None
1730815257.211686,775.6227384252672,542.8664815791922,None
1730815257.311682,777.4176085899553,565.1245356484687,None
1730815257.411682,770.8008792913068,526.6263106000767,None
1730815257.511688,740.0696749845767,451.1319966850325,None
1730815257.611683,685.8350076725673,518.2237179454024,None
1730815257.711687,661.1964079998177,813.7398166415854,None
1730815257.811688,648.320204824047,888.2955031342168,None
1730815257.911691,638.7236721295914,749.8578792370124,None
1730815258.011691,608.401401534163,683.8473308340775,None
1730815258.111691,599.782652656963,646.7749085448208,None
1730815258.21169,591.066757219972,629.3525005029293,None
1730815258.311689,610.3918164899093,734.0325210472843,None
1730815258.411684,606.7410578842156,732.3681851404251,None
1730815258.51169,603.1682512104419,726.1273434382798,None
1730815258.611692,597.598282314853,716.6933540961484,None
1730815258.711691,703.0693902708329,743.8318515281173,None
1730815258.811684,639.3426994940047,727.5224702286039,None
1730815258.91171,604.5901629543102,742.8195037438969,None
1730815259.011683,579.2409042841233,780.9652791743472,None
1730815259.111686,564.4963700556438,790.9681850296666,None
1730815259.211685,565.5625904377778,792.8968601904706,None
1730815259.311686,902.6392375735976,668.2383395365287,None
1730815259.411684,975.5913349179332,668.5107196832622,None
1730815259.511684,963.7842372149304,669.940389192668,None
1730815259.611686,961.2632573665404,676.2825363053572,None
1730815259.711687,801.883663824787,666.7807570633647,None
1730815259.811691,775.3475616000674,679.0131033328933,None
1730815259.91169,642.7774836519724,721.2865934975027,None
1730815260.011686,646.3043055539346,714.9979182957316,None
1730815260.111691,846.964502763503,661.1448678253728,None
1730815260.211689,863.7310847911948,657.884470899567,None
1730815260.311683,866.0923367443861,653.7811209014909,None
1730815260.41168,811.2099544825758,654.2751539380005,None
1730815260.511685,828.3681822246194,655.2457174177479,None
1730815260.611685,662.3464045700836,871.3873287525337,None
1730815260.711689,543.7629554889153,737.9985344518127,None
1730815260.811683,574.9856184415773,735.2643224848106,None
1730815260.91168,801.1807839366585,678.7890496877827,None
1730815261.01168,810.0714422781768,673.3414103669734,None
1730815261.111682,811.3577503373073,665.6733034512425,None
1730815261.211682,745.8124680768382,669.663212799363,None
1730815261.311685,745.6365834049474,676.4803515090765,None
1730815261.411688,728.9493149296353,650.1378267205412,None
1730815261.511683,730.3046868277617,656.2038839706961,None
1730815261.611684,631.3341282451274,706.2476653438556,None
1730815261.711689,623.0800057048914,716.2599575679214,None
1730815261.811686,641.8056707622682,710.0414290305368,None
1730815261.91169,629.2781848829314,713.167994535809,None
1730815262.011686,544.9577490167825,711.5925481046254,None
1730815262.111685,582.9636038801709,697.6710814567425,None
1730815262.211686,585.4105255182283,686.7017005083094,None
1730815262.311682,620.800941096616,660.9404968164881,None
1730815262.411687,943.7119920221152,549.3875674883985,None
1730815262.511684,763.9336160214666,854.7262234170917,None
1730815262.611694,880.8014489271555,624.57567644367,None
1730815262.711683,935.3947219555846,623.3921427750556,None
1730815262.811723,872.6423122394363,655.6335972490492,None
1730815262.911685,838.4635616193591,671.7941056193921,None
1730815263.011685,648.352691785749,749.0122981610308,None
1730815263.111691,700.8865403160441,718.6283396335397,None
1730815263.211682,725.4022349041907,698.2522372265541,None
1730815263.311722,668.9899984621918,675.4082750514387,None
1730815263.411684,696.2090191321257,666.807403971344,None
1730815263.511689,726.1758237233333,662.8759393177161,None
1730815263.611686,730.7382544906105,669.4190683311156,None
1730815263.711688,698.222784955463,683.2019207787783,None
1730815263.811683,663.6724317925108,700.3665219006597,None
1730815263.911685,648.3104976708436,692.0588718304828,None
1730815264.011689,667.9398993634285,684.5527418535854,None
1730815264.111686,680.7684667528376,680.953771822785,None
1730815264.211686,650.9924930956331,710.6344110282312,None
1730815264.311692,637.649868917803,699.674060543708,None
1730815264.411686,669.7780434063253,712.1614902212411,None
1730815264.511685,629.3357920985625,686.0528079163612,None
1730815264.611688,626.4906218624598,683.8754724113279,None
1730815264.711691,595.2869694658004,690.3009799913242,None
1730815264.811686,604.7067455821913,696.0724181039999,None
1730815264.911688,605.4542415661416,699.9827797226526,None
1730815265.011687,719.7265424832771,699.2384684027019,None
1730815265.111688,733.7439397684324,687.7698774202105,None
1730815265.211686,720.5221778512447,675.0719735230638,None
1730815265.311692,740.7442944350872,669.8324352512459,None
1730815265.411681,708.6721642484139,662.3299051361854,None
1730815265.511681,709.9734356226621,661.6860591305557,None
1730815265.611682,672.0100737762704,677.7546813279173,None
1730815265.711683,674.710299335618,685.8898932460544,None
1730815265.81168,680.1573620798598,675.7222056685183,None
1730815265.91168,696.0969609564365,682.2913298733966,None
1730815266.011681,615.7445926253923,691.3727905063978,None
1730815266.111681,662.4747382596278,698.8591655468745,None
1730815266.211682,657.8624065738169,689.5660505828808,None
1730815266.311686,661.4156170271456,691.7040518899931,None
1730815266.411732,651.6105586718435,677.8549100369742,None
1730815266.511685,685.6205567617194,682.0308697125678,None
1730815266.611688,680.8446999318616,691.6140881946266,None
1730815266.711684,762.0537433213893,706.5493079545015,None
1730815266.811691,772.0229289802882,702.7584893157909,None
1730815266.911692,788.2702905379355,699.8644787211805,None
1730815267.011689,686.4023506877982,677.2992197507166,None
1730815267.111685,700.6131015897616,668.8492094778804,None
1730815267.211682,726.9511928176267,672.7376523982367,None
1730815267.311682,734.3551751612015,687.0563313793972,None
1730815267.411683,758.5517838599138,684.0739348239744,None
1730815267.511691,690.5180167619852,696.35608484867,None
1730815267.611687,708.5600596602949,701.5034908121289,None
1730815267.711688,633.6842039014933,661.716947506392,None
1730815267.8117,628.536068080826,671.4720768431969,None
1730815267.911685,650.5627990382842,682.7766335244169,None
1730815268.011686,614.7014772667836,584.4277948866385,None
1730815268.11169,612.5143497078055,622.5616131012619,None
1730815268.211687,620.8924026502306,566.3989066215499,None
1730815268.311688,621.7710626309671,560.1128575798863,None
1730815268.411689,701.1680076744036,750.5606047213262,None
1730815268.511691,680.5709569938472,703.8380891383422,None
1730815268.611684,683.7179867409396,692.0317333644963,None
1730815268.711688,696.2338476310372,686.661277553087,None
1730815268.811686,699.7283131922702,687.8888513944032,None
1730815268.911683,758.3093776072013,685.1087828804009,None
1730815269.011684,755.5125237393195,688.1991306449344,None
1730815269.111686,834.9737533409364,671.7543823815166,None
1730815269.211685,838.1066083878004,670.9396937895892,None
1730815269.311682,751.042022361201,706.6719651752635,None
1730815269.411683,654.7148396951952,669.9766876525468,None
1730815269.511683,657.4092565194012,661.6202274621427,None
1730815269.611689,667.5410144092837,664.7677419553543,None
1730815269.711682,680.3263415756096,668.7733490787148,None
1730815269.811683,669.7242826029083,674.2676548126924,None
1730815269.911683,685.2288490204097,695.09348056701,None
1730815270.011684,693.5316230163905,687.2066872943311,None
1730815270.111681,697.6470463377585,685.02195710679,None
1730815270.211691,730.267963422446,701.6108926810939,None
1730815270.311692,750.9822545381614,700.7753684527311,None
1730815270.411693,744.0631510133244,710.0347679472632,None
1730815270.511693,758.7452442182035,711.9709679992316,None
1730815270.61168,754.9030850576958,715.2984260142993,None
1730815270.711677,784.4241404115056,713.9208677966674,None
1730815270.811677,750.9805733767136,697.7852299990117,None
1730815270.911678,754.2583620398964,680.3101917803702,None
1730815271.011689,726.7086277258219,660.2229472192944,None
1730815271.111686,743.9017833284568,649.5830510955597,None
1730815271.211692,739.6788751012241,641.5892953081503,None
1730815271.311685,686.0001392527332,650.9275694637197,None
1730815271.411682,680.9068990483443,643.5180913495616,None
1730815271.51169,698.4230249523557,650.3753047945834,None
1730815271.611685,688.2923894866065,650.2660090540318,None
1730815271.711691,708.9571980956998,660.0753143300694,None
1730815271.811691,707.7035705547218,651.5421361637332,None
1730815271.911686,723.374345211479,656.5482531594046,None
1730815272.011691,732.4379982327686,656.3612107308006,None
1730815272.111682,674.0832519728983,714.596197406076,None
1730815272.211685,675.9559073433692,712.3086935587453,None
1730815272.311682,748.1552161005704,677.9482504712231,None
1730815272.411689,803.8216300828678,654.6356390756168,None
1730815272.51169,794.8217304351804,664.7703147218059,None
1730815272.611683,829.7760901626227,665.3445833360832,None
1730815272.711683,818.9826152841099,692.6954679979889,None
1730815272.811685,674.0717455030069,769.440818194923,None
1730815272.911692,684.6157848466827,749.2693285304614,None
1730815273.011688,706.2651948735959,743.8416163441628,None
1730815273.111689,688.3500093662437,752.2854021096407,None
1730815273.211685,689.1350051410811,741.9809341095153,None
1730815273.311688,700.6675098702751,700.6116554559128,None
1730815273.411689,699.5715682578059,694.5957197008919,None
1730815273.511688,703.611830679263,694.4054119332795,None
1730815273.611686,706.0170746052777,713.4664742142563,None
1730815273.711687,729.9797189992265,715.1898231269109,None
1730815273.811694,761.4912103570697,714.9736293051068,None
1730815273.911687,736.3905599052099,754.2872225797904,None
1730815274.011681,751.0734645784131,747.9576390151456,None
1730815274.111682,723.1655633854747,768.949758664894,None
1730815274.211682,617.1953618142844,838.4033760040952,None
1730815274.311683,604.6721094168621,813.3867848219817,None
1730815274.411685,625.5088487864243,802.6035912362319,None
1730815274.511684,661.8997655741135,778.1955041385652,None
1730815274.611692,678.6115817519194,770.3653520653146,None
1730815274.711682,683.6367140776898,754.4306181349237,None
1730815274.811685,667.7200480616099,746.0945783424444,None
1730815274.911689,673.65591742329,736.8082911318965,None
1730815275.011683,642.380223893266,737.2380927125661,None
1730815275.11168,633.4982803913367,723.5468348891102,None
1730815275.211681,631.3426652037398,718.6336362121683,None
1730815275.311681,652.0007272045349,700.3472084183526,None
1730815275.411682,632.5662073812664,690.2729411535747,None
1730815275.511686,620.2750982030215,702.1716696214838,None
1730815275.611692,618.3984864869169,699.6472645710494,None
1730815275.711685,583.2160047075542,757.5414895012473,None
1730815275.811685,578.7268645987083,758.5830297713126,None
1730815275.911686,570.9123992921636,752.3121459728228,None
1730815276.011686,602.3146854582477,752.0116250075713,None
1730815276.111688,600.6427131589121,746.7183751870696,None
1730815276.211684,604.5047642440469,757.5660613005333,None
1730815276.311681,612.9405843453219,748.3565111154584,None
1730815276.411681,553.713366583216,762.0366916115478,None
1730815276.511684,559.0563111650764,743.9163825517035,None
1730815276.611685,530.7216704968116,759.2874660034496,None
1730815276.711685,535.2867227850465,755.6798524801943,None
1730815276.811683,734.6771103326212,688.4553586694453,None
1730815276.911686,724.4392448257798,695.5362391019474,None
1730815277.011687,741.3515923416836,698.9705347605483,None
1730815277.111687,701.7579261073583,668.0647860726767,None
1730815277.211688,715.5431486554443,676.7860385164779,None
1730815277.311687,720.8277249437797,695.2703015259104,None
1730815277.411686,735.3248499938259,650.1642875037008,None
1730815277.511689,706.6612740496183,677.3184789472026,None
1730815277.611682,596.2006561425873,681.9654244871587,None
1730815277.711692,638.5959886521258,684.543793983716,None
1730815277.811691,634.1918305777638,667.7582152311462,None
1730815277.911689,614.2361238219246,666.804867469927,None
1730815278.01169,626.9768247878854,658.1063737322227,None
1730815278.111691,558.9565592183772,661.8936430617898,None
1730815278.211679,583.3084727772853,655.1148467914242,None
1730815278.311687,525.9349506144931,679.3133570887661,None
1730815278.411691,531.9541479399817,686.967360861306,None
1730815278.511689,529.9673977160878,687.7925596988784,None
1730815278.611687,674.9219946192926,652.2938319889175,None
1730815278.711688,654.1675313493015,662.7283990746415,None
1730815278.811687,662.60562987291,654.1605909234326,None
1730815278.911687,668.7595878221439,647.7836838706304,None
1730815279.011691,683.4610595951145,653.6054070928745,None
1730815279.111713,587.1291674604178,649.4171158805902,None
1730815279.211687,529.2484208354257,676.4642253894974,None
1730815279.311688,547.8860678591719,681.4699898750016,None
1730815279.411686,547.6925389351968,675.2416350222247,None
1730815279.511682,532.3887895621713,708.4747220411714,None
1730815279.611682,544.1467833763738,707.8470565655228,None
1730815279.711683,538.2600344147689,701.78916971599,None
1730815279.811684,669.2787042865586,664.8612585715911,None
1730815279.911684,649.3174903030151,663.1566094833374,None
1730815280.011681,654.3549632932742,657.0212623833871,None
1730815280.111681,635.5656465144654,657.3270267838883,None
1730815280.211682,622.6091325881371,667.0870226106193,None
1730815280.311687,636.1150894915003,666.5853219888004,None
1730815280.41173,656.2237097749853,676.8337458020662,None
1730815280.511682,672.8357078269448,683.979516973249,None
1730815280.611688,559.3372678700568,688.7093804428084,None
1730815280.711683,571.927353106254,688.3404220798876,None
1730815280.811682,595.3726734084463,683.4382006335487,None
1730815280.911685,546.2114688376522,688.3638684424722,None
1730815281.011685,576.7465073112397,682.3035307280245,None
1730815281.111686,553.0848288300813,695.0839240370304,None
1730815281.211686,552.8783426569663,679.7770057292,None
1730815281.311683,560.4242482090644,689.0494439897967,None
1730815281.411681,606.3135334722051,658.0317664261959,None
1730815281.511683,634.4747079473673,639.9315643351516,None
1730815281.611683,641.3457746376125,635.6843248876902,None
1730815281.711684,610.1656637614537,634.4907437356318,None
1730815281.81169,570.1442395080999,664.4451733631884,None
1730815281.91168,563.8369570377924,680.8876051864562,None
1730815282.01169,570.9272344063827,692.1839276292802,None
1730815282.111683,603.5911507378424,693.1203792050724,None
1730815282.211696,625.2407474097387,687.2976384146964,None
1730815282.311692,658.6876084651901,681.4884903033204,None
1730815282.411687,677.7627303677574,670.4180569077834,None
1730815282.511684,559.3740354867273,691.7832161611826,None
1730815282.611685,579.4624984136078,695.3432340130786,None
1730815282.711684,593.5209088713602,694.7715189981226,None
1730815282.811681,644.3100107215207,659.2681180134966,None
1730815282.91169,641.6190279291213,651.8272906882883,None
1730815283.011693,644.095367765932,655.7444687650709,None
1730815283.11169,660.0685753714861,655.4610599511149,None
1730815283.211691,673.5681247095353,668.0204120977509,None
1730815283.311682,633.7397935436628,731.1100870040599,None
1730815283.411683,584.3478971581137,689.425218002328,None
1730815283.511684,585.8094937158289,696.5141640564188,None
1730815283.611683,655.9022994372039,658.4656181453579,None
1730815283.711683,734.1197640980737,658.8395016985359,None
1730815283.811684,768.649958326842,665.9249265521718,None
1730815283.911684,744.2065338410159,671.2148241565375,None
1730815284.011689,561.4804995328052,686.8862718909239,None
1730815284.111687,580.7964448358707,679.4653636820395,None
1730815284.211687,578.8968745428176,672.6729471995988,None
1730815284.311689,583.3390334589753,667.7480394148838,None
1730815284.411686,613.4670508990346,673.02741821362,None
1730815284.511692,708.08600515613,673.401144319084,None
1730815284.611683,714.1123357367284,680.211968819741,None
1730815284.711684,738.5531417177021,679.728599902398,None
1730815284.81169,759.3030164826388,667.8871213279168,None
1730815284.911687,648.6063858059217,650.1197682720157,None
1730815285.011681,663.6211420806471,657.6205042587594,None
1730815285.111682,659.5588070409722,669.9962397304186,None
1730815285.211724,600.0788436218357,702.2403940655638,None
1730815285.311683,615.752967837388,702.8467302574098,None
1730815285.411682,624.4097788997768,684.2179364506347,None
1730815285.511682,646.1278652337525,650.1313988175566,None
1730815285.611684,710.605518282585,637.6875977011397,None
1730815285.71169,711.2068291243951,645.685638582521,None
1730815285.811686,730.0119598898546,646.9608000076544,None
1730815285.911687,706.1002341246868,660.4573045343202,None
1730815286.011691,730.2584459415748,667.8767300709754,None
1730815286.111688,707.3040689271029,660.2926418467497,None
1730815286.211689,707.0598740516497,658.5678299575992,None
1730815286.31173,728.1531214789236,662.6759056743309,None
1730815286.41169,727.5261464031131,663.4585118804314,None
1730815286.511686,628.6053608160782,688.4666775873706,None
1730815286.611685,598.1776003281303,708.7219623172135,None
1730815286.711689,635.9111612486098,711.78562059082,None
1730815286.811684,614.854360738311,762.6210882876151,None
1730815286.911682,619.8313141071959,754.4411008852685,None
1730815287.011689,610.015226228084,740.0030838419344,None
1730815287.111689,616.0421811943102,737.0907877240945,None
1730815287.211688,642.2936354846469,758.6171264352786,None
1730815287.311688,708.4850322918862,658.1324624408654,None
1730815287.411689,701.4390103841401,654.1797219194599,None
1730815287.511686,685.2734455655899,659.3450150728737,None
1730815287.611686,694.457475633016,664.3480004410455,None
1730815287.711684,706.8417780416088,662.4635626859831,None
1730815287.811683,669.9937594913663,668.6165464760899,None
1730815287.911686,645.7029756574827,680.8322844647821,None
1730815288.011687,621.7822189982967,643.7508543962828,None
1730815288.111687,620.210615376371,650.6922043793577,None
1730815288.211688,618.152523459207,696.3373718441356,None
1730815288.311685,630.6509557281296,694.8628057840589,None
1730815288.411686,649.266133533884,674.1802119790943,None
1730815288.511686,659.8997822992296,672.604881039006,None
1730815288.611687,696.4818595256521,659.1527955393368,None
1730815288.711684,692.1264435321052,661.8968123720449,None
1730815288.811684,688.7507807510618,680.3434010442872,None
1730815288.911685,719.4459824849766,677.1745553489778,None
1730815289.011685,752.1696576369542,706.8513795151761,None
1730815289.111686,705.6975858152634,660.5948147262044,None
1730815289.211687,701.7644025411386,641.6909045443805,None
1730815289.311687,727.2816171347703,662.1859669316699,None
1730815289.411684,686.775776040265,645.1091917906457,None
1730815289.511689,715.1211707173267,664.849100207919,None
1730815289.61169,713.8890865027895,681.6205653978847,None
1730815289.711691,729.0331567950022,690.1743510451544,None
1730815289.811685,744.3703640757659,677.917602068663,None
1730815289.911685,683.0840025116707,674.5991674504232,None
1730815290.011686,620.0046858417368,659.757884925245,None
1730815290.111686,627.5841033795873,667.9369161308763,None
1730815290.21169,636.3466646148227,673.5797301171947,None
1730815290.311683,628.4923882171352,664.221400496319,None
1730815290.411685,645.4771098289611,668.3728540981468,None
1730815290.511685,644.7724855715956,668.3960636441413,None
1730815290.611712,631.819458277747,669.77686525585,None
1730815290.711687,620.2850763313741,658.1445962329941,None
1730815290.811688,622.8074191014136,660.3856416709683,None
1730815290.911687,702.7053822770816,685.186951105132,None
1730815291.011692,773.679661091512,692.3728163959116,None
1730815291.111689,804.6591511961176,694.8735943734137,None
1730815291.211684,822.1201512779465,693.7876845270878,None
1730815291.311685,844.7569723504457,680.917638562993,None
1730815291.411687,722.8753416860735,700.8718493652243,None
1730815291.511688,719.3385180129906,684.7288586845242,None
1730815291.611685,700.7952176928817,685.2881993126398,None
1730815291.711684,684.0450130648527,678.8327818161283,None
1730815291.811687,719.7295693033839,688.1739079703409,None
1730815291.911685,631.174597918723,661.4069686912501,None
1730815292.011687,643.735961643355,666.3620347665704,None
1730815292.111686,652.3297196930725,667.7026169637587,None
1730815292.21169,633.4146961615969,656.7239180843291,None
1730815292.31169,646.0928625271849,660.7070015014804,None
1730815292.411687,720.4512509867155,655.5078774473503,None
1730815292.511686,732.7565813077841,665.2641773761549,None
1730815292.611688,670.7610772135506,685.4963013844675,None
1730815292.711689,678.7181848037743,681.8507150969733,None
1730815292.811685,681.5660899952787,672.3961587632188,None
1730815292.911682,677.4971835073535,664.520110163138,None
1730815293.011681,670.4976030610615,668.0478138446174,None
1730815293.111688,658.8508653357388,646.5409382060369,None
1730815293.211689,651.3346976370295,659.3640416378746,None
1730815293.311687,589.5089389965441,698.8373993909241,None
1730815293.411688,604.2632957127493,689.2576038136214,None
1730815293.511691,641.8393797135778,702.9840031598561,None
1730815293.611692,654.7119436422345,701.6978857590375,None
1730815293.711686,686.0698463759752,694.8762920529621,None
1730815293.811691,707.3301881262572,678.9598472619612,None
1730815293.911683,722.5523137798649,677.6132661737707,None
1730815294.011684,742.8996980230429,664.9101319524477,None
1730815294.111684,601.6338562095316,615.8856480812425,None
1730815294.211689,663.5876629342581,635.1790759799744,None
1730815294.311685,639.0868650558928,627.9946300237742,None
1730815294.41169,630.9645984189863,629.2952915928803,None
1730815294.511692,664.0105455977633,639.5544602637857,None
1730815294.611682,739.1895556469665,676.2367352836999,None
1730815294.711688,729.4125932575635,674.881898508217,None
1730815294.811692,633.4806877238364,502.2621073117376,None
1730815294.911685,635.3599925664959,540.0812714348249,None
1730815295.011692,640.7401402213824,556.9126911647493,None
1730815295.11169,685.4311434295225,508.2827016208224,None
1730815295.211691,660.5348913135136,531.198033608601,None
1730815295.311686,691.9280440852605,500.600858839342,None
1730815295.411708,710.9602799109117,383.1393041100327,None
1730815295.511684,816.9361581458272,615.8281435354018,None
1730815295.611687,775.1649223776374,532.7896521811932,None
1730815295.711687,798.9891230662049,554.3924807979128,None
1730815295.811688,706.9342402930013,697.8990090895429,None
1730815295.911685,731.3743943439094,875.7260494375879,None
1730815296.011685,704.0152220552003,740.9437430810098,None
1730815296.111682,734.6539385120069,739.4780099294031,None
1730815296.21168,730.9611396332323,708.6372476992473,None
1730815296.31168,550.5906110721055,631.593400129263,None
1730815296.411687,582.4613034319906,636.2929259229276,None
1730815296.511689,605.5191503658981,633.7333341290462,None
1730815296.611685,587.339678765316,663.5995072821771,None
1730815296.711689,613.7554846925958,662.5949455176308,None
1730815296.811683,612.2750389186585,669.8890420954833,None
1730815296.911686,632.22985759442,674.6486142386726,None
1730815297.011686,645.1521862027333,682.5866840406122,None
1730815297.111689,639.1341662941256,688.4955723083052,None
1730815297.211699,633.0338432138913,695.6686407661865,None
1730815297.311686,705.8327719996809,694.3720638467555,None
1730815297.411683,905.1283584952282,551.6729905657937,None
1730815297.511684,1044.0612762175972,591.0749396430522,None
1730815297.611687,1038.1477029743207,601.0846531913371,None
1730815297.711688,1027.6804296321106,594.3959181324435,None
1730815297.811684,1035.4232418353663,598.3528028895644,None
1730815297.911691,1040.0146540638225,595.4855843355185,None
1730815298.011683,1039.1924547361589,592.9510278599207,None
1730815298.111683,1036.9413732286985,577.037663402895,None
1730815298.211687,1031.5094786833952,567.5520391194818,None
1730815298.31169,824.1340734074423,654.7162129396196,None
1730815298.411689,671.1594087548575,667.8170820285127,None
1730815298.511692,680.7755681099316,652.8328588519146,None
1730815298.611689,661.0117478581361,683.7902585251402,None
1730815298.71169,667.0275986115386,660.5323042247245,None
1730815298.811683,560.5751398906253,666.2268463997348,None
1730815298.911686,589.3689271436465,673.4862991235173,None
1730815299.011691,600.2999448490115,677.4617277984814,None
1730815299.111688,622.8679942485591,679.4934478748902,None
1730815299.211689,603.169066631631,696.7374102841509,None
1730815299.311688,612.774130684273,696.0461126827059,None
1730815299.411691,627.4259737224558,684.5599825916476,None
1730815299.511683,618.3946217471132,683.4992801044015,None
1730815299.611688,622.2979454285055,715.402179606857,None
1730815299.711689,637.751845649931,686.0702851876771,None
1730815299.811684,797.5950936440287,778.8450818508679,None
1730815299.91169,709.6205509236837,681.4196057034518,None
1730815300.011685,617.1080918562202,719.815578359718,None
1730815300.111686,608.9102685220149,720.4368804773728,None
1730815300.211686,612.1014478692093,710.1971303295172,None
1730815300.311692,804.8667070052559,727.4238912800189,None
1730815300.411691,803.7693531117816,709.3045083258422,None
1730815300.511682,789.4400021006654,689.9837083087087,None
1730815300.611683,648.2950735530734,750.9307011025907,None
1730815300.711682,551.2908395924849,770.1622019510747,None
1730815300.81168,566.9468520880889,753.9630392676105,None
1730815300.911679,569.9104022927906,735.1835035422289,None
1730815301.011686,566.2977869878094,720.0895403525611,None
1730815301.111683,580.6933415247792,739.3293660165542,None
1730815301.211684,605.6685291275852,739.7404928640525,None
1730815301.311686,596.7234802674508,732.6581385393846,None
1730815301.411686,597.6112153968008,727.1998465241992,None
1730815301.511683,601.4889730395269,725.7718475345647,None
1730815301.611691,600.1179661026118,728.0546334286453,None
1730815301.711689,602.3337506575693,731.5166782036208,None
1730815301.811688,603.7183511126324,733.2479462504466,None
1730815301.911688,604.7335567802132,736.686271071157,None
1730815302.011688,597.0013720012295,618.3286819281301,None
1730815302.11169,495.0127974306795,785.7628862452241,None
1730815302.211692,565.0542935503694,773.3600515787122,None
1730815302.311682,565.6704816932686,780.6103711088617,None
1730815302.41168,561.1225720135868,790.5597047958336,None
1730815302.511688,614.0031884810908,589.8292230484437,None
1730815302.611685,794.2610790271754,642.5244497083073,None
1730815302.711689,826.6092166260911,648.8980862634922,None
1730815302.811692,804.2304855423665,666.867255535969,None
1730815302.911686,787.4284634866266,683.8258176654227,None
1730815303.011683,639.7984425207233,697.6066464664981,None
1730815303.111682,647.925510031479,701.6586668267348,None
1730815303.211683,654.5148576390229,704.4139599743047,None
1730815303.311688,772.5159547880206,677.36230663342,None
1730815303.411684,751.974020320601,673.8624654466126,None
1730815303.511691,755.8656721887778,674.6125514210484,None
1730815303.611689,790.1903821515044,675.0441977481025,None
1730815303.711685,773.0408839104809,656.3694555953417,None
1730815303.811687,879.4206371119197,688.4204086739047,None
1730815303.911689,892.8863349570051,688.246269739436,None
1730815304.011685,920.2368194260732,683.7991496031156,None
1730815304.111688,941.4547119850196,679.1121158610403,None
1730815304.211694,844.0187263122432,673.3162667013625,None
1730815304.31169,851.5820222054049,679.8143630910861,None
1730815304.41169,817.7270414103116,701.5879287700647,None
1730815304.511691,830.1227340648169,699.7498369160908,None
1730815304.611686,822.6793854223879,705.859452965696,None
1730815304.711686,835.8465022632323,712.291230826665,None
1730815304.811683,864.9008181822192,698.4109185565072,None
1730815304.911687,905.1818489204752,692.5001959955003,None
1730815305.011685,719.8778570697158,680.8570064515625,None
1730815305.111684,746.7244432594696,677.8749338130552,None
1730815305.211687,637.4377946860396,666.1035105330524,None
1730815305.311687,665.8569882145255,767.3009610754684,None
1730815305.411684,578.9915059434674,685.8417727698767,None
1730815305.511684,601.0575709169177,699.3930803059181,None
1730815305.611683,618.8367501757805,718.6332453349577,None
1730815305.711686,596.4961421873522,696.9540454052914,None
1730815305.81169,770.4054873208106,640.321376467578,None
1730815305.911683,775.7045989215162,647.9349814231199,None
1730815306.011689,754.2574661705197,666.2366581541173,None
1730815306.111686,747.9549009703865,663.7286286073628,None
1730815306.211683,708.8016106094603,672.4301466832965,None
1730815306.311686,721.2492477857605,672.9860402973034,None
1730815306.411685,752.4663334238855,756.7852036894953,None
1730815306.511685,792.0743249378204,886.8348273813023,None
1730815306.611693,816.0540210848983,893.3864104650478,None
1730815306.711684,846.4781780724848,897.2413605416389,None
1730815306.811684,926.181169230182,918.9184468591158,None
1730815306.911682,687.806588134673,654.0129106820356,None
1730815307.011692,710.4966753796933,659.8521863609867,None
1730815307.111684,685.1783672643004,644.2104041192842,None
1730815307.211684,695.5754556591667,640.7971240361062,None
1730815307.311681,708.9463325824848,622.8498782810791,None
1730815307.411684,733.8904670246404,633.0104854608337,None
1730815307.511685,772.3843716093726,647.531097267423,None
1730815307.611687,755.4458779387711,671.9390604493339,None
1730815307.711684,805.11350703097,688.0304221396859,None
1730815307.811692,658.3397958073654,698.6589875040488,None
1730815307.911684,681.1613142443448,697.3902708650403,None
1730815308.011683,693.4666108729568,701.2883081394363,None
1730815308.111683,653.7359101442389,696.7350960600443,None
1730815308.211684,667.1872317506786,687.3172375388422,None
1730815308.311684,642.647923277855,684.8135512577455,None
1730815308.411689,699.1369866597161,726.4943100483642,None
1730815308.511689,691.3244795087601,691.5576929241261,None
1730815308.611688,647.5524684774276,688.9233719628178,None
1730815308.711682,680.3080760902517,698.8149989306174,None
1730815308.811682,674.5546463498697,700.8759780663748,None
1730815308.911681,660.7408695113734,685.4976139594517,None
1730815309.011684,671.525296042001,689.1208772065123,None
1730815309.111692,707.4480302758136,678.754567018544,None
1730815309.211688,729.6455572558064,667.5894404959546,None
1730815309.311686,655.4107820026172,638.8927799618516,None
1730815309.411687,684.6262251698702,643.7010499338132,None
1730815309.511684,700.9224187962146,651.8688813445849,None
1730815309.611679,672.6265168953071,679.68096402898,None
1730815309.711691,717.8873484635758,672.7449742197019,None
1730815309.811689,687.5396149808404,681.7054030304648,None
1730815309.911682,711.6780525652823,681.9379442380006,None
1730815310.011689,728.9927226691883,682.2642971820095,None
1730815310.111689,707.026247853654,699.2772545550873,None
1730815310.211686,721.4910174471283,660.3224988782881,None
1730815310.311687,648.3178490102982,660.8914760990033,None
1730815310.411682,653.190367389802,644.5107029762185,None
1730815310.511683,670.3845853076766,641.2855088036383,None
1730815310.611683,631.095047292848,666.8825751003216,None
1730815310.711688,636.9107352324907,675.1965848394154,None
1730815310.811692,662.9040313639448,675.4101071617472,None
1730815310.911691,652.3699319600253,684.1199183318319,None
1730815311.011679,660.0786085963751,684.929840005195,None
1730815311.111691,521.8008269918893,775.0117824984396,None
1730815311.211682,539.4148674784698,760.455251108057,None
1730815311.311687,731.1419250176446,648.6507037628219,None
1730815311.41169,729.4544333619058,665.8673351858514,None
1730815311.511693,743.0535820853274,683.5125965544954,None
1730815311.611683,727.8374662516313,691.0085256030009,None
1730815311.711684,747.2810444945826,699.9953148812995,None
1730815311.811684,768.6624791782812,699.7099122105038,None
1730815311.911692,792.801436546885,685.653667457854,None
1730815312.011689,728.2206744546282,668.1305843838477,None
1730815312.111686,771.0712115240253,656.4149913487859,None
1730815312.211685,679.3991474375431,577.6221011683024,None
1730815312.311688,643.5076031157805,621.8105063547416,None
1730815312.411689,659.1932986163162,643.0598383984047,None
1730815312.51169,601.538323722303,645.6091616340311,None
1730815312.61169,626.7085734470795,649.7649569450315,None
1730815312.711691,646.5380613857778,647.6441402175769,None
1730815312.811692,635.0858383969256,660.5077568935606,None
1730815312.911688,640.613446705261,660.507987802382,None
1730815313.011683,643.8547729818503,647.1043487906143,None
1730815313.111684,649.7094165007491,644.015485170484,None
1730815313.211707,660.8742796413225,676.6907462733246,None
1730815313.311685,669.9235875129516,697.0408160402646,None
1730815313.411686,676.1097685456256,711.1767052454716,None
1730815313.511683,693.3660226531205,704.7101451827218,None
1730815313.611683,736.054803252661,696.6193859821473,None
1730815313.711684,759.9059266613135,673.8170044245702,None
1730815313.811685,812.971617117519,671.2659500937621,None
1730815313.911689,869.1376951046285,666.3179452939113,None
1730815314.011685,678.1296141892907,651.064582528966,None
1730815314.111684,613.6743319399368,660.0259179152224,None
1730815314.211684,631.2552118426051,671.8884062738838,None
1730815314.311692,669.5808078866925,670.4296524853305,None
1730815314.411679,692.5845320398537,659.3346031904141,None
1730815314.511684,734.6583217457919,666.7335024278852,None
1730815314.611692,756.7642453934271,650.1404561862905,None
1730815314.711683,765.8802564435309,654.9424581087188,None
1730815314.811691,819.0334395319637,663.2937604645867,None
1730815314.911686,740.1921450525888,672.3796081833682,None
1730815315.011684,766.5953501864276,690.8654545835706,None
1730815315.111688,597.0862644587806,693.8950766127897,None
1730815315.211683,619.9797208699515,697.7681556103655,None
1730815315.311693,577.7792740007837,685.4810260904251,None
1730815315.41169,540.4295740271647,795.2924226120243,None
1730815315.511689,564.6426256864991,754.8424537512443,None
1730815315.611683,582.6034984922189,688.0804775034692,None
1730815315.711689,583.9128854469822,657.9174581852961,None
1730815315.811688,592.1808395750859,688.0314251324181,None
1730815315.911688,593.1241450312372,636.8105047963572,None
1730815316.011691,587.8439906841407,682.66410597983,None
1730815316.11168,574.5866547808166,697.0289543333889,None
1730815316.211685,647.4432521012427,630.1429117914706,None
1730815316.311683,931.3523292193116,489.5702709481672,None
1730815316.411691,972.1567965940392,602.9330202660722,None
1730815316.511692,1017.3436127599888,591.705608906824,None
1730815316.611686,1050.6509535068494,609.6141040167315,None
1730815316.711687,817.8634362778944,680.113218741941,None
1730815316.811686,656.0441663301258,723.7926433098002,None
1730815316.911684,686.2875243511255,689.0086471262784,None
1730815317.011686,702.8748304506058,681.1073823459049,None
1730815317.111686,716.0898712541368,668.2838084765843,None
1730815317.211688,727.648801579319,672.751122218803,None
1730815317.311684,763.3338687521162,669.1059232186112,None
1730815317.411683,923.7234959431192,559.7335315414693,None
1730815317.511684,1039.8550833614622,604.6167683074227,None
1730815317.611687,971.6840738212728,609.3928065442226,None
1730815317.711689,931.0621130842262,636.1448672316309,None
1730815317.811688,913.7885486175826,607.7321197373776,None
1730815317.911691,873.5379605460365,614.9643202007203,None
1730815318.011721,826.0070482551969,619.7661848137969,None
1730815318.111685,629.5416324424906,702.9586665753758,None
1730815318.211684,665.7225508345739,674.1541541649066,None
1730815318.311688,715.2008305717733,726.9524081739448,None
1730815318.411692,685.7310972914173,694.8369099093936,None
1730815318.511687,651.9635823996391,690.4657746635668,None
1730815318.611684,636.5756139230338,683.2916571725899,None
1730815318.711687,506.6003958314492,674.678175261707,None
1730815318.811687,531.9447699839043,671.7503461070933,None
1730815318.911682,579.8568603397448,667.2227491358378,None
1730815319.011683,681.0675671249804,674.6358180841594,None
1730815319.111708,693.7907871852395,664.826084285862,None
1730815319.211686,695.6214790248299,667.2832160356293,None
1730815319.311685,732.1941879855068,683.2084214068145,None
1730815319.411682,800.3351975735197,685.0066631523313,None
1730815319.511689,628.8621954200918,703.9970682983537,None
1730815319.611683,670.8827125807052,695.5379447238771,None
1730815319.711682,590.70437860943,690.4243655081101,None
1730815319.811684,597.6193129872559,672.9325868749224,None
1730815319.911688,558.5820504412341,669.9395794509219,None
1730815320.011692,534.5874839068363,661.0213652039331,None
1730815320.111684,543.4861505444849,673.5129264239492,None
1730815320.211688,546.1687868692813,690.2686044793269,None
1730815320.311685,548.1898699982597,684.949694627201,None
1730815320.411682,620.2550162038004,692.8853976264247,None
1730815320.511684,639.1782440664183,683.4945918613178,None
1730815320.611687,562.314254224754,668.1682371739122,None
1730815320.71169,591.908483225342,644.0511158078373,None
1730815320.811689,607.6859793750695,654.2701700835262,None
1730815320.911687,616.3254837793261,659.5571679571308,None
1730815321.011684,621.2995098459195,681.3761823329914,None
1730815321.111685,618.9313054699626,699.5006236086322,None
1730815321.211686,617.3015532899633,719.9556056166422,None
1730815321.311685,638.3684754872252,717.7802869011676,None
1730815321.411689,652.8789502172743,704.946179973921,None
1730815321.511684,692.0700903839606,700.4385326741926,None
1730815321.611687,749.8538091640947,704.9098391141791,None
1730815321.711686,773.1767213882164,694.5584018444432,None
1730815321.811693,601.7898446015349,709.4818930537893,None
1730815321.911693,595.6496258098917,694.4274261701127,None
1730815322.011694,594.0280777943019,689.6786734921607,None
1730815322.111684,529.2060314380744,679.3810315659556,None
1730815322.211684,569.7305535533106,675.4946588911727,None
1730815322.311687,595.8837601655324,660.5180807394831,None
1730815322.411688,599.7276417473146,669.1678364053992,None
1730815322.511684,605.246013828701,662.5750642460299,None
1730815322.611682,612.3532834201417,681.4771763187499,None
1730815322.711683,610.3060179395438,678.8529541407707,None
1730815322.811691,610.9267852021017,461.7312795060202,None
1730815322.911683,628.7753023377966,483.1025598874569,None
1730815323.011684,611.7981884999633,507.5537663921437,None
1730815323.111681,616.7929314163875,530.4604244020172,None
1730815323.211685,610.3554911370018,352.38884131591675,None
1730815323.311692,648.0264322984199,428.6891121503229,None
1730815323.411679,669.739116624816,441.33721028627775,None
1730815323.511679,654.9209133589951,625.6492357071738,None
1730815323.61168,706.9762086792349,795.7250133531444,None
1730815323.711684,703.9861547240739,734.4529087651213,None
1730815323.811692,701.0233709262025,693.1945415333903,None
1730815323.911685,706.6407005926186,679.1097493900694,None
1730815324.011686,627.8732334499105,689.6112881877993,None
1730815324.111687,590.8697662739091,671.8764476395165,None
1730815324.211686,595.8679204948417,682.172688166068,None
1730815324.311681,597.007756591414,687.4680690698798,None
1730815324.411681,602.0151835436561,674.6378164692288,None
1730815324.511688,600.812771996392,717.8804687873599,None
1730815324.61169,597.977112857251,709.6688768693266,None
1730815324.711687,604.5074936501311,709.6495599647634,None
1730815324.811688,609.3784583594465,708.527972938132,None
1730815324.911689,619.0171292079751,673.0858262528377,None
1730815325.011689,618.4996799017937,678.0860516794318,None
1730815325.11169,614.4061960062684,674.6703761556412,None
1730815325.21169,614.755834308288,659.8462694407507,None
1730815325.311682,616.0278224165511,653.6197166263469,None
1730815325.41168,751.6374437902666,661.0042076444477,None
1730815325.511681,732.6169053378172,672.0636143924283,None
1730815325.611688,697.9598754254974,666.0933327046178,None
1730815325.711696,700.6471416126086,671.9544373740328,None
1730815325.811691,692.6319695649516,665.5589957812958,None
1730815325.911683,609.8367191597441,642.0108154460193,None
1730815326.011691,632.9925152812992,624.450146485415,None
1730815326.111688,647.281771362526,627.2870281547514,None
1730815326.21169,753.9490954400613,616.8360878373293,None
1730815326.311691,769.3595208650784,672.0459536884291,None
1730815326.411691,777.5682372171173,676.0407195612438,None
1730815326.511688,768.102218064945,677.3171778495214,None
1730815326.61168,788.3764722545968,663.0681116583972,None
1730815326.711684,837.0038610730737,650.6417813757275,None
1730815326.811688,907.3394790767288,649.4641144992819,None
1730815326.911693,622.0261685864899,630.1187789325814,None
1730815327.011683,649.437989141184,636.0151889042115,None
1730815327.111687,677.6256349779884,638.4689129591567,None
1730815327.21169,654.4017766784272,664.775258928685,None
1730815327.311686,673.48038097844,665.155666226182,None
1730815327.411688,674.148827976118,666.7960371809335,None
1730815327.511687,676.1882095309705,664.150916746783,None
1730815327.611684,673.568193374924,671.2293947609696,None
1730815327.711684,670.6617386205459,466.33450846316657,None
1730815327.811687,654.8725481866288,459.1567473504393,None
1730815327.911691,658.7625449318018,465.3540145366184,None
1730815328.011683,662.4015257572051,474.3774560252104,None
1730815328.111682,667.0624748007762,469.9206520002061,None
1730815328.211689,671.0205159896562,457.4570371830688,None
1730815328.311691,694.1233582334523,594.5669493659576,None
1730815328.411684,770.0715582510452,686.4970244741745,None
1730815328.511683,759.5290381454012,664.3568616190955,None
1730815328.611685,687.9733279915997,671.2110235389725,None
1730815328.711682,692.6917419614226,666.4161830889831,None
1730815328.81169,672.3815834368728,661.9283362903573,None
1730815328.911691,669.3183385397657,659.8800574890521,None
1730815329.011689,673.7006059224827,653.8870098403081,None
1730815329.111684,651.654251443369,649.5854857430442,None
1730815329.211682,681.0488293248137,654.2332727183257,None
1730815329.311689,693.1799452544515,665.7061266548246,None
1730815329.411691,733.8479269778607,679.0574117734242,None
1730815329.51169,780.8991731590194,678.0378225965294,None
1730815329.611687,748.1896787964337,677.981685658827,None
1730815329.711685,618.3877287712425,665.6595299802602,None
1730815329.811681,599.36148957198,653.5608637125453,None
1730815329.911689,618.2699407662768,649.2379109881708,None
1730815330.011691,590.34918516877,608.3374452397367,None
1730815330.111687,590.7047442676512,610.2175077966651,None
1730815330.211682,602.5220675648358,637.1013753259977,None
1730815330.311681,609.5877016039267,632.1332734537671,None
1730815330.411681,613.415613574041,635.58671056925,None
1730815330.511691,614.853838566279,641.7139371614971,None
1730815330.611685,614.294457328607,647.774767820997,None
1730815330.711688,632.3972284368283,530.1899086389525,None
1730815330.811688,624.3886339814576,551.0601828420474,None
1730815330.911685,621.324603784472,558.6671782236335,None
1730815331.011684,613.7342224826158,558.4906813009973,None
1730815331.111681,673.1403525018324,692.5391912620188,None
1730815331.211688,711.9866195503819,707.9401447687576,None
1730815331.311685,697.4654634474364,702.9809925075865,None
1730815331.411693,661.2251619229797,679.295113594512,None
1730815331.511688,658.5748146133894,660.277757153955,None
1730815331.611683,646.7570166285992,644.0745929113137,None
1730815331.711684,646.8100774035353,644.8606126992316,None
1730815331.81169,644.228279195183,695.9600836872833,None
1730815331.911686,617.012156873706,851.5581802265682,None
1730815332.01169,640.360931996077,798.4913883518692,None
1730815332.111687,613.1191053471243,676.5795473153543,None
1730815332.211682,605.468134114072,673.8203412918302,None
1730815332.311678,613.1597027445622,630.1049408985731,None
1730815332.411688,700.7123712021204,534.5530348762622,None
1730815332.511692,691.1067964068598,567.9205032918136,None
1730815332.611691,667.395798051553,594.3622520658439,None
1730815332.711685,673.9857304894833,624.8473318088975,None
1730815332.811682,679.6835715647579,637.4874653730692,None
1730815332.911687,675.4857153623257,640.0134685398671,None
1730815333.011691,681.7566141704247,661.1653480968698,None
1730815333.111692,691.9616005327883,662.2160581777675,None
1730815333.211686,695.5563334241461,664.1013263339042,None
1730815333.311684,709.6999112449279,656.8289360205976,None
1730815333.411688,717.7088186493868,676.3861614768438,None
1730815333.511688,730.8005432934838,676.4121478527527,None
1730815333.611689,744.6619797790366,675.8051984451818,None
1730815333.711689,766.8921255533667,675.791690753842,None
1730815333.811693,801.9768647781198,670.5574109914274,None
1730815333.91169,797.7935086278832,672.035431857067,None
1730815334.011688,821.1779376093001,660.689088045986,None
1730815334.111691,731.8489985610374,639.485776953779,None
1730815334.211692,718.4602676810047,637.7365659689442,None
1730815334.311687,750.8165548987183,646.5530760944025,None
1730815334.411685,724.9604298839505,677.5761098445814,None
1730815334.511692,743.6200597469206,680.6110609940278,None
1730815334.611689,685.1820656481962,691.22455203828,None
1730815334.711689,633.19707229503,666.1960342966712,None
1730815334.81169,612.1912204950977,649.9630835950046,None
1730815334.91169,632.0726491622172,651.6992327374101,None
1730815335.011685,525.6249076983556,699.7777332091973,None
1730815335.111691,540.8788486524019,702.1474776197456,None
1730815335.211687,548.8306748844223,710.1099571711734,None
1730815335.311689,557.0646793376272,722.2777611791142,None
1730815335.411689,552.7313829722385,708.8449706209553,None
1730815335.511685,749.556471316557,655.8710164113617,None
1730815335.611691,760.2194584570404,661.1187362341898,None
1730815335.711689,753.9817877200879,661.0315566223085,None
1730815335.811684,775.7892706237818,655.7434627654636,None
1730815335.911685,813.8735500283324,655.3361892742558,None
1730815336.011679,859.6891935206583,658.1752275868506,None
1730815336.111692,836.3590310970942,652.1983657256588,None
1730815336.211686,621.8683968627614,663.6196577059413,None
1730815336.311685,649.1936438007318,674.066855367689,None
1730815336.411687,676.96379447359,664.2869792940407,None
1730815336.511684,610.8699505616642,640.7085041785025,None
1730815336.611691,637.4611463932016,632.6985207041406,None
1730815336.711689,621.6833889578302,644.0813074457116,None
1730815336.811684,640.1020650830415,665.7457998197733,None
1730815336.911689,649.1502400002278,676.5536069336803,None
1730815337.011689,647.3729842220031,686.7227554663427,None
1730815337.111688,782.0627338466184,676.1406249380615,None
1730815337.211689,804.8911908020647,682.5546056663521,None
1730815337.311681,812.4692758594513,685.0536104580482,None
1730815337.411687,726.145901011151,675.8829509253352,None
1730815337.511688,713.6714339192705,672.7264200409859,None
1730815337.611692,710.5116861694995,661.7642783153044,None
1730815337.711681,732.8066344503088,657.4898261699244,None
1730815337.811685,751.168068558675,674.3267297461389,None
1730815337.911688,779.9175613281151,685.3446990372437,None
1730815338.011685,803.9774818168493,692.2423871733585,None
1730815338.111687,835.7078855348493,685.7834841342947,None
1730815338.211684,766.3588297634857,636.2803628664211,None
1730815338.311689,673.6598566150403,623.258068613649,None
1730815338.411683,697.4296457965298,630.4154802039276,None
1730815338.511687,714.2474593861185,638.0243755225026,None
1730815338.611688,651.9841047601124,633.6135832623161,None
1730815338.711683,657.9147406766032,639.9981953173582,None
1730815338.811691,645.1561202626516,642.7992769772751,None
1730815338.911685,600.8439149332083,648.1250043848518,None
1730815339.011687,598.3151336937661,639.6563958393472,None
1730815339.111686,567.0015006011527,683.2664044761111,None
1730815339.211693,567.3935841324467,681.0812717815537,None
1730815339.311682,573.6333283766224,667.6295117153625,None
1730815339.411689,745.8637497944818,613.0542771970196,None
1730815339.511688,748.6310460671754,646.0743038963212,None
1730815339.611689,770.9950597404799,659.8615342708215,None
1730815339.71169,767.199251260892,662.624109791686,None
1730815339.811687,791.590952406168,662.8179795698662,None
1730815339.911685,850.9026329673068,662.0298409992284,None
1730815340.011688,884.6670132753115,661.2817673615001,None
1730815340.111688,892.9272872924282,659.2059086464526,None
1730815340.211685,669.354346514941,647.9308168947862,None
1730815340.311684,665.6112239101975,657.4145650767746,None
1730815340.411688,679.8857070844857,671.8763045397561,None
1730815340.511686,602.3625558172548,682.4386169616292,None
1730815340.611683,620.5457452231257,663.3095481419781,None
1730815340.711685,617.5822449724632,680.1382030869365,None
1730815340.811682,586.2897261473047,718.3221020062017,None
1730815340.911685,609.3911662551451,717.7925003969408,None
1730815341.01169,744.9221279055289,650.6557220391962,None
1730815341.111683,760.0716579085608,648.6283929739,None
1730815341.211685,782.6452718112964,659.1968016204771,None
1730815341.31169,782.0868903920392,676.6632896932226,None
1730815341.41169,817.5380247877706,692.9329483021475,None
1730815341.511691,690.3296133244166,672.1830860187351,None
1730815341.611684,692.0367414958016,671.337617595287,None
1730815341.711685,700.6598283071361,664.0222783649789,None
1730815341.811686,714.550429171301,670.4013444698677,None
1730815341.911686,722.6862025356577,674.2588871015282,None
1730815342.011683,714.4955795078865,688.6817255991525,None
1730815342.111684,733.1303718837435,698.344994071716,None
1730815342.211684,725.5984402440697,693.0780164658995,None
1730815342.311692,750.127570929888,685.2852316608124,None
1730815342.411727,769.3923316178234,678.0517485847247,None
1730815342.511687,836.8448943606567,669.9185377495538,None
1730815342.611684,692.9631903972962,672.8334994462989,None
1730815342.711685,694.6776996073853,675.12906577361,None
1730815342.811688,607.8107646059215,661.5894144501842,None
1730815342.911689,598.871023885665,727.6166741375729,None
1730815343.011686,572.4187430728407,795.3985774785892,None
1730815343.111684,598.185740155873,802.9363797770105,None
1730815343.21169,592.8464559536314,801.4837453236044,None
1730815343.311689,686.5822556670859,651.8823666505099,None
1730815343.411689,720.2804416772979,644.893312783235,None
1730815343.511687,681.6154802799388,641.5064724140785,None
1730815343.611685,660.8304287160398,641.9693147391041,None
1730815343.711685,628.9245590156539,646.9816772921222,None
1730815343.811686,625.7380946579033,656.7285431759411,None
1730815343.911688,554.3135998769169,527.5841563955088,None
1730815344.011682,565.3570105073411,554.0810977776346,None
1730815344.111684,560.4505633386077,611.7798526059628,None
1730815344.211687,560.1911593615195,701.0836962752173,None
1730815344.311687,573.0460376274053,688.9242930238248,None
1730815344.411688,595.9887613877419,685.6116093076031,None
1730815344.511684,727.3515974398127,675.6500646041382,None
1730815344.61169,740.6468707984218,690.2592805098707,None
1730815344.71169,752.5539401003851,693.5297383026748,None
1730815344.811691,760.5524031191281,690.2789004144825,None
1730815344.911682,786.0872768243761,694.6765506191581,None
1730815345.011685,797.9575013538029,688.4659724267294,None
1730815345.11168,630.7339894588799,665.4859745913867,None
1730815345.211686,677.2351556358725,676.3303032671117,None
1730815345.311687,612.6963921935454,671.7686066123292,None
1730815345.411683,620.4078722039573,686.6534412955257,None
1730815345.511691,634.9307301173766,699.1949139295676,None
1730815345.611691,579.2869524535449,417.8172533032737,None
1730815345.711684,588.6447149845603,502.51456113326674,None
1730815345.811683,624.4510322096487,500.6929644147433,None
1730815345.911684,706.7880212498645,687.4552345856732,None
1730815346.011684,695.5980975596946,724.7469650138869,None
1730815346.111685,697.0469105460614,695.42424010908,None
1730815346.21169,687.474362293989,671.6091464675286,None
1730815346.311685,663.8229403427417,644.740787757162,None
1730815346.411682,669.6358742653331,678.9363895937865,None
1730815346.511681,688.7841535849763,683.848426771985,None
1730815346.611684,658.958453418995,671.3539775553444,None
1730815346.711682,641.5226401135737,682.6020479889744,None
1730815346.811691,640.8000322529497,684.0273420312276,None
1730815346.911693,694.6033809633788,667.8453485697044,None
1730815347.011682,758.6615689081984,673.2120085442052,None
1730815347.111686,724.7426305667827,624.0400471949905,None
1730815347.211688,766.5762239179327,644.705037619194,None
1730815347.311688,833.7223059700318,658.7818443383798,None
1730815347.411689,696.8437133483887,672.4116137302632,None
1730815347.511689,683.2538328296348,673.5996289251666,None
1730815347.611682,734.2634201191577,720.4188745944608,None
1730815347.71168,709.949514801988,677.2296093683236,None
1730815347.811683,715.8896887512819,672.8698580682757,None
1730815347.91169,721.4937514996387,692.7590524228136,None
1730815348.01169,766.5820888381546,681.2619259847446,None
1730815348.111686,766.3806856226726,684.1494240472459,None
1730815348.211679,812.5048298826433,683.5743677686226,None
1730815348.311679,803.2288454473712,671.7395601858058,None
1730815348.411689,820.6217172756448,669.4394707287091,None
1730815348.511691,836.5531049924218,672.1905203259383,None
1730815348.611692,820.3721459609233,655.5482163281641,None
1730815348.711692,837.2171814009124,653.0167007990502,None
1730815348.81168,843.9514920811771,659.9599417884334,None
1730815348.911687,849.4845548817793,668.2529967629447,None
1730815349.011687,682.1016492507739,673.584332965339,None
1730815349.111688,700.2982746805887,678.1931943475587,None
1730815349.211687,693.6414212356962,694.2463610284326,None
1730815349.311689,707.8663845394128,687.4736027879111,None
1730815349.411684,709.4634962945299,670.4440510609086,None
1730815349.511684,727.6432178288852,660.3382971205414,None
1730815349.611685,744.8865528594531,654.2695658217766,None
1730815349.711685,757.2544366132892,677.0811414988557,None
1730815349.811686,696.219007532884,698.7557200384734,None
1730815349.911687,705.59736812802,684.9266608011415,None
1730815350.01169,688.3512496073796,673.003099362811,None
1730815350.111687,708.0118194063547,659.8014815274831,None
1730815350.211687,737.4741218232839,647.0974054562208,None
1730815350.311685,759.1139020667407,628.8549467726457,None
1730815350.411687,716.7044536340984,646.8125297089786,None
1730815350.511683,707.07856900796,634.973064441968,None
1730815350.61169,724.5478779194391,653.4433871989088,None
1730815350.711679,738.276724402621,666.1643306055088,None
1730815350.811686,772.0064974585316,667.910561836255,None
1730815350.911683,668.4102546226698,668.1299791501967,None
1730815351.011688,670.7407440527402,666.5409327866939,None
1730815351.111687,621.4314775011683,695.1409640473,None
1730815351.211684,581.9788961718195,700.691147356422,None
1730815351.311681,597.7482053812889,685.0195897708592,None
1730815351.411682,591.4615249512854,698.5683143796656,None
1730815351.511688,582.340280475856,705.0063386253145,None
1730815351.611689,664.6424093730016,689.7128895784334,None
1730815351.711686,711.0575984150428,630.8744715564227,None
1730815351.811685,709.9446501642303,645.0697248702436,None
1730815351.911682,721.9410586971827,646.5525311610879,None
1730815352.011689,707.95154861524,653.8730833235923,None
1730815352.111683,690.0367036752922,654.0893663153311,None
1730815352.211686,644.6152437560431,654.2661361366842,None
1730815352.311692,666.4800961934046,657.1337968575438,None
1730815352.411685,688.1248989234074,665.2062102037485,None
1730815352.511682,718.5015251958849,680.7250922980443,None
1730815352.611679,700.2870569421095,675.4432662391915,None
1730815352.71168,702.2529464284737,683.2767905582795,None
1730815352.81169,711.3242394149617,677.7477622374882,None
1730815352.911691,782.3845992639979,680.6351277870695,None
1730815353.011688,781.4162442329318,684.8017548574464,None
1730815353.111688,784.5356172699352,678.671229281053,None
1730815353.211682,704.3622417650884,654.7285400024099,None
1730815353.311689,709.014317911104,650.6426916972547,None
1730815353.411691,699.1977138111855,657.3892126353273,None
1730815353.511684,704.9285801904605,663.1350177648783,None
1730815353.611682,703.4317341634871,667.6228635247255,None
1730815353.711687,673.5233456603441,657.3148373333725,None
1730815353.811692,666.5916956035175,649.1113717994658,None
1730815353.911692,674.5009283504955,638.6000436868981,None
1730815354.011685,649.0554835895038,644.7755844792681,None
1730815354.111687,676.1128897906593,653.2603686885473,None
1730815354.211685,590.5636411767886,666.5087073187799,None
1730815354.31169,604.7472831951386,680.7324019815738,None
1730815354.411681,614.9155599768503,684.6047887951498,None
1730815354.511689,750.225996462343,683.9555657380976,None
1730815354.611689,745.6948565696232,689.7302506373179,None
1730815354.711691,748.3635280363634,690.5512729136345,None
1730815354.811682,746.0629654426716,684.7951898817746,None
1730815354.911685,766.3167989959727,682.8004170986094,None
1730815355.011686,719.8834599905899,688.0219293234707,None
1730815355.11169,717.1141062902142,662.647786948893,None
1730815355.211683,669.5876884249402,657.6048506454919,None
1730815355.311686,658.2325928865548,658.7438970586887,None
1730815355.411685,676.6445856559,661.3083246391309,None
1730815355.511684,681.8899118738326,678.8816322655105,None
1730815355.611685,664.9774562513809,679.9455676138413,None
1730815355.711681,669.9140200763466,682.3349187909619,None
1730815355.811682,684.3794264547846,680.3153530073375,None
1730815355.911683,702.3388874005597,680.4270601690524,None
1730815356.011683,693.4899354991622,672.3493443611784,None
1730815356.111684,694.700753489168,659.1820231137993,None
1730815356.211684,677.043203091963,661.467600918886,None
1730815356.311689,690.2563453359259,664.0688258656764,None
1730815356.411687,700.5478837520612,661.5000303747271,None
1730815356.51169,721.7449209293253,663.0458799309989,None
1730815356.611693,755.0690692797839,661.1279625276658,None
1730815356.711685,787.1043181186297,681.1902980170598,None
1730815356.811688,836.5942749351493,692.4010347152456,None
1730815356.911684,857.4986178816049,686.2547230816002,None
1730815357.011689,833.9551254672091,696.2846641603079,None
1730815357.11169,860.5809521782359,692.4667567695653,None
1730815357.21169,910.5742470226962,691.7301927181951,None
1730815357.311686,892.1141696205449,686.0317483726099,None
1730815357.411686,609.7569210208183,669.6108302262547,None
1730815357.511683,663.6761934664104,674.4007661583647,None
1730815357.611691,685.5372178277289,656.3668554924354,None
1730815357.711684,697.9192456769422,644.0059935370828,None
1730815357.811687,701.6271988029384,647.8435606014517,None
1730815357.911688,802.654253983437,642.3625872432175,None
1730815358.011727,787.2040678383207,662.3109048959346,None
1730815358.111687,785.81493537066,678.2200233919069,None
1730815358.211691,778.3386419938565,718.4998616401969,None
1730815358.311689,787.160596149251,720.5939767762774,None
1730815358.411681,721.2193145545281,716.9609483426296,None
1730815358.511684,724.7896299263886,706.2262136718226,None
1730815358.611686,732.4341295817934,693.4871354938638,None
1730815358.711694,746.0963503858732,681.5014821372049,None
1730815358.811688,730.5938188356148,666.1081191272226,None
1730815358.91169,727.7908438143018,661.3368973327266,None
1730815359.011683,724.6934456103463,666.6709053775866,None
1730815359.11168,742.5100156896166,680.0988927540144,None
1730815359.211684,742.378527127564,674.1251159975728,None
1730815359.311685,749.4777360363215,670.178802438605,None
1730815359.411682,762.033572944846,671.2084237932136,None
1730815359.511682,754.3527429422071,683.7776198701758,None
1730815359.611685,761.5016179791559,685.6136313698141,None
1730815359.71169,724.7567011390444,678.4599289308563,None
1730815359.811692,750.9170900288335,680.9620447736826,None
1730815359.911688,746.256544539122,677.3545125469591,None
1730815360.011682,772.3441417855781,677.9708939275257,None
1730815360.111682,800.054634050581,678.8937001210887,None
1730815360.211685,821.8044146580456,680.6304205185589,None
1730815360.311683,856.1369439984884,681.8070755393538,None
1730815360.411679,744.0289034946373,617.8892222731047,None
1730815360.511693,605.4164542113627,655.765418899037,None
1730815360.611682,606.6447631252718,657.1537514536685,None
1730815360.711683,620.4834849283077,641.2594115947744,None
1730815360.811683,647.8546041174995,645.6474579753016,None
1730815360.911684,644.038731145811,649.0956205679109,None
1730815361.011679,647.9715437805057,657.980287705899,None
1730815361.111691,725.8692913862357,676.5719914379305,None
1730815361.211683,718.2327875840656,672.6490760295898,None
1730815361.311691,768.7457356956642,605.1945374185163,None
1730815361.411685,803.646437254455,668.1110116828305,None
1730815361.511685,797.0718976986122,680.4833358528156,None
1730815361.611688,696.5897371418645,572.6100171091964,None
1730815361.711685,753.4598588928687,773.3123523071166,None
1730815361.81169,753.7210535477739,747.536419657773,None
1730815361.911686,744.3334933076108,733.3454063620865,None
1730815362.011683,735.5923857751384,713.5172967865316,None
1730815362.11169,782.0661257508981,752.3597417348208,None
1730815362.211684,772.5374402058014,726.3020613885083,None
1730815362.311687,803.0930429360116,688.649492980897,None
1730815362.411688,823.5297449747218,680.6020170260257,None
1730815362.511681,821.7888105353793,656.9380278741378,None
1730815362.611691,837.0312956005272,646.2334841583702,None
1730815362.71169,818.9149417690576,649.2928267059636,None
1730815362.811684,826.8803949834565,650.9695778899166,None
1730815362.911688,812.227908688262,664.0558104380789,None
1730815363.011691,817.608708988608,658.6423749274993,None
1730815363.111687,836.5884726975414,657.278853027909,None
1730815363.211685,826.5064750093651,669.086836607855,None
1730815363.311686,828.2755481313366,665.8387986009683,None
1730815363.411686,854.9037820020961,658.1941207600129,None
1730815363.511691,884.213846055341,667.5958963178784,None
1730815363.611688,916.5843540067832,687.1627120854715,None
1730815363.711686,771.377319380463,689.662280260526,None
1730815363.811687,800.9497610104092,691.9985863233272,None
1730815363.911685,628.8064894485011,703.7837848035198,None
1730815364.011688,621.0782796776246,667.766059407488,None
1730815364.111683,640.4337124830472,671.1302298458615,None
1730815364.211688,627.0679097338221,736.3683009464311,None
1730815364.311686,633.5043525995459,733.8770661180082,None
1730815364.411691,601.5054583921328,713.9873937575511,None
1730815364.51168,612.4350949028803,711.1030835391404,None
1730815364.611686,605.5546780899055,705.6811510341479,None
1730815364.711687,610.2497955355238,703.916820787391,None
1730815364.811685,619.5787843720203,706.8536250209928,None
1730815364.911687,600.0737046747048,706.8356886575532,None
1730815365.01168,594.4579690014301,716.5327343100796,None
1730815365.111681,591.2705281669682,720.0241351028269,None
1730815365.211682,593.687987959161,713.9246572279313,None
1730815365.311682,594.9666883141996,732.0941548909287,None
1730815365.411683,595.8479613121128,746.9776521862262,None
1730815365.511683,608.9352724786271,747.0469101015993,None
1730815365.61168,610.2675188250957,741.2405636994608,None
1730815365.711685,606.0308701906467,732.2907303238402,None
1730815365.811683,602.205544744826,731.7991807459973,None
1730815365.911684,691.9822439414736,976.2222346696152,None
1730815366.011685,674.4907844390247,898.4880320010557,None
1730815366.111685,668.1975652809956,858.5881281036254,None
1730815366.211688,658.3357433533382,853.447832852327,None
1730815366.311686,617.8581939880921,744.1188198747433,None
1730815366.411683,594.1591375919104,726.2979871849789,None
1730815366.511687,591.7734447415281,744.4452057222478,None
1730815366.611686,593.6577157604181,776.8717205441479,None
1730815366.711687,676.7941618943378,526.9773203399303,None
1730815366.811683,674.777767612577,289.32468243357084,None
1730815366.91169,694.9353160350499,459.2471924402338,None
1730815367.011683,821.5203061358218,708.008420075674,None
1730815367.111685,821.3061062975752,701.4236840817674,None
1730815367.211689,793.7518662320476,653.0254546994386,None
1730815367.311684,812.1455711238748,697.2221725370384,None
1730815367.41168,831.6676414010309,723.252452029997,None
1730815367.511691,804.9212102734189,690.9986087419893,None
1730815367.611687,697.6172061386046,614.873043887702,None
1730815367.711682,747.2124922207398,682.797504514241,None
1730815367.811689,760.2648378966445,681.1099965583888,None
1730815367.91169,649.9654484764138,698.3845165149754,None
1730815368.011687,559.1162615605708,897.275436440388,None
1730815368.111681,545.6674257683176,860.0973382437697,None
1730815368.211721,524.270326800156,803.9062370518701,None
1730815368.311681,877.621524673068,828.8976685321759,None
1730815368.411691,989.2443134433628,762.1497549285035,None
1730815368.511688,1023.0901267200544,729.9021863267537,None
1730815368.6117,1029.349626352916,712.8923094694585,None
1730815368.711693,1063.6464494504098,711.2570096019747,None
1730815368.811688,1064.3713589443798,698.0185111555612,None
1730815368.911684,1085.2232236577763,697.508260269756,None
1730815369.011689,1084.1030002614648,695.837494546247,None
1730815369.111687,1078.625928834692,694.2051957496708,None
1730815369.211694,1071.2668814426022,690.0306434005283,None
1730815369.311691,1068.6178834834586,691.0619484674746,None
1730815369.411682,1068.514706738633,691.5680235647918,None
1730815369.511683,1070.318510872378,690.9248619023274,None
1730815369.61169,1075.88518184677,694.0749751876078,None
1730815369.711685,1066.0190065830675,679.328470631846,None
1730815369.811694,1064.4519697669614,678.4157032858461,None
1730815369.911691,1075.1231913996246,683.43928587297,None
1730815370.011691,1078.422513810828,689.1143615554442,None
1730815370.111692,1074.1239577670708,700.2162850335108,None
1730815370.211681,1060.7459045073642,713.1974114636184,None
1730815370.311692,1059.2499563090178,722.4425784545226,None
1730815370.411682,1070.9584276852677,723.0881926208525,None
1730815370.511685,1086.48809756815,709.0210312166244,None
1730815370.611681,1082.7323019400733,710.078428986857,None
1730815370.711688,1080.5781223940396,715.7597334282917,None
1730815370.811684,1079.9718558587124,718.2138460305551,None
1730815370.911683,1081.4646285836925,719.083383535228,None
1730815371.011692,1060.1507330752058,725.527675867404,None
1730815371.111693,1062.7895103318172,724.8330753060967,None
1730815371.211693,1073.9756166729908,722.5088052412812,None
1730815371.31169,1058.792344369309,723.4244018210378,None
1730815371.411691,1084.3691379337756,717.7657154959659,None
1730815371.511691,1056.5481342455537,721.2168067035617,None
1730815371.611692,1056.722403349071,721.1753538611342,None
1730815371.711693,1065.0264076255469,718.7721421528493,None
1730815371.81169,1041.4895833173955,719.8239458125911,None
1730815371.91169,1072.0921526907696,719.1999828270373,None
1730815372.011691,1054.6018247834493,727.1059153814738,None
1730815372.111691,1081.014032291298,719.810125019726,None
1730815372.211692,1077.1983489242398,722.1775560204453,None
1730815372.311692,1049.8131526862371,727.2664614768915,None
1730815372.411689,1018.8749889334013,732.5512419956906,None
1730815372.51169,1068.3231919467955,723.0657259119439,None
1730815372.611691,1053.886531461757,724.0776586514434,None
1730815372.711691,1059.709537146518,729.050124672584,None
1730815372.811692,1033.7551882113803,731.5597812773948,None
1730815372.911686,1006.4472130875326,734.2061181477707,None
1730815373.011687,1019.0701882576392,726.9115484295983,None
1730815373.11169,1030.209470704018,728.5575793949791,None
1730815373.21169,1035.5978709723622,732.0463979866748,None
1730815373.31169,1044.895506294654,734.336943584844,None
1730815373.411682,1012.693896937868,737.6799436206677,None
1730815373.511684,1036.986050894101,740.2791404020716,None
1730815373.611684,1060.5836029564043,732.0493139574745,None
1730815373.711689,1074.373963629022,732.0127061722089,None
1730815373.811687,1042.836506440025,734.952974885859,None
1730815373.911687,1049.8040930928153,731.3287153640593,None
1730815374.011688,1056.70122710468,734.3484588544164,None
1730815374.111689,1048.6598963612978,734.5675033135284,None
1730815374.211689,1085.2949958809795,725.7586592671985,None
1730815374.311686,1049.938819197286,729.7212310733281,None
1730815374.411687,1055.728985039209,735.0443787560769,None
1730815374.511687,1049.305808705289,734.7364663370449,None
1730815374.611688,1037.9413886447603,737.420947799213,None
1730815374.711689,1104.183331742698,728.7197410189349,None
1730815374.811689,1130.2216129916103,725.8108702090931,None
1730815374.911686,1126.370220985573,722.917959127418,None
1730815375.011687,1120.7967989440865,717.5875700409792,None
1730815375.11169,1108.6404237244697,721.0956531792148,None
1730815375.211682,1081.738342537858,722.338901166597,None
1730815375.311692,1090.0527051962135,729.2617246139747,None
1730815375.411692,675.1206555724339,732.2992199512124,None
1730815375.511687,550.5720228452853,682.0791745609213,None
1730815375.611687,484.0011630774438,796.2890104232033,None
1730815375.711691,522.9778281906947,781.9069609045396,None
1730815375.811687,564.5067512221343,737.9015244636633,None
1730815375.91169,865.2363726025294,671.9480006523335,None
1730815376.011689,886.5164431386563,689.1333091530993,None
1730815376.111681,875.4938525874882,674.1535683603968,None
1730815376.211683,773.1515200221331,702.9443382055792,None
1730815376.311682,796.2724747831863,718.0859182001594,None
1730815376.411683,746.4736757899595,726.6107190394006,None
1730815376.511683,505.1915129582461,829.2240605695849,None
1730815376.611684,505.28108320417937,794.2207947300886,None
1730815376.711689,512.134441529605,748.5046921890429,None
1730815376.811693,522.8650686239602,746.4719027942103,None
1730815376.911691,530.0791718399852,737.888692251059,None
1730815377.01168,531.3688083967702,734.717196228965,None
1730815377.111689,521.5672802693623,728.2718407706338,None
1730815377.211686,540.5244245558855,722.5874243254373,None
1730815377.311688,802.1894012593982,707.2346733917254,None
1730815377.411686,872.3653445979971,700.3609418805064,None
1730815377.511686,892.9771510167081,705.0060020502916,None
1730815377.611687,539.495372128138,661.2390226641139,None
1730815377.711695,557.2733707781655,655.6850071085204,None
1730815377.81169,522.2101963036572,632.5264289000064,None
1730815377.91169,535.1043837239987,643.7175394077376,None
1730815378.011682,546.1151625325258,662.460767307654,None
1730815378.111683,548.456289512197,671.1748140709187,None
1730815378.211688,553.8897268516725,686.9632135843187,None
1730815378.311687,572.1603313623182,695.5693679396954,None
1730815378.411687,620.2847484077296,719.7397391576555,None
1730815378.511689,645.462679824794,740.6546446114788,None
1730815378.611685,639.41612161148,717.3288665563009,None
1730815378.711689,648.8238822351107,704.3908055979351,None
1730815378.811686,648.2011596886514,712.3921347069361,None
1730815378.911685,655.2732455653705,714.6086348755624,None
1730815379.011688,644.1112040493977,694.0816278989429,None
1730815379.111687,635.9987005572667,679.6707774217922,None
1730815379.211684,637.5991197340616,676.9018279820165,None
1730815379.311683,676.6579792112539,704.1564289060989,None
1730815379.411683,667.8839451773911,656.3129527781881,None
1730815379.511686,686.4114851150758,635.7558568774896,None
1730815379.611685,702.9068183132559,611.1269311382714,None
1730815379.711689,708.2379964885284,561.7037313020769,None
1730815379.811691,712.3964556320573,478.657534601903,None
1730815379.911688,725.6875920100565,811.8454181841197,None
1730815380.011689,745.296793946531,903.0953496013456,None
1730815380.11169,734.8127077837739,724.9163768820936,None
1730815380.21169,697.2291489626542,691.7011507053638,None
1730815380.311689,639.552847024225,717.5340191330778,None
1730815380.411688,592.6537059249581,754.6270712336741,None
1730815380.511689,604.2269838896184,717.086302914924,None
1730815380.611681,629.7168296126309,1002.3903752118816,None
1730815380.711683,628.0998856599246,912.9151888926432,None
1730815380.811689,629.9208141582637,903.1995571525804,None
1730815380.911689,638.9388049382824,709.7178719065726,None
1730815381.011684,712.2043480212022,437.27989982002026,None
1730815381.111682,697.0474871238607,554.7866436804693,None
1730815381.211684,720.3830111117818,618.9634187751375,None
1730815381.311684,734.3827489154224,647.3888607869757,None
1730815381.411691,758.5055303483849,672.1625190081772,None
1730815381.511682,746.4932325006191,708.2014521260328,None
1730815381.61169,746.7009174173701,705.5437922913346,None
1730815381.711707,754.1188165517731,705.4389224613528,None
1730815381.811681,617.0404713364851,733.7916706726191,None
1730815381.911686,645.2210146245744,713.3139560194218,None
1730815382.011689,630.3175745010822,711.3817819938981,None
1730815382.11169,621.325437393433,670.2268976276256,None
1730815382.211689,631.0966010866944,373.2143218910326,None
1730815382.311689,718.7905896779907,396.27440183319794,None
1730815382.411684,725.7986256299824,443.398158667512,None
1730815382.511682,748.1853501601215,570.5309982852245,None
1730815382.611688,735.0138152674718,628.2925931825619,None
1730815382.711688,718.1829849217737,488.9596744162813,None
1730815382.811689,708.5573982403656,723.7957082733575,None
1730815382.91168,690.9121680821623,874.8562535887799,None
1730815383.011688,719.8879955604074,705.3605485454281,None
1730815383.111688,725.3159986577069,670.8177815129777,None
1730815383.21168,693.2768318918943,758.4562927477392,None
1730815383.311681,649.036260958251,795.0970258791351,None
1730815383.411693,588.1717770410589,822.636717203589,None
1730815383.511688,598.6482708746569,808.9136867729303,None
1730815383.611685,723.6871679532175,717.8250359231482,None
1730815383.711681,765.2027063490144,694.4105690659362,None
1730815383.811683,776.0001170275262,708.103288756101,None
1730815383.911687,789.4755945761024,716.7613559535354,None
1730815384.011688,817.0424870622819,696.9387384782967,None
1730815384.111686,715.0495534610596,780.6664874751757,None
1730815384.211683,683.0284896289953,800.3082764201795,None
1730815384.311681,567.2601466338978,895.804044922241,None
1730815384.411688,571.2110846547671,862.4902300171711,None
1730815384.511683,588.2726400729077,820.1781919169033,None
1730815384.611686,550.7624817123346,873.1064037190436,None
1730815384.711689,563.3763005786752,843.2453653683399,None
1730815384.811684,793.9088729626092,647.7822857174779,None
1730815384.911681,767.2167047929911,658.7725353603419,None
1730815385.011687,793.1749921414354,668.5883309617507,None
1730815385.111685,816.11370316322,678.2741910344185,None
1730815385.211689,654.4007910711455,767.1108060323214,None
1730815385.311687,546.6318553721883,832.1480477936784,None
1730815385.411687,592.235960096776,789.9273632227234,None
1730815385.51169,559.0772563540016,770.7957558502928,None
1730815385.611685,575.1179534495296,737.1193441039077,None
1730815385.711691,678.5568244915336,702.4611244741261,None
1730815385.811683,675.4052662877572,695.8821363206642,None
1730815385.911685,704.5396968080094,678.6129770583244,None
1730815386.011683,721.0266139306021,679.6612925134309,None
1730815386.111686,665.4887083908638,692.9805850690416,None
1730815386.211685,662.7434027406152,702.9918830305522,None
1730815386.311686,652.2321667961468,704.1814936783064,None
1730815386.411686,669.3488305308492,703.7742522405438,None
1730815386.511687,679.4216271285819,685.8324705012836,None
1730815386.611688,678.109035552208,667.3089359040358,None
1730815386.711681,684.3085083052449,646.843796781389,None
1730815386.811686,675.7329799250721,652.0673907534497,None
1730815386.911686,717.4525551435089,655.3049340148834,None
1730815387.011684,740.6834182735073,646.0279026118955,None
1730815387.111691,789.8887918234408,643.846053972513,None
1730815387.211689,767.3286955090505,650.685400003711,None
1730815387.31169,730.6008017502088,608.4432466092849,None
1730815387.411686,667.7607407527432,641.0664302474258,None
1730815387.511685,654.7041926506532,638.6886625545684,None
1730815387.611689,677.1763783310515,644.4029435099284,None
1730815387.711686,616.8075730898097,631.7772395446368,None
1730815387.811688,620.9916429432841,643.9288296631687,None
1730815387.911685,614.2594337987528,653.236676105073,None
1730815388.011683,613.5254844835789,656.3059661780012,None
1730815388.11169,639.6260107696921,661.7283935745669,None
1730815388.211684,646.4015019076838,661.082255053567,None
1730815388.311685,609.2703541301764,682.37065355579,None
1730815388.411688,612.7204736815581,688.2478641735014,None
1730815388.511682,649.2520699019736,684.9769050954535,None
1730815388.611682,632.630744375168,674.8527383440822,None
1730815388.711683,649.2015576511241,675.6620538821105,None
1730815388.811684,671.6726035373705,676.325583193581,None
1730815388.911684,638.6915264280938,688.9425571409942,None
1730815389.011692,620.5193181237137,684.8247439238623,None
1730815389.111686,666.394389711227,688.9461090740815,None
1730815389.21169,651.4994108712671,666.304521084067,None
1730815389.311692,690.34742747973,681.2712809649746,None
1730815389.411682,719.9703550290444,635.4320834203085,None
1730815389.511688,646.4400793064355,676.5784996487969,None
1730815389.611683,661.1837700844133,663.0173165071085,None
1730815389.711683,697.5117091176096,662.5659055924727,None
1730815389.811695,640.299155344915,656.5749713217187,None
1730815389.911681,629.1044496555822,660.0677503579377,None
1730815390.01169,618.8756279963851,658.1424991469656,None
1730815390.111691,628.4983715432548,667.3992192691759,None
1730815390.211692,644.5862521965422,671.866021268188,None
1730815390.311692,616.1032945687666,634.1308984588184,None
1730815390.411689,615.9761895692368,648.0067283944996,None
1730815390.51169,622.2178861182474,643.9304366876707,None
1730815390.611686,641.7512353893642,667.6915963135507,None
1730815390.711685,662.8616930764869,667.5788129529464,None
1730815390.811693,643.874441749239,664.6867301225284,None
1730815390.911694,631.1221031351558,673.4545729131041,None
1730815391.01169,650.9685455419376,667.7438834692322,None
1730815391.11169,623.9915321912783,667.9510293896207,None
1730815391.211687,622.5116011842329,663.0994799183997,None
1730815391.311687,625.0264963348118,663.7807277059895,None
1730815391.411688,648.9120937127561,684.7428429957708,None
1730815391.511689,682.3815429361938,664.7389776339846,None
1730815391.611686,661.0482466554722,656.7307384674682,None
1730815391.711686,642.6568296672687,646.6950083701435,None
1730815391.811687,661.1617625590559,638.9091854197651,None
1730815391.911687,643.1454729117619,649.6350883428665,None
1730815392.011685,708.7963480607551,669.0884097307593,None
1730815392.111688,660.4412081924614,642.9607332409623,None
1730815392.211683,640.6514218261848,636.8063019044989,None
1730815392.311682,625.7617576205425,641.2825818799317,None
1730815392.411687,638.9606780134769,642.3592050750475,None
1730815392.511684,651.4307302963622,647.4550485431223,None
1730815392.611685,633.2886246812635,650.7696907264207,None
1730815392.711685,655.7388373700894,650.1815150878591,None
1730815392.811692,624.5987508424472,654.8532212832949,None
1730815392.911682,645.0573778030729,664.2977592901531,None
1730815393.011691,648.9688106655806,666.1201796257419,None
1730815393.11169,620.2073150559632,669.4678237960038,None
1730815393.211687,701.9365213589033,716.2713583341578,None
1730815393.311689,679.4471854239418,750.4148657571585,None
1730815393.411687,602.8811724929063,668.5911480854951,None
1730815393.511684,630.7275426638636,659.3803661480246,None
1730815393.61169,625.6199032444939,655.0331300227397,None
1730815393.711683,650.3790752926442,648.3504948274565,None
1730815393.811685,668.2653587539355,646.1669316677126,None
1730815393.911684,625.3691582013367,634.4118094874685,None
1730815394.011691,654.1905821752405,630.6235645379021,None
1730815394.11169,611.14423964848,631.6320675058791,None
1730815394.211684,615.586143337956,641.8323297382154,None
1730815394.311684,622.8254397400847,651.4674950754489,None
1730815394.411686,644.6512213565571,656.5037997616344,None
1730815394.511689,655.5498108384738,659.1896245061218,None
1730815394.611692,629.9227336215664,655.0424415010941,None
1730815394.711679,625.8473023102363,647.2298795142165,None
1730815394.81169,619.130922518553,650.7276661398552,None
1730815394.911681,603.1780517534943,641.8498720743589,None
1730815395.011689,627.2187781848185,643.3957739399259,None
1730815395.111691,643.2974919739261,641.9369945782515,None
1730815395.211694,616.8600190542886,654.8270776325872,None
1730815395.311684,623.317680599336,659.8843231931825,None
1730815395.411685,635.2354159786321,660.3894810809448,None
1730815395.511685,651.9640329287629,658.0487900985083,None
1730815395.611686,674.0185932915392,655.7805611974645,None
1730815395.711688,660.9164416077517,645.8147168230573,None
1730815395.811715,703.4232779581395,659.3352409607287,None
1730815395.911685,718.8745910594799,651.2858414088324,None
1730815396.011682,696.8635347663313,623.3561597714672,None
1730815396.111684,658.0288743045137,655.6057985276962,None
1730815396.21168,652.8999077240845,653.019232486729,None
1730815396.31168,678.1474845699937,660.0146267837837,None
1730815396.411683,658.5839437561941,656.8961249099455,None
1730815396.511688,704.60480816266,658.3100462852464,None
1730815396.611682,681.1522256221613,671.4600814687522,None
1730815396.711692,679.0260641260058,665.2989215576129,None
1730815396.811689,692.0588923164662,664.7277473838643,None
1730815396.911683,643.3704838237627,631.6909829090818,None
1730815397.011685,648.6253752678934,646.2563813361402,None
1730815397.111688,613.5426700473475,647.2693848420058,None
1730815397.211688,630.8047633426615,654.2065468957262,None
1730815397.311688,639.5910656696809,649.9850062120911,None
1730815397.411684,659.6533026741135,685.3089400654071,None
1730815397.511683,676.7378653284281,676.0345982653884,None
1730815397.61169,636.7424065109701,661.8918736933387,None
1730815397.711684,644.669362976904,647.1088180659852,None
1730815397.811682,694.0753614787038,612.4822426118515,None
1730815397.911687,661.427380996065,631.3878276381914,None
1730815398.011685,651.4255864438147,640.9545505639501,None
1730815398.111688,667.3841646161907,644.4119615496,None
1730815398.21169,657.0673838298919,652.7033470392427,None
1730815398.311691,681.2685623937286,668.455404551941,None
1730815398.411683,707.4690287938582,667.2314025757018,None
1730815398.511685,662.4988426975748,654.0206526433353,None
1730815398.611694,696.8538817765562,668.5743178373855,None
1730815398.711691,662.0326402883584,662.0305002369726,None
1730815398.811686,700.0965326697951,665.3278295873256,None
1730815398.911682,684.7235558610095,665.6342903891011,None
1730815399.011689,665.3830122504831,672.8532797428414,None
1730815399.111688,688.4402269099527,678.9772697469704,None
1730815399.211688,650.3630021733512,666.1632516663544,None
1730815399.311685,694.5528235839328,675.6341320919564,None
1730815399.411693,645.5084548644577,665.3183884121227,None
1730815399.511693,658.9414884556732,649.8256572570695,None
1730815399.611694,674.4313758987553,649.6077562789583,None
1730815399.711685,652.8526726950184,661.3604301394829,None
1730815399.811687,643.4381139787317,654.367083887297,None
1730815399.911691,627.4518885743473,652.5191185355692,None
1730815400.011687,643.2338865281893,644.7958782347727,None
1730815400.111694,604.9962410528947,641.5239835565873,None
1730815400.211693,639.7351742868249,652.0117931773763,None
1730815400.31169,635.9589745102655,631.609260706253,None
1730815400.411686,645.3863820091432,630.9847532156218,None
1730815400.511682,648.6198888895383,630.0720029742702,None
1730815400.61169,663.1395351187936,642.22751575235,None
1730815400.711692,644.1066430598637,648.665921322503,None
1730815400.811681,666.1059366567782,657.4724622188061,None
1730815400.911689,670.5648873930986,663.390554623717,None
1730815401.01169,633.5831502345858,642.196399487253,None
1730815401.11169,676.2584714982746,663.2135306910899,None
1730815401.211689,631.9565693810522,657.9712609269827,None
1730815401.311685,653.6695441440061,652.6665641038205,None
1730815401.411683,640.1465737195509,652.6337743532827,None
1730815401.511685,654.2384415223399,654.654652757251,None
1730815401.611682,636.0734868261824,646.5163771575311,None
1730815401.711682,658.8913093289526,659.0163960011662,None
1730815401.811682,633.2215005583923,659.6244376561542,None
1730815401.911683,663.9094625512083,672.9754661995238,None
1730815402.011684,651.0728540592479,658.2640576756689,None
1730815402.111682,629.2745856789984,661.2435092007082,None
1730815402.211679,644.0713806708125,649.357174023006,None
1730815402.311682,610.2113282443653,633.1586493578232,None
1730815402.411685,604.528860506355,646.879391443899,None
1730815402.511685,627.5142083833102,641.9727316389832,None
1730815402.611686,596.6563632836069,645.845841404059,None
1730815402.711685,606.1619340797118,663.7544943359109,None
1730815402.81168,606.4308306792859,670.0105646386785,None
1730815402.911684,622.7261815301574,680.9419738552081,None
1730815403.01169,633.5278526489882,683.3112408729564,None
1730815403.111685,611.3072864693897,675.4786378536094,None
1730815403.211694,632.4997067138614,674.8776811837039,None
1730815403.311691,641.563066636719,684.402790739525,None
1730815403.41168,642.2267569672499,676.2565374495607,None
1730815403.511695,669.9687540585402,671.1301483334449,None
1730815403.61169,683.2325216460104,670.6720984399963,None
1730815403.711687,722.3547646288996,672.9291346680134,None
1730815403.811685,762.8049746640103,668.5592525589462,None
1730815403.911685,748.1234159411592,661.5406516219152,None
1730815404.011692,633.1623597554964,678.9367474951505,None
1730815404.111681,636.3116367715741,645.4703185965119,None
1730815404.211689,630.0614038543064,641.5914355676399,None
1730815404.31169,664.4251832309748,650.5081889781317,None
1730815404.41169,616.2408688600733,624.5241311823473,None
1730815404.511689,630.1949379722857,641.2410871746378,None
1730815404.611682,649.0771667838391,662.1461221681236,None
1730815404.711689,642.0218721066747,666.8693224775521,None
1730815404.811683,642.8372775840409,672.2989264310411,None
1730815404.911688,650.3841615415633,675.3129728195123,None
1730815405.011688,649.2190282909148,670.8439890631104,None
1730815405.111701,640.4311197210814,677.2747017608464,None
1730815405.211688,647.8276732440902,680.7018439636639,None
1730815405.311679,675.0778057494682,684.1092325956341,None
1730815405.411691,692.7376344882566,689.849561093234,None
1730815405.51169,715.6638977087377,697.5012435909318,None
1730815405.611691,697.8397567035552,690.5006295501734,None
1730815405.711693,722.7702359581941,683.396179752404,None
1730815405.811682,633.3741056224253,660.5589646382575,None
1730815405.911686,643.1040683332513,650.7151552990583,None
1730815406.011687,666.013308184727,635.3374772415883,None
1730815406.111683,641.4800276615209,620.4407651238779,None
1730815406.211689,648.9343400683383,623.7594415931661,None
1730815406.311686,647.1203518981306,611.5467065244395,None
1730815406.411682,644.2678457028385,622.7479853817318,None
1730815406.511677,649.2106133394041,634.3320898656981,None
1730815406.61169,633.335699788668,635.8644547346927,None
1730815406.711691,629.4468679465483,631.1409687975705,None
1730815406.811684,543.4936221257199,656.6786230627413,None
1730815406.911688,590.6679662177822,664.7664557195677,None
1730815407.011683,622.3064937399724,652.173548583935,None
1730815407.111681,617.5234980433522,645.5965464976092,None
1730815407.211685,614.1721608709894,659.9672379367266,None
1730815407.311686,621.1548143884206,667.8389722447899,None
1730815407.411687,657.1835195915141,889.989068405048,None
1730815407.511684,669.5868398872328,850.3027834452729,None
1730815407.611687,673.606880307542,838.2910048841153,None
1730815407.711687,679.0482027890006,641.7700128630516,None
1730815407.811689,860.6090299755783,518.2187147503105,None
1730815407.91169,786.1881169558134,578.9857633773364,None
1730815408.011684,775.9569928876106,620.0099238961709,None
1730815408.111686,722.7135653073916,649.0232462500222,None
1730815408.211692,734.1224013749837,664.0226988957156,None
1730815408.31169,749.6945225819165,672.0211023804325,None
1730815408.411691,721.4399289316382,684.5392280712534,None
1730815408.511682,745.1792211825482,687.855865534006,None
1730815408.611692,789.7607430941866,684.5333890818017,None
1730815408.711689,713.3771833303484,663.2799510068313,None
1730815408.811685,731.644280572089,674.5773685924033,None
1730815408.911687,775.3103584385669,661.3189397499663,None
1730815409.011683,714.6013093299676,657.7793687341881,None
1730815409.111689,719.9277369997723,672.7847300314667,None
1730815409.211686,729.819358737854,675.9911508970227,None
1730815409.311685,711.9514678661461,685.1331383163149,None
1730815409.411683,748.6842074151576,687.7736424746106,None
1730815409.511686,716.6352089746822,671.9886059782464,None
1730815409.611684,727.353564675641,657.8457985438536,None
1730815409.711686,736.9968166535191,647.8536911000177,None
1730815409.811687,707.0833774057796,647.1829700105937,None
1730815409.911693,707.111128006606,660.417587798508,None
1730815410.011693,736.5538546117461,669.2514884813287,None
1730815410.111684,701.1930304101355,657.813222634369,None
1730815410.211682,733.5695956196448,664.3910632193843,None
1730815410.311691,717.8591519243143,671.2688864095085,None
1730815410.411692,745.031166746079,673.287147239497,None
1730815410.511687,696.6308208391591,662.1089853076379,None
1730815410.611692,714.8880198190706,656.9444838317517,None
1730815410.711685,668.1234869991508,653.643686573872,None
1730815410.81169,698.4487778907708,670.4107091763852,None
1730815410.91169,668.1248716961833,676.1819155386463,None
1730815411.011691,685.5448693052531,665.2605682458237,None
1730815411.111691,702.6607466691142,667.0293718224924,None
1730815411.211692,709.8594077805159,678.0209027074342,None
1730815411.311683,741.4967401389027,703.2802459457947,None
1730815411.411688,699.6025878547184,644.3223443546873,None
1730815411.511685,685.8893248707722,652.4658976097857,None
1730815411.611684,668.7299720144086,647.2727351875484,None
1730815411.711684,687.2815198016136,651.4970019390954,None
1730815411.811689,664.7197570525882,643.7849614272998,None
1730815411.911684,678.0945937015846,644.9981369435534,None
1730815412.011681,653.2438663338294,646.9615623537417,None
1730815412.111689,661.8725642315903,645.066282837553,None
1730815412.21169,673.5764285174588,645.0345476869686,None
1730815412.311684,685.1116077504399,652.9928852081906,None
1730815412.411686,723.6307076543684,662.45960814609,None
1730815412.511693,737.1039674778839,660.9115717198177,None
1730815412.611687,783.7782644221537,648.2649154367117,None
1730815412.711684,717.9392834698003,652.9180214984812,None
1730815412.811681,688.1592715802557,664.6075941230146,None
1730815412.911688,646.9774713595665,641.3650063135537,None
1730815413.011681,687.0662578887806,657.2656787523159,None
1730815413.111682,669.7848667744256,654.9457655417763,None
1730815413.211685,685.3932055812759,645.8897181994759,None
1730815413.311685,720.0971449550641,654.3051902853023,None
1730815413.411686,746.4340372417121,662.2207098532393,None
1730815413.511688,679.6404360338021,656.3160974172465,None
1730815413.611687,703.7575526564322,661.3492119024378,None
1730815413.711687,729.2180091376841,669.982649303257,None
1730815413.811687,712.679107406645,670.2627839833441,None
1730815413.91169,756.2797490753259,667.6634488697332,None
1730815414.011682,705.5998619810791,650.1176860065648,None
1730815414.111682,752.7623812047607,663.468851213975,None
1730815414.211688,655.4390263675394,655.0342925590021,None
1730815414.311689,696.3649187560226,665.3785849507227,None
1730815414.411689,712.2697318297303,688.7221192154874,None
1730815414.511688,667.7118096411576,672.1249673212626,None
1730815414.611681,676.5198062021935,683.0268885268314,None
1730815414.711689,656.0691488536975,678.5897314489912,None
1730815414.811682,677.4103077768635,678.5420499719798,None
1730815414.911689,702.9726059001525,706.2401152132059,None
1730815415.011691,655.455028570586,670.1974389738024,None
1730815415.111686,661.7852920381457,664.5955392627119,None
1730815415.211686,682.1128232813091,668.1171527866259,None
1730815415.311683,646.4200285557949,656.9047337174736,None
1730815415.411685,662.4098090425425,655.8334002680508,None
1730815415.511689,679.0788200836066,652.2635813755729,None
1730815415.61169,669.8354178053859,670.4444992659385,None
1730815415.711684,675.012148305342,676.4208876035318,None
1730815415.811682,608.2631143170217,657.9658486457699,None
1730815415.911691,623.503054304294,660.5432967025523,None
1730815416.011682,637.3984685767116,658.0899551920616,None
1730815416.11169,657.3354116782767,641.0571169881214,None
1730815416.211694,703.5307458916373,662.962301141739,None
1730815416.311683,701.1668246777691,656.9044444005677,None
1730815416.411683,712.4179934684774,667.289958073231,None
1730815416.511687,728.9608479577613,676.2931283079049,None
1730815416.611683,658.2228934936475,665.7780319054156,None
1730815416.711679,656.4029922103294,661.3098588071725,None
1730815416.811679,667.1900712078643,666.6872193194503,None
1730815416.91168,642.9928135759471,665.3605965158399,None
1730815417.011677,627.8881113113933,662.9087900554191,None
1730815417.111677,620.7118562715102,662.1585247350292,None
1730815417.211678,630.5789010208608,654.9625935802167,None
1730815417.311678,615.7171774320444,655.646173646578,None
1730815417.411693,623.5801601042347,659.2960686523813,None
1730815417.511687,644.8048926490418,673.0056495022427,None
1730815417.61169,623.4044633332775,648.1800759205026,None
1730815417.711687,640.6271261788719,644.5932696642719,None
1730815417.811688,659.7318553488063,640.6141625934108,None
1730815417.911688,663.1555062140752,623.9699581781753,None
1730815418.011689,682.0731431311056,631.0572820317378,None
1730815418.11169,748.0423487599166,648.0522511018464,None
1730815418.211689,749.5410881651555,655.8458000627047,None
1730815418.311685,734.8932831441491,653.9913719539192,None
1730815418.411685,639.9835555621045,676.5303631081887,None
1730815418.511683,613.4449571524385,671.687747196876,None
1730815418.611681,630.4517881757088,676.1584531632772,None
1730815418.711683,648.0835489470758,679.5821459355748,None
1730815418.811687,634.8767791486463,704.9065541398245,None
1730815418.911686,640.3862515857421,691.9410549770369,None
1730815419.011684,675.2859856561812,682.5614843291222,None
1730815419.111683,686.3749264120332,674.614140768318,None
1730815419.211682,628.4607278673541,660.6096348854472,None
1730815419.311689,636.7913397371574,670.7856817073675,None
1730815419.411693,596.0684723051609,644.783152836279,None
1730815419.511687,609.2822219164168,646.0821040878083,None
1730815419.611683,616.7512964294732,644.2929713248392,None
1730815419.711687,621.9041231642667,633.0929892068764,None
1730815419.811686,616.971973642172,629.4839117226755,None
1730815419.911686,631.8559051549945,626.3533870913302,None
1730815420.011691,626.9778074054863,634.5597388357244,None
1730815420.111686,633.1067843071576,632.2777348096686,None
1730815420.211684,650.057547682052,635.9615833718348,None
1730815420.311684,646.8605643999374,641.4073726476533,None
1730815420.411686,610.9982761208962,628.3074313721582,None
1730815420.511691,641.9329700531446,639.6286308795778,None
1730815420.611691,621.8697670156879,657.2917858610817,None
1730815420.711692,645.5936559439685,656.1419626395328,None
1730815420.811685,655.771809986338,659.018926607184,None
1730815420.91169,673.9854947730017,668.9494472151337,None
1730815421.011685,655.4562739685181,668.9512481014185,None
1730815421.111689,682.0683083555052,679.4267468652179,None
1730815421.211692,647.328924725079,676.2255248526566,None
1730815421.311692,650.6394115586261,672.3698981821652,None
1730815421.411687,665.7286719054676,672.7822616282981,None
1730815421.511688,646.9853171377448,659.0984764079784,None
1730815421.611689,639.5318507237342,685.61153642559,None
1730815421.711683,663.0897764835512,673.9295296453978,None
1730815421.811685,684.8919869579754,672.3386759238236,None
1730815421.911691,652.321404055124,653.0377116365038,None
1730815422.011691,675.039082785286,664.0896050164569,None
1730815422.111689,652.3599671842102,655.1982758557023,None
1730815422.211689,666.0852548634309,659.115992121541,None
1730815422.31169,680.3848434978364,662.8438632367277,None
1730815422.411687,673.0066999039367,664.4188881226027,None
1730815422.511687,678.4055052117727,653.9167678605116,None
1730815422.611684,686.9074523730804,657.7717940145499,None
1730815422.711685,707.7359109400586,688.7840605809548,None
1730815422.811688,662.4943486192709,642.743334446129,None
1730815422.911689,640.2522894918915,630.4042183029744,None
1730815423.011689,635.9864797724001,632.897238965606,None
1730815423.111695,654.3699954324202,645.8569676508225,None
1730815423.211692,670.0472004038776,646.2134609442402,None
1730815423.311692,667.5813918883646,644.157645864582,None
1730815423.411689,645.9694638952417,649.1924650903159,None
1730815423.51169,655.8562982420025,651.6926930006184,None
1730815423.61169,622.3767374816217,651.4873891970365,None
1730815423.711686,629.7137084983965,653.4451554926497,None
1730815423.81169,567.0817147051154,664.1549890150178,None
1730815423.911686,587.3856278923107,651.6579458313405,None
1730815424.011689,593.7524499634571,658.0505387162434,None
1730815424.111685,577.6016303173567,642.4794357930501,None
1730815424.211686,588.9997659520978,648.9280937021292,None
1730815424.311686,596.319908526976,645.2204250852972,None
1730815424.411695,588.2248179571801,672.1836058258881,None
1730815424.511682,597.4682279139257,670.0681808338175,None
1730815424.611689,608.8687337766411,662.9736202571162,None
1730815424.711689,621.2481734763511,648.6760297477992,None
1730815424.811688,628.3242591030915,641.066723731463,None
1730815424.911691,632.5658531204664,645.0456908323507,None
1730815425.011689,628.3764914947976,656.2875087188339,None
1730815425.111686,619.9553923273555,660.1057412460655,None
1730815425.211687,621.1439906503896,661.3161303387672,None
1730815425.311688,622.0652342863174,661.3050503500776,None
1730815425.411688,640.1711943534352,654.5582608260438,None
1730815425.51169,689.8916880556646,650.6639953471954,None
1730815425.611684,723.0832736964337,645.7142768608287,None
1730815425.711685,771.9970753365335,670.0310029705217,None
1730815425.811683,719.5175989935916,677.6405449711104,None
1730815425.911688,637.8931659789306,681.8362471618009,None
1730815426.011686,637.4601254510171,666.5330875248524,None
1730815426.111692,678.3964862988294,654.3232901630544,None
1730815426.211684,666.3758699891634,655.984794804659,None
1730815426.311681,705.409865053828,655.89769894749,None
1730815426.411681,606.3906901388167,652.0130034748156,None
1730815426.511686,604.81692745359,650.3070151475746,None
1730815426.611688,544.926393095856,652.0092906077261,None
1730815426.711689,556.7600483558144,666.0007903055975,None
1730815426.811686,639.44665005297,651.2426559801834,None
1730815426.911691,641.8709528309873,655.6571066742924,None
1730815427.011681,643.3551341941293,669.4058853736002,None
1730815427.111684,686.5225960878852,677.5250677150941,None
1730815427.211688,727.7999814932355,698.1053359869564,None
1730815427.31169,687.247529235589,670.1501739680405,None
1730815427.411685,664.9973472247523,653.846399332003,None
1730815427.511685,694.6907944676623,661.1554483582966,None
1730815427.611682,698.2721231475433,657.1595028530209,None
1730815427.711688,740.5269771319671,663.3529114294848,None
1730815427.811684,693.8227481482237,691.6357461206609,None
1730815427.911682,730.9498476991203,695.9423667684262,None
1730815428.011686,689.6284978080602,670.6678505470683,None
1730815428.111688,711.3550566759977,660.2086090730317,None
1730815428.211684,612.0399271599055,663.7289556631644,None
1730815428.311685,540.1355052015693,636.129521166999,None
1730815428.411685,528.0760704409645,657.5891707144253,None
1730815428.511688,521.2095659066372,637.7031189336917,None
1730815428.611683,551.3298195855539,655.8930890734948,None
1730815428.711685,549.1235404947951,631.1187037179955,None
1730815428.811686,617.0246524591219,651.88219535554,None
1730815428.911681,631.2439229785573,631.2992374836567,None
1730815429.011691,613.881168905238,639.4602676190092,None
1730815429.111687,608.4420405913735,635.3912949934447,None
1730815429.211685,613.2141049297526,596.1858867775801,None
1730815429.311686,591.9532608970653,591.5289346767782,None
1730815429.41169,650.4330777778008,636.9792559858989,None
1730815429.511682,687.7869051216189,640.5968239535134,None
1730815429.611686,678.40973101247,641.7707047041479,None
1730815429.711686,663.7781094399261,558.9605822410706,None
1730815429.811686,657.6527296529065,575.8992088795645,None
1730815429.911687,655.1929248495288,589.2503152842617,None
1730815430.011691,657.0172363946343,587.115668247068,None
1730815430.111688,652.800670803447,559.194255249651,None
1730815430.211691,663.5022344243117,549.4060159966075,None
1730815430.31169,664.4132324223789,551.6570502011215,None
1730815430.411689,654.9758876643405,562.5893461394131,None
1730815430.511686,669.0664283530023,726.7278806295313,None
1730815430.611691,642.2466051650284,697.7754307910064,None
1730815430.711684,629.5756757084665,679.4134878151148,None
1730815430.811686,626.6349866729652,674.0574371526111,None
1730815430.911687,630.7523152989527,649.601670755906,None
1730815431.01169,634.1867606525461,638.7461764481991,None
1730815431.111691,634.9857648334106,638.6170478387448,None
1730815431.211692,606.6122731283597,646.108319804972,None
1730815431.311684,608.711990665704,653.5298476611463,None
1730815431.411683,608.8849471229646,662.3128565728186,None
1730815431.511687,633.1687995754074,673.1441069691268,None
1730815431.611682,654.422339001758,679.6172245061139,None
1730815431.711685,649.8221046523504,679.4530593610344,None
1730815431.811683,653.9007023861074,678.0640530059386,None
1730815431.911687,647.293729994645,679.1005542796208,None
1730815432.011691,645.1960158144161,677.9011204904608,None
1730815432.111686,655.0854377054751,667.1540157214268,None
1730815432.211686,656.4025646973274,652.5761529070762,None
1730815432.311688,654.2254948301206,643.0833633620902,None
1730815432.411684,728.8218471686689,641.8154081829509,None
1730815432.511681,712.0807908040085,634.9073826013224,None
1730815432.611687,784.7855949634154,684.6624781928168,None
1730815432.711681,792.2980632789508,689.4553767538738,None
1730815432.811686,796.6251303790452,697.0505498622849,None
1730815432.911682,813.4814250981981,689.994489648848,None
1730815433.011686,678.1356502124706,648.1765345606865,None
1730815433.111687,666.3025437819821,656.2354522176993,None
1730815433.21169,672.1413715094527,649.5553039536433,None
1730815433.31168,638.7013200948063,630.4513228051846,None
1730815433.411684,636.2746726526564,637.038704277792,None
1730815433.511687,643.8889091637736,655.0518217286822,None
1730815433.611688,755.3338468896228,707.0311204313155,None
1730815433.711686,759.0005591012433,702.6513338693909,None
1730815433.811688,771.8960743440678,698.8978031432607,None
1730815433.911688,642.1181778033769,675.1860203349573,None
1730815434.011686,643.5113492848968,682.7736201545897,None
1730815434.111686,636.3135375201967,662.8662036656153,None
1730815434.211682,603.0960974713062,614.3868488276888,None
1730815434.311682,597.6309643459279,617.9554167659105,None
1730815434.411683,617.5836598388155,724.0152777987583,None
1730815434.511687,650.5307833066222,681.6382436593269,None
1730815434.611686,654.0084226014742,666.3825557644697,None
1730815434.711692,666.0906841870221,666.2151058892771,None
1730815434.811686,611.6882645635646,598.5724269964592,None
1730815434.911684,572.086890643064,551.5228754537251,None
1730815435.011683,564.779851728711,548.0530640801371,None
1730815435.111685,567.6191292225626,561.1317967952001,None
1730815435.211686,554.5345053348808,430.71491962469497,None
1730815435.311692,561.6143861739322,451.3094599977711,None
1730815435.411687,566.300154634348,449.3388368680122,None
1730815435.511684,677.2425178907915,576.2516446613355,None
1730815435.611681,631.690511191533,737.0295343033687,None
1730815435.711687,607.1912666922263,708.840601312435,None
1730815435.811683,613.9919263858283,704.8794339821103,None
1730815435.911689,625.0141986146706,712.5627377969195,None
1730815436.011683,729.3348252102844,668.7948677568838,None
1730815436.111684,753.0938417324858,664.2240990321955,None
1730815436.211684,776.8483301995008,678.2215343079424,None
1730815436.311684,734.89352930429,704.3879995204804,None
1730815436.411685,686.9249428385637,707.7780990751298,None
1730815436.511685,692.4691345288197,701.9641866770547,None
1730815436.611687,670.4718875974601,710.0030623281768,None
1730815436.711685,678.1279584528376,695.5486627537956,None
1730815436.811682,571.1810042412523,648.3648379475959,None
1730815436.911685,591.7406516460021,656.3867233587555,None
1730815437.011681,593.4676149965223,655.407358428072,None
1730815437.111686,626.6510955020965,615.1658974727912,None
1730815437.211689,711.2113242083741,650.4735755073888,None
1730815437.311689,692.7031996831274,664.5777881691045,None
1730815437.411687,679.6024660901352,680.6312486757886,None
1730815437.511686,599.5958687688653,747.1698228354468,None
1730815437.61169,613.3073404924916,729.6963975714232,None
1730815437.711684,567.5449280470491,546.1944316760979,None
1730815437.811687,612.0104187652762,335.71184137642933,None
1730815437.911694,567.5744651115516,451.7533800157682,None
1730815438.011687,570.5692774712882,464.6227656913395,None
1730815438.111684,566.3833194663114,458.031043331403,None
1730815438.211691,571.1776884712217,440.9038236680029,None
1730815438.311689,577.0457463264843,397.3689260373235,None
1730815438.411688,600.6121127641862,610.9370915244184,None
1730815438.511693,645.7690447417506,770.7794495102539,None
1730815438.611693,626.8206275201653,710.0403414187521,None
1730815438.71169,635.6469351464698,682.9710695964084,None
1730815438.811682,573.6866628920732,699.3685196978942,None
1730815438.911685,532.5610784702118,649.2703994170001,None
1730815439.011685,516.7010902040698,624.6397569827845,None
1730815439.111689,527.1871360418469,608.4965954964706,None
1730815439.211691,542.043679297611,616.9484876383182,None
1730815439.311692,538.207586130741,621.4626879268255,None
1730815439.411679,598.9945145644159,630.096613475306,None
1730815439.511685,690.8941105622664,603.7173233874156,None
1730815439.611689,635.3619380762757,627.2567377818021,None
1730815439.71169,571.5080324102998,609.6795662499409,None
1730815439.81169,593.883717875808,620.4857149210792,None
1730815439.911688,635.9627248000819,627.0646043600611,None
1730815440.011684,643.2820570285052,633.8131059769173,None
1730815440.111688,638.0665931035393,632.6197315664932,None
1730815440.211689,640.4298697098277,614.2852789316426,None
1730815440.311686,645.8553594013874,600.2295021073951,None
1730815440.411689,699.8050487515566,647.2734717504792,None
1730815440.511687,765.7770761628483,711.831182994057,None
1730815440.611684,757.2570875293825,693.0892182598466,None
1730815440.711684,731.5647374702996,689.9809465224589,None
1730815440.811689,744.9670426524674,680.2720382099242,None
1730815440.911683,681.0031723607365,676.6916445575814,None
1730815441.011686,716.1561984147155,682.8806463427113,None
1730815441.111683,697.6156145825498,677.1794359981054,None
1730815441.21168,733.5450549477899,676.1667237950483,None
1730815441.311681,733.8945099105155,673.2476754639152,None
1730815441.41172,748.8394008617381,689.5236176296129,None
1730815441.511683,678.0958982192167,671.8613775154997,None
1730815441.611684,672.1962161932154,643.1731512102631,None
1730815441.711704,572.122923284096,643.6411031575855,None
1730815441.811682,612.0790924881878,626.5637173114827,None
1730815441.91168,903.0054191564489,562.7601853115857,None
1730815442.011685,1022.0635084708374,576.8754000358499,None
1730815442.111681,1012.4394844385438,580.1485605323564,None
1730815442.211686,1061.2880481647371,585.0111791339157,None
1730815442.311692,1003.131296460186,577.1352292251571,None
1730815442.411692,1014.7046584375262,584.7879737837013,None
1730815442.511684,1066.089377102753,585.0136789185262,None
1730815442.611689,807.6483941917618,638.3600497523881,None
1730815442.711682,623.9506867988492,743.6289694010804,None
1730815442.811688,663.1836883808045,700.0736175234309,None
1730815442.911689,684.2060437283275,681.8208577854884,None
1730815443.01168,593.4451304608648,616.6909011251414,None
1730815443.111691,605.5139332774877,614.22480995639,None
1730815443.211682,596.5768407430197,616.9134288429963,None
1730815443.311689,600.2128820630719,630.375307889458,None
1730815443.411684,772.0505336113623,680.288233454142,None
1730815443.511684,871.8075548124494,691.4552457329237,None
1730815443.61172,883.014029311404,680.4306172864074,None
1730815443.711687,803.1014116902874,694.1438258291572,None
1730815443.811687,849.2241206222825,689.3956029021648,None
1730815443.911683,732.910580631841,681.933966662749,None
1730815444.011691,758.1147965058516,678.8054164976097,None
1730815444.111683,617.4817427337438,547.9464709831028,None
1730815444.211684,634.5330192600403,547.225889248976,None
1730815444.31168,616.8845614963832,582.7888280113242,None
1730815444.41169,623.1188501563608,620.5359701863961,None
1730815444.511686,632.1723184325471,624.9184386201289,None
1730815444.611686,641.1079922432181,772.2685187682591,None
1730815444.711683,646.1800274823411,733.9416378274499,None
1730815444.811688,648.1797958031271,740.3595848814684,None
1730815444.911687,651.1862097156168,721.6843925945756,None
1730815445.011685,659.9693055412341,705.8900822802797,None
1730815445.111683,669.2154844650454,697.7759702870835,None
1730815445.211688,671.5150564975089,700.1747586204725,None
1730815445.3117,675.4402460131868,474.8184542343466,None
1730815445.411686,657.6563849807426,519.6558119738245,None
1730815445.511683,655.6400050469277,542.7425075672586,None
1730815445.611689,743.9954977739636,586.0156549720441,None
1730815445.71168,759.746076891106,588.4154844499308,None
1730815445.811686,784.3879205821141,625.2962692940246,None
1730815445.911685,765.0227171475925,698.5437451049814,None
1730815446.011686,808.4124897952111,696.6046255855499,None
1730815446.111686,828.023463078763,690.0819900110135,None
1730815446.211686,787.551969164338,694.3069528716674,None
1730815446.311687,727.3180420949681,677.2358955285259,None
1730815446.411683,736.5975963660735,645.5852103703166,None
1730815446.511684,713.3750297981495,686.8574443107655,None
1730815446.611687,701.4939447456753,677.9633140940115,None
1730815446.711681,706.561831553706,610.7612900156975,None
1730815446.811689,754.0636429685054,390.1395904306876,None
1730815446.911689,727.9823635509422,478.3159289641006,None
1730815447.01168,721.4840573872474,509.4233178086644,None
1730815447.111683,721.1939834442115,516.176355121198,None
1730815447.211689,715.8988409205248,527.7265553397169,None
1730815447.31169,713.6931226777278,532.7608649794154,None
1730815447.411682,704.6442165859836,526.5377221725756,None
1730815447.511678,851.2095709191656,699.8227742035733,None
1730815447.611683,845.0957063832266,691.647690937345,None
1730815447.711684,847.4893270869992,691.3990645472232,None
1730815447.811688,740.5408130735163,695.0170902557006,None
1730815447.911687,736.0623390727137,700.820799418037,None
1730815448.011681,742.3873034924094,707.6362475164401,None
1730815448.11168,674.1601946651863,957.7691317972542,None
1730815448.21169,698.7978280556067,920.80710726086,None
1730815448.311682,702.7678881536004,628.2475160203588,None
1730815448.411683,730.3981680574437,543.4586936203036,None
1730815448.511688,711.5519518058233,580.538758944442,None
1730815448.611692,707.4588233178988,608.1322132529467,None
1730815448.711689,691.4200445877484,660.2961604685772,None
1730815448.811692,765.20547477693,789.4456345141109,None
1730815448.911689,755.3115739299067,732.8676197934097,None
1730815449.011683,679.0440043129673,840.0002272749438,None
1730815449.111684,683.6655166327206,796.1463839767225,None
1730815449.211684,681.848099500908,785.5730086673237,None
1730815449.311687,754.614609021241,564.8394558990761,None
1730815449.41169,765.3560789593298,566.6944260641744,None
1730815449.511687,784.6824043053616,623.0383742191875,None
1730815449.611684,813.3214413142049,728.4538921223652,None
1730815449.711691,803.1329643165424,711.4276743923438,None
1730815449.811688,697.7413064226158,316.8527236604218,None
1730815449.911684,701.6274349407845,436.372199841347,None
1730815450.011684,711.0135730307499,472.5294576737937,None
1730815450.111686,729.4067498941613,864.3491934742319,None
1730815450.211685,777.5770423917161,777.3164082037162,None
1730815450.31169,770.2913865163657,687.994091828177,None
1730815450.411691,781.3874645860079,660.9741837803224,None
1730815450.511688,777.9164797152835,664.1404999403568,None
1730815450.611688,686.7211200610614,583.9892839380452,None
1730815450.711686,710.471524245418,609.9130524957623,None
1730815450.811684,671.9270148518667,545.1344072164216,None
1730815450.911703,676.4285158574299,567.7439274889695,None
1730815451.011686,596.8762707696411,459.9936831032054,None
1730815451.111683,621.7294855003862,514.1556482858575,None
1730815451.211682,647.2070200380618,530.8712162199954,None
1730815451.311686,613.3626290160736,534.598796362399,None
1730815451.411688,778.6960879448989,641.3033769316197,None
1730815451.511683,761.0374032321612,606.258573346093,None
1730815451.611693,728.4429693034173,580.9005358952742,None
1730815451.711689,769.598445060626,687.1774043424689,None
1730815451.811685,765.7183654112283,689.1032963234321,None
1730815451.911686,774.1844753188274,692.6212641057957,None
1730815452.01169,744.4757537147146,689.7258152509312,None
1730815452.111681,775.0490860836123,695.0252707361107,None
1730815452.211689,638.6962410656472,481.5796367055084,None
1730815452.311692,640.6890038847762,510.2282428739674,None
1730815452.411685,650.4968108533755,555.0160126703304,None
1730815452.51168,598.117517360989,547.5037731435959,None
1730815452.611687,561.1443363606813,455.8646821078845,None
1730815452.711686,689.4741464556123,515.8155876588419,None
1730815452.811683,661.157335655214,279.9746478772085,None
1730815452.911684,778.9869792799425,159.2179664743445,None
1730815453.011687,762.543801561641,202.80808186087395,None
1730815453.111687,735.1934064521403,219.21155701431007,None
1730815453.211689,726.622314157258,203.29677731156983,None
1730815453.311686,694.7506082156269,363.4453730700485,None
1730815453.411689,670.2186811372245,759.5570974505115,None
1730815453.511688,618.4591158660947,903.5919957146951,None
1730815453.611685,652.405639937076,788.7832962986656,None
1730815453.711687,671.6433090021733,752.6215286325555,None
1730815453.811687,690.7450561840297,728.197832907907,None
1730815453.911689,652.1165182484702,713.0002186410607,None
1730815454.01169,684.0295852632775,710.5912463003201,None
1730815454.111683,677.6568131111462,691.0248689737535,None
1730815454.211687,688.17796503645,694.7839993880008,None
1730815454.311686,701.3823788049493,688.9538629099858,None
1730815454.411686,582.6913371633103,644.1088863422596,None
1730815454.511684,585.2139012898474,649.3252078591752,None
1730815454.61169,557.4015607321707,626.019418844993,None
1730815454.71169,559.0185830702078,749.3948833757686,None
1730815454.811695,578.4681775028458,770.9859060547165,None
1730815454.911694,567.2654766726041,732.7152800801396,None
1730815455.011685,658.9735145114586,724.2815994950905,None
1730815455.111706,693.3510702852234,712.3889379406685,None
1730815455.211684,692.3075115683358,733.662094551639,None
1730815455.311685,670.7866591629084,743.6357645791,None
1730815455.41169,662.5508590123299,775.1842489332861,None
1730815455.511685,689.398303785255,743.8225982069431,None
1730815455.611685,678.0957841479872,715.3601513786173,None
1730815455.711682,678.7496052243961,687.8427141632669,None
1730815455.811686,702.9767757497799,676.9401995882291,None
1730815455.911717,728.5113704696195,682.5058451871038,None
1730815456.01169,762.981532516401,691.8859569284931,None
1730815456.111685,724.4393449401983,688.299583091607,None
1730815456.211681,731.3902772486142,686.2001095812541,None
1730815456.311682,692.5601173209235,676.4574318377109,None
1730815456.411685,720.8270529235116,676.8589398706724,None
1730815456.511685,666.0407729363181,666.5435126860945,None
1730815456.611691,665.6495997630396,648.3637253254897,None
1730815456.711686,551.0369347713714,641.9250988424089,None
1730815456.811686,602.0208324624969,643.8589150996298,None
1730815456.911682,579.863438195799,651.6141190695589,None
1730815457.011688,578.6922669784608,671.8115223068987,None
1730815457.111688,594.2042213352022,673.3661068183899,None
1730815457.211689,599.4131248690021,669.2996365642408,None
1730815457.311687,630.5583672558739,695.5140560884671,None
1730815457.411687,632.8961662659406,678.7544211971582,None
1730815457.511695,630.0559457270793,664.5005464140902,None
1730815457.611689,632.3269557717509,664.4611797887511,None
1730815457.711689,647.2219874201181,667.7679207960017,None
1730815457.81169,678.2484845646499,676.5173614721648,None
1730815457.91169,652.2605987813117,680.9166212808236,None
1730815458.011687,685.1116396602921,688.6798625248268,None
1730815458.111682,624.6062560072916,688.0969937163444,None
1730815458.211691,634.5170276014977,684.6496829161415,None
1730815458.311689,651.2063058504369,679.2374524722318,None
1730815458.41169,631.9784537399876,626.6004640784879,None
1730815458.511683,714.184713540793,628.2608083519845,None
1730815458.611688,950.8932658449432,820.4319791542357,None
1730815458.711689,957.0883550646872,759.5067351840927,None
1730815458.811688,989.6014532079562,765.2100911169836,None
1730815458.911685,998.5288047064396,739.9727251629191,None
1730815459.011688,1030.515429457805,738.8986354888916,None
1730815459.111683,838.7989119716843,643.4953356194914,None
1730815459.21169,699.1328347872773,535.134394802736,None
1730815459.311679,710.0558204876304,574.8374510346564,None
1730815459.411685,717.7430310999483,595.8053612707486,None
1730815459.511682,740.9109128194714,609.010597466373,None
1730815459.611689,738.0132094117208,619.3882029136944,None
1730815459.711693,705.3318953053625,661.4939584333724,None
1730815459.81169,707.6476866464787,684.7787773505077,None
1730815459.911681,688.308214248273,686.5734742392794,None
1730815460.01169,702.4321592060265,686.3610135472179,None
1730815460.111684,645.2297118322216,675.3644641852679,None
1730815460.211693,655.2665505042753,675.9694847813316,None
1730815460.31169,680.2711284704793,688.7932975149464,None
1730815460.411687,667.1138974054539,679.1365205659507,None
1730815460.511688,683.3363754192726,683.5990689474479,None
1730815460.611682,571.2587085124595,794.3765374170414,None
1730815460.711682,596.9487647652237,785.9548729605384,None
1730815460.811692,693.1933855810202,681.1087352564872,None
1730815460.911689,725.2682101042191,654.9180466587114,None
1730815461.011682,727.8235144025972,652.7105663096395,None
1730815461.111688,705.9132364464239,625.9054979594163,None
1730815461.211684,728.8542433279205,627.1723058157577,None
1730815461.311685,709.383280903652,626.5729296048481,None
1730815461.411686,714.8818954633514,648.5270291036297,None
1730815461.511686,717.9954273416724,668.8434214619185,None
1730815461.611728,672.6044277541976,680.6195578381524,None
1730815461.711684,687.1979128724208,686.7596121390628,None
1730815461.811682,643.3253861754188,677.9876849453613,None
1730815461.911684,646.5244332554824,676.3740341727565,None
1730815462.011693,641.9740095204618,640.6458218549733,None
1730815462.111682,631.0232947868076,640.1382289279942,None
1730815462.211689,592.48478240423,624.6336118611887,None
1730815462.31168,600.2470756912983,635.2842541289733,None
1730815462.411687,604.4651519448189,643.5788702818218,None
1730815462.511692,660.8988647386561,671.4544365963266,None
1730815462.611684,662.9946501690638,666.2239286600849,None
1730815462.711688,699.9018393366285,659.7272851480432,None
1730815462.811683,714.6804808940441,653.8675790959925,None
1730815462.911684,738.3717316216547,657.8518729213541,None
1730815463.011684,695.6572992400166,671.9991942682827,None
1730815463.111685,709.2309110461099,673.7941641114622,None
1730815463.211686,706.618198832201,698.8435966768579,None
1730815463.311709,701.0312395992192,706.659936925372,None
1730815463.411687,713.3087503851604,708.748462321053,None
1730815463.511684,662.3627805641635,707.8136186924332,None
1730815463.611685,656.0090088244972,685.5915783631481,None
1730815463.711688,692.2989214123372,678.7754628315859,None
1730815463.811688,641.3561779962016,662.8583063906751,None
1730815463.911689,640.6105776926996,646.6260367063682,None
1730815464.011687,634.0594875054283,648.8365254487285,None
1730815464.111684,674.7154096311202,660.9868482722378,None
1730815464.211685,638.6839712829045,656.7244804337848,None
1730815464.311685,639.511943951256,660.5416541222473,None
1730815464.411686,682.228364527097,648.897882201223,None
1730815464.511686,665.4017681549421,623.9075042975401,None
1730815464.611687,700.6547467547424,643.5746064798186,None
1730815464.711688,689.6295957620621,645.5577432926904,None
1730815464.811686,651.7368009650892,654.8259991417874,None
1730815464.91168,677.1940119632461,688.6379376257906,None
1730815465.011683,629.6799825246585,670.2985521873115,None
1730815465.111691,645.9980374849998,680.7092645551812,None
1730815465.211691,629.8181930936876,674.524609173443,None
1730815465.311692,639.2543598452799,664.992360209884,None
1730815465.411681,645.4335796407479,663.2145107690851,None
1730815465.511685,660.6743638104354,678.8481411051871,None
1730815465.611686,693.4564069753891,642.1897168124099,None
1730815465.711692,689.1031689795263,658.4692642459469,None
1730815465.81169,695.2797780729308,669.2580352120161,None
1730815465.911688,699.4874013503073,673.207292871961,None
1730815466.011683,687.8122169679564,681.3956965789814,None
1730815466.111692,685.0728801128453,682.0440607778967,None
1730815466.211692,633.6418115555254,659.8495569327861,None
1730815466.311683,635.9471701887107,660.6582879006465,None
1730815466.411687,637.5515298142125,648.3434501085444,None
1730815466.511688,614.9617744410243,651.2582753503135,None
1730815466.611685,576.1760269337178,656.4551704068388,None
1730815466.711686,580.9292244723429,664.655431596704,None
1730815466.811686,623.96941784266,654.5629519395753,None
1730815466.911686,629.0597529208087,645.6174296201923,None
1730815467.011686,654.8345081396553,640.9391200895365,None
1730815467.111687,681.343682840109,655.7980910775057,None
1730815467.211688,700.8531889466253,659.9214278306903,None
1730815467.311679,621.2777629460802,650.4201264345473,None
1730815467.411689,626.1231233025725,657.3131721983625,None
1730815467.511684,629.8363292263657,664.308077256407,None
1730815467.611685,616.7488291418475,674.0940685878606,None
1730815467.711685,625.3024367935683,668.6167116782023,None
1730815467.811682,630.0568576461117,665.0555199124458,None
1730815467.911685,611.1712346298782,632.3473080706367,None
1730815468.011684,607.4986009938096,630.6527864687546,None
1730815468.111684,620.7775825349436,630.5124307265869,None
1730815468.211685,697.2218985313476,664.3185431939484,None
1730815468.311689,680.0465551132393,672.3752543939396,None
1730815468.411686,663.397314722724,681.059721720192,None
1730815468.511683,681.8680883868512,685.558932690757,None
1730815468.611683,704.3530993691779,685.6940649644149,None
1730815468.711688,715.2205899963218,687.1052968277894,None
1730815468.811689,633.6115811359828,665.9483170377134,None
1730815468.911685,636.3872983996143,668.5139422746535,None
1730815469.011686,677.0460473800164,666.7325017416753,None
1730815469.111683,673.9260966872491,670.670338448141,None
1730815469.211684,684.6835534132211,683.1087331794228,None
1730815469.311684,714.176316038195,691.5415181012497,None
1730815469.411683,739.1620340285797,693.1840750868347,None
1730815469.511685,717.4088074404741,690.3090271925083,None
1730815469.611693,737.6641147857363,681.5564449367794,None
1730815469.711679,780.3623212914817,684.1823328437408,None
1730815469.811679,769.2474976134832,654.3874695812415,None
1730815469.911681,634.4758222713008,646.9202541497913,None
1730815470.011682,672.994206810713,658.07815917342,None
1730815470.111682,666.6213856767029,658.0035027449692,None
1730815470.211687,678.2348312360789,680.8847988550457,None
1730815470.311688,744.1203216346772,706.8716225177507,None
1730815470.411683,758.0840396340744,688.6013914389039,None
1730815470.511685,689.3708618246915,619.7193897180695,None
1730815470.61169,678.3405295993472,606.228098466064,None
1730815470.711688,696.6800239178757,640.353524970368,None
1730815470.811682,660.8677010097746,613.6726838335047,None
1730815470.911688,665.5510482244608,626.4003397165636,None
1730815471.011691,665.390369872098,684.2065973668421,None
1730815471.111683,679.3763616404407,694.0609568441042,None
1730815471.21168,688.7803186199266,697.0145413847592,None
1730815471.311691,712.0297483936297,680.977439209259,None
1730815471.411687,811.4205753687093,678.65544133322,None
1730815471.511685,796.4472060016246,689.6079372675321,None
1730815471.611689,745.6075717848722,680.3241449275927,None
1730815471.711689,761.8190276491241,680.8057154767055,None
1730815471.811681,691.8485991773688,670.5208773832056,None
1730815471.911684,698.2112334179188,684.3651151085602,None
1730815472.011681,836.3015827198745,707.6975877488596,None
1730815472.111683,841.2220131042315,703.7203419907466,None
1730815472.211685,850.5496708762162,701.354149419309,None
1730815472.311685,652.8137040788578,674.3413635530617,None
1730815472.411683,636.2172006149829,669.3753007821444,None
1730815472.511687,619.5943546785953,665.8008284796726,None
1730815472.611687,639.4920142826361,670.2496208988499,None
1730815472.711694,621.0563247206404,665.5049606526981,None
1730815472.811682,605.9010218891336,658.4161877964749,None
1730815472.911681,619.9587996209056,661.3693595861374,None
1730815473.011682,632.3589215255458,663.8304419021447,None
1730815473.111683,644.3007155950222,660.1413630570561,None
1730815473.211683,701.5578874272583,659.7842250689658,None
1730815473.311691,711.7959303443652,674.9025806265128,None
1730815473.41169,704.5597532131195,679.2642349010736,None
1730815473.511682,646.5390739719996,640.2990369379693,None
1730815473.611682,654.3144736556571,676.5613216822566,None
1730815473.711687,669.7508878451592,704.5280494387243,None
1730815473.811688,684.357733668815,702.6650820660865,None
1730815473.911688,689.9440209819489,705.0988010896344,None
1730815474.011686,689.6658136771246,693.6553981288855,None
1730815474.111681,697.0118483492997,681.4638367648531,None
1730815474.211687,689.5854527604539,687.8491875363724,None
1730815474.311688,667.3762631091871,674.4740032755826,None
1730815474.411688,674.5918760476275,681.6842006506289,None
1730815474.511693,686.1268987976147,682.8067136582251,None
1730815474.611687,700.3174557485319,696.2390215839764,None
1730815474.711684,709.3958916426565,696.8197791181695,None
1730815474.811685,716.4848259455056,675.3524146676334,None
1730815474.911685,748.0075617641206,667.5008244893228,None
1730815475.011686,785.1476686867113,670.4384881688352,None
1730815475.111688,764.1255536678533,664.6340507535016,None
1730815475.211689,737.4470381753795,664.4930916229513,None
1730815475.311687,763.1309782899466,674.7107722237986,None
1730815475.411689,630.0373334156212,684.843496491849,None
1730815475.511689,550.3467214826284,688.9747419464258,None
1730815475.611685,560.8382837157699,687.528441082659,None
1730815475.711681,598.4536564682213,691.0928731496332,None
1730815475.811687,618.2676664147314,608.0100302505655,None
1730815475.911682,612.8715046399573,600.9250405014249,None
1730815476.011684,617.1020683252864,594.3501562614601,None
1730815476.111684,627.4966552092023,749.3608827742418,None
1730815476.211689,629.577920087253,727.1886601730048,None
1730815476.311685,636.4732255480831,727.6779494483488,None
1730815476.411686,751.0269952135504,712.7707506890782,None
1730815476.511689,739.2653740890046,713.337146530423,None
1730815476.611682,740.4519299261468,711.1833522058774,None
1730815476.711684,719.5193638342568,719.7479164051347,None
1730815476.811684,719.0202251788304,708.9219569927543,None
1730815476.91169,726.2689187114324,704.980546264455,None
1730815477.011686,735.3084811134084,708.433100694389,None
1730815477.111691,737.3916305885788,709.2884708519406,None
1730815477.211681,729.0804626070562,692.7767059260167,None
1730815477.311688,732.6315860588146,691.491126488836,None
1730815477.411681,717.2037887776629,688.5250164393291,None
1730815477.511683,671.2558940590312,668.0855412471094,None
1730815477.611684,676.9728439831024,662.8265544922706,None
1730815477.711684,687.7439147562677,662.6455965375517,None
1730815477.811682,596.477517417451,600.7472632244704,None
1730815477.911682,595.4948347036066,607.1913630795049,None
1730815478.011687,593.2412824668468,629.1870867178893,None
1730815478.111682,591.926330472802,626.0714685908049,None
1730815478.21169,711.0692877967512,684.9937643650005,None
1730815478.31169,711.2672001122972,679.8603162923876,None
1730815478.411686,727.1052380288103,672.7762565594253,None
1730815478.511684,737.0971568254665,667.3278638616475,None
1730815478.611686,718.4524133477868,672.1989287615404,None
1730815478.711687,715.8398344134685,674.8949921354433,None
1730815478.811682,729.0191037818653,693.8029845749064,None
1730815478.911683,741.1787661059626,707.2315805901021,None
1730815479.011685,720.6158148629199,709.7494885230037,None
1730815479.111682,721.0229298003824,698.898645548313,None
1730815479.211689,672.2090701333352,700.3373089286086,None
1730815479.311687,621.4398799884831,606.0338516690833,None
1730815479.411692,582.3866111018211,614.851541544286,None
1730815479.511692,592.8118157280655,618.4238938457738,None
1730815479.611693,590.4152121970562,584.3218800322395,None
1730815479.711688,579.545685280255,601.9757050207854,None
1730815479.811689,561.6537418659135,611.1831229027495,None
1730815479.911683,673.6127385147458,779.2618404447414,None
1730815480.011684,668.5257549839969,753.664627659853,None
1730815480.111692,721.1963350407681,752.956442979864,None
1730815480.211693,730.2500416422091,730.6750461929231,None
1730815480.311684,759.1969955249801,715.8197261201573,None
1730815480.411685,644.8251826074052,689.8739363091854,None
1730815480.511683,637.9091508435429,682.0950200016122,None
1730815480.611686,649.908138479543,690.7956169528774,None
1730815480.711692,646.6352550720605,569.176885140582,None
1730815480.811692,625.5730455162836,598.7521024083915,None
1730815480.911687,651.079616044845,640.1296506565789,None
1730815481.011683,662.3150107536898,659.0015602054423,None
1730815481.111688,671.1190865409485,589.8328529673495,None
1730815481.211684,658.2297601422786,588.2882354222209,None
1730815481.311689,645.5811473546736,603.652591964412,None
1730815481.411688,693.9329959583711,601.5155324330226,None
1730815481.511681,672.532517513838,603.9443728920966,None
1730815481.611687,735.4179637214049,535.7889204364701,None
1730815481.711683,701.0645029695839,504.44535860533927,None
1730815481.811685,728.5780152932447,549.1305273833161,None
1730815481.911684,656.9428006870352,539.6615651509773,None
1730815482.011692,759.6095078096072,887.0832317538411,None
1730815482.111681,751.9796590616571,808.0435028104573,None
1730815482.211687,772.2075847938648,742.6635736586459,None
1730815482.311688,763.3727896697684,711.3160095238961,None
1730815482.411691,763.1886651438575,701.885504101181,None
1730815482.511686,778.5945437057409,697.1502034348072,None
1730815482.611686,814.5191107459854,692.5058331177416,None
1730815482.711691,722.4103194410645,646.5730135885124,None
1730815482.811683,670.1345385376464,633.1357703228375,None
1730815482.91169,621.3387224206433,612.5940019278953,None
1730815483.011683,650.0036387298825,566.1705634707354,None
1730815483.111691,616.115930872504,570.56219008639,None
1730815483.211729,610.7096561636038,580.3844187923982,None
1730815483.311683,653.950197574836,592.2057170883866,None
1730815483.411681,649.4741563400588,592.7742176715124,None
1730815483.511688,610.3937532676757,598.8292980617973,None
1730815483.611688,601.6929922872157,684.7136571897482,None
1730815483.711689,621.2651852473647,750.6377967470852,None
1730815483.811693,633.488588384486,744.7047105312463,None
1730815483.91169,605.6113880979713,726.5410423717608,None
1730815484.011687,619.4522131212666,784.7858789677846,None
1730815484.111687,612.756987915073,772.4678291335562,None
1730815484.211691,713.4326570153204,627.933179119399,None
1730815484.311685,721.7830073624175,628.4274156926163,None
1730815484.411686,648.3484607487294,511.5907094794569,None
1730815484.511687,574.1039856793245,459.83156028853614,None
1730815484.61168,583.1810544862892,521.7880066196058,None
1730815484.711687,593.3813015946764,544.1185818505295,None
1730815484.81169,603.4831429254889,522.454867002361,None
1730815484.911691,610.3154653023174,523.3932551349919,None
1730815485.011692,598.5935594493011,538.7478084188699,None
1730815485.111686,714.9173194775328,714.4003518041712,None
1730815485.211688,712.6824334270214,670.5174243860492,None
1730815485.311684,724.3879398424291,645.4153462308859,None
1730815485.411686,641.2827897136222,601.1681165724573,None
1730815485.511684,648.8003129563201,608.0936612674903,None
1730815485.611685,606.5229994395112,648.1996495827187,None
1730815485.711685,584.6245491657426,682.7998351983063,None
1730815485.811686,579.2911245010338,700.0741579014455,None
1730815485.911683,605.3131583449363,787.1124173635453,None
1730815486.011683,614.5074494138024,798.7302366808229,None
1730815486.111684,596.0543590660858,777.2258988797728,None
1730815486.211684,616.9274639279048,767.8553405462378,None
1730815486.311686,605.661756373563,764.72843646484,None
1730815486.411683,611.6165328371762,767.4251228984533,None
1730815486.511687,620.2776666179385,766.7825207539663,None
1730815486.611687,618.6838607402025,784.6292855969307,None
1730815486.711688,618.5253870094296,797.4674343403863,None
1730815486.811689,615.9592155615268,812.4905430601574,None
1730815486.911689,620.9426136186786,815.267152369874,None
1730815487.011684,612.7056098950532,812.622414428937,None
1730815487.111691,614.6689728109454,813.3799443198195,None
1730815487.211685,613.6977897026811,802.9702219164116,None
1730815487.311689,625.674458657231,788.2386289895092,None
1730815487.411684,630.618050866843,792.8324571686722,None
1730815487.511725,635.3117051891898,799.9203117478198,None
1730815487.611685,643.172533781228,815.6486329708077,None
1730815487.711685,636.2255272203963,783.606677193505,None
1730815487.811685,694.7249625768447,653.9258183892102,None
1730815487.911684,665.3015290433221,664.0133837191205,None
1730815488.011685,708.3340319648573,642.8924834096183,None
1730815488.111681,701.3943557039634,656.8155911466922,None
1730815488.211682,768.3486884840975,670.2233411690368,None
1730815488.311685,758.6821166223916,685.6277580068314,None
1730815488.411683,729.5881030994877,587.0748990117139,None
1730815488.511685,639.95280626991,438.389697918694,None
1730815488.611689,664.8065590154632,455.5463706120585,None
1730815488.711691,676.418050336609,479.757024626594,None
1730815488.811681,661.3981921506429,442.5765287655253,None
1730815488.911691,666.7350104543059,453.3608912271941,None
1730815489.01168,642.8638724012712,818.2590779904123,None
1730815489.111689,679.5035813243853,734.8008119134257,None
1730815489.211686,691.745551285492,686.6644663614155,None
1730815489.311692,735.301993479315,698.162551278723,None
1730815489.41169,737.6757343482418,685.3794770693139,None
1730815489.511691,750.0769395288787,681.3260569880722,None
1730815489.61168,662.8221098809578,655.3649487446221,None
1730815489.711689,678.5441322632512,665.3862779946373,None
1730815489.811686,681.2766497088146,697.769686251996,None
1730815489.911686,687.4834422209672,711.7442840421302,None
1730815490.011687,673.2189381314562,712.9736558156523,None
1730815490.111691,690.756718717009,705.5902239485958,None
1730815490.211688,653.244701592345,727.6284454426609,None
1730815490.311688,660.026690049781,711.7965640627748,None
1730815490.411689,630.6330219845344,723.2543150959864,None
1730815490.511687,560.4360886881108,772.0298992912618,None
1730815490.611691,572.8543617019719,750.5927937466842,None
1730815490.711689,587.937411111493,734.3477197456632,None
1730815490.811682,589.2400324657499,737.0976276980545,None
1730815490.91168,721.9708314217371,664.5403405025779,None
1730815491.011682,724.0280913748146,676.8008612517515,None
1730815491.111684,729.2584093228945,679.7769151053358,None
1730815491.211686,601.8308685074107,734.3375599423947,None
1730815491.311687,587.3364129283817,726.8107999837637,None
1730815491.411681,578.5657956402765,716.812616379079,None
1730815491.511684,619.9846334158148,714.1578812003648,None
1730815491.611685,605.2728769146865,707.1899866308156,None
1730815491.711683,625.2153404989358,697.5962146111334,None
1730815491.811685,640.5310149857207,754.7544101553389,None
1730815491.911686,636.1709975555765,755.8102776089316,None
1730815492.011691,632.7482584544061,712.4704221900862,None
1730815492.111687,645.2071383019675,667.3956381662745,None
1730815492.211684,664.4850120963379,689.6082827535341,None
1730815492.311683,652.0400086556425,652.1559850499098,None
1730815492.411686,647.7365168515515,628.8452735012258,None
1730815492.511685,632.7506628999122,619.3485468645083,None
1730815492.611681,640.1299142513274,614.3375922194774,None
1730815492.711678,658.9126278377969,609.5422032149968,None
1730815492.811685,636.5255161475279,595.2543413443018,None
1730815492.911686,601.3840243409725,702.8806809746822,None
1730815493.011686,602.3400223348652,686.9768621928604,None
1730815493.111685,637.133054311401,725.8781652291075,None
1730815493.211689,619.2482849533899,690.677869873532,None
1730815493.311682,661.4034097630462,706.1886184023601,None
1730815493.411687,603.9578209107722,692.8157232882447,None
1730815493.51169,599.0481677175098,678.5898291362175,None
1730815493.611688,602.7021108965095,663.9157998264977,None
1730815493.711689,670.4702724737946,636.297091542497,None
1730815493.811689,706.9479964344747,663.4295631503426,None
1730815493.91169,713.0813611160274,674.2490143060738,None
1730815494.01169,708.3936960712539,671.0018746019484,None
1730815494.111683,713.5349182929597,682.1735893120608,None
1730815494.211689,668.5484716125351,565.3690805006669,None
1730815494.311693,618.6060131559956,411.6510616489711,None
1730815494.411685,698.921686459268,556.0021715473423,None
1730815494.511686,656.799072987908,511.45340450518665,None
1730815494.611686,642.3209994463816,413.4748072891043,None
1730815494.711687,722.1333994273637,781.746588657665,None
1730815494.811688,735.033688262482,736.9628248867311,None
1730815494.911686,749.8489189823518,705.7252828036568,None
1730815495.011687,731.594661029134,708.5095845386285,None
1730815495.111687,647.0324829184403,690.1910689796307,None
1730815495.211682,644.7784457566245,696.992416950192,None
1730815495.31169,613.9521755928406,694.2050701323016,None
1730815495.411685,618.2394480503892,691.8743369710372,None
1730815495.511692,624.6606582936503,685.473796909374,None
1730815495.611692,609.8150680976399,685.6798439572334,None
1730815495.711687,637.9693200584113,671.5004290752488,None
1730815495.811687,605.2478101077074,659.3180477226725,None
1730815495.91169,707.4111825309741,527.5289363639343,None
1730815496.011686,717.0362379761227,600.7850143954962,None
1730815496.111679,711.2419952671867,648.6369806769836,None
1730815496.211687,785.6786568050252,813.1425158526572,None
1730815496.311689,697.9263713849641,615.5022446402946,None
1730815496.411684,821.6346549947859,780.0172292838236,None
1730815496.511683,852.5854796845217,737.8046842646474,None
1730815496.611683,863.0870411740251,714.090120060118,None
1730815496.711685,783.935611859141,701.2505546106803,None
1730815496.811685,804.5522003021379,693.5338381340642,None
1730815496.911717,799.1813497174523,694.92021781709,None
1730815497.011691,691.5205110721729,715.7268270825634,None
1730815497.111681,687.2146997840373,705.5287586313427,None
1730815497.211683,637.6493129405101,849.0481536956502,None
1730815497.311692,620.0068259850159,881.7170901578372,None
1730815497.411682,623.7227209334579,871.0177004481394,None
1730815497.511683,628.7818422843796,871.4772951640733,None
1730815497.611696,638.9443443190551,610.206895829133,None
1730815497.711685,624.5154083309777,585.0280046872724,None
1730815497.81169,627.027695842281,599.4323738925459,None
1730815497.91169,617.8191909379307,491.3552023451056,None
1730815498.011682,622.6700810340762,445.5563995695509,None
1730815498.111685,627.565286639824,482.3927830468484,None
1730815498.211693,625.2873657903789,494.0769602845836,None
1730815498.31169,703.1572917319204,582.452091633067,None
1730815498.411691,734.7861893902154,586.4691891744969,None
1730815498.511683,657.1187678908768,499.1118753864528,None
1730815498.611688,792.4877357567049,602.7531560214768,None
1730815498.711689,769.3918121261352,573.133012916151,None
1730815498.811689,775.0614549961832,575.7162706275766,None
1730815498.911686,720.601507097286,526.0290478909108,None
1730815499.011687,634.5449795521338,682.1681501292071,None
1730815499.111695,655.9475928163857,771.1899279086871,None
1730815499.211692,651.6004658376303,727.689432814069,None
1730815499.311689,594.5502163775523,719.4629219311041,None
1730815499.411684,588.787953632006,713.3178505057326,None
1730815499.511689,577.2355045647132,692.3602387646122,None
1730815499.611685,574.7419683108577,688.4801518426764,None
1730815499.711686,595.8976671226501,690.7076002406228,None
1730815499.811686,609.5538166969125,688.5492887593115,None
1730815499.911687,620.2714968379706,683.3078568851583,None
1730815500.011688,758.7436360208534,668.4949290700337,None
1730815500.111678,761.0737982492368,665.9241861506929,None
1730815500.211683,760.441870468599,673.7131026945177,None
1730815500.31169,655.778326199268,637.2228614687457,None
1730815500.411691,651.5326205196192,677.5094054341844,None
1730815500.511687,652.4098090444045,676.969394113804,None
1730815500.611691,649.2804831807688,662.6122259991581,None
1730815500.711683,655.3888556121984,655.6109442193117,None
1730815500.811689,698.5965705251483,687.7142617242519,None
1730815500.911689,697.9667498361206,679.2513068945626,None
1730815501.01169,708.3871101739711,675.0282786886665,None
1730815501.111691,717.747804521513,667.7818551325713,None
1730815501.211685,715.5987439426025,680.5057425720765,None
1730815501.311683,732.3150513970971,688.4762829344994,None
1730815501.411688,727.1743322703371,697.7875858299263,None
1730815501.511685,706.7290572303441,673.8740065363838,None
1730815501.611688,718.8603127002666,676.9596304027566,None
1730815501.711688,711.6492506866226,665.9921259018254,None
1730815501.811683,708.2274119027805,662.1495375209907,None
1730815501.91169,742.4164285184324,671.5712371642743,None
1730815502.011689,744.0459512222724,661.2360794465235,None
1730815502.111689,761.736918086164,653.9345149263869,None
1730815502.211689,599.896444483803,688.8178239787626,None
1730815502.31169,632.9026148943459,674.4901321355292,None
1730815502.411688,602.0325440509432,678.9981264905535,None
1730815502.51173,612.4015007698366,688.7683668130792,None
1730815502.611683,615.993800532158,659.2501329216587,None
1730815502.711683,628.1848960200416,665.8888274694256,None
1730815502.811687,633.4725717990761,672.8483064698283,None
1730815502.911684,658.3016321687444,666.7197768180549,None
1730815503.011692,668.1833897772653,592.2497637848131,None
1730815503.111685,657.5090432720134,601.1345973341714,None
1730815503.211688,630.0467145582073,697.0819589864317,None
1730815503.311683,620.3469908962264,679.1366420098665,None
1730815503.411685,608.0346054158489,674.0010884357293,None
1730815503.511686,723.5847894322916,678.2494450574183,None
1730815503.611686,733.6056547026436,675.5927661928314,None
1730815503.711684,736.7091509813362,674.2721021458784,None
1730815503.811687,705.5467193243293,674.5159400138743,None
1730815503.911685,711.97613531781,679.3668418313799,None
1730815504.011686,688.3435416652121,681.9884506179559,None
1730815504.111686,696.9277985922953,689.0353553287686,None
1730815504.211684,712.8413348477551,693.7936260503585,None
1730815504.311687,715.3061100636802,706.8761773256388,None
1730815504.41169,735.2037211721188,713.3440238536843,None
1730815504.511682,741.8200706248306,719.0922145664263,None
1730815504.61169,780.3011757122438,721.8914280781273,None
1730815504.711691,801.0218191825036,721.2626956106309,None
1730815504.811692,820.104136465687,721.1776631295052,None
1730815504.911687,838.2111020232196,688.0111691900453,None
1730815505.011691,838.2351934656853,667.3314778489341,None
1730815505.111686,670.2156358243111,642.7830342868347,None
1730815505.211686,713.6997205256552,651.7041612042246,None
1730815505.311687,715.8029956999718,651.9845156578657,None
1730815505.41169,721.317304935755,656.5656807379019,None
1730815505.511684,661.3365485351386,649.793109833377,None
1730815505.611693,586.2873028255317,601.9671721730882,None
1730815505.71169,599.6415966715135,615.5921783862602,None
1730815505.811691,609.8225349813978,620.4111153036583,None
1730815505.911691,619.0288476069164,621.5564191974844,None
1730815506.011687,617.1977443714056,614.7900481928116,None
1730815506.111682,613.1775804225201,611.1498689495446,None
1730815506.211689,609.3896206636483,599.8191275894868,None
1730815506.31169,615.4786102278897,595.5281587497461,None
1730815506.41169,630.4189703271402,587.1078568660823,None
1730815506.511682,710.6012417806357,702.386393348535,None
1730815506.611688,758.9835452496663,696.3441881372222,None
1730815506.711688,751.4447901268419,692.7215863094935,None
1730815506.811687,757.7526980380949,692.7044186806964,None
1730815506.911683,780.9524709416505,695.4023607046626,None
1730815507.01168,686.3920846518499,657.2337817128088,None
1730815507.111686,620.174694810253,632.780561012363,None
1730815507.211684,637.2255227153718,619.9658310035222,None
1730815507.311683,604.7491150210816,585.1668733760789,None
1730815507.411683,605.4650381053764,597.9395561008628,None
1730815507.511683,618.7459594361088,595.9336053654724,None
1730815507.611681,617.8744865249508,597.5982194656407,None
1730815507.711681,651.926402960703,597.2659700198586,None
1730815507.811689,700.2543154894937,666.703490439042,None
1730815507.911687,708.9746835270925,680.4087438569875,None
1730815508.011685,691.4891017268145,683.233753235176,None
1730815508.111685,692.7906712753988,688.1503053311008,None
1730815508.211682,769.4265078714411,682.9438189927672,None
1730815508.311688,823.8541437805259,687.4637407400671,None
1730815508.411683,841.6726889545328,684.0551761610677,None
1730815508.511683,817.7136089012957,684.274704045171,None
1730815508.611692,754.5692489836563,684.7990922876253,None
1730815508.711691,753.9161509147915,690.6246463297269,None
1730815508.811689,775.5376543331766,690.2080226275754,None
1730815508.91169,791.3362454129284,685.7858008762369,None
1730815509.01169,683.4803585131634,657.8843231642339,None
1730815509.111691,644.4359336130544,652.0068411364574,None
1730815509.211684,649.5117760561652,690.2853513271149,None
1730815509.311686,660.1500653658833,722.6858169706767,None
1730815509.411683,637.6810108149245,697.6781007247673,None
1730815509.511683,614.5256420644561,677.660218691746,None
1730815509.61169,599.1721816251929,682.1540926782934,None
1730815509.711683,585.713517873386,631.7213890493873,None
1730815509.811687,594.9136336435697,633.2455323571152,None
1730815509.911688,591.5880078363041,627.8245206089507,None
1730815510.011684,614.9498536669171,627.1213520744584,None
1730815510.111685,693.7720443271126,684.2948342038467,None
1730815510.211688,714.6506457936326,721.6681373912808,None
1730815510.311689,742.624789489213,711.9851211080902,None
1730815510.411686,743.4082255572134,691.6036034350444,None
1730815510.511687,708.9202751807497,667.804087608067,None
1730815510.611682,728.5015736683566,679.0920709403925,None
1730815510.711695,741.9037998356872,697.6083836279,None
1730815510.811687,755.7725899758289,702.1167969160687,None
1730815510.91169,748.8610400803569,738.4725213216075,None
1730815511.01169,756.0314120859189,728.6546300912629,None
1730815511.111686,620.6233319222766,768.7390978652963,None
1730815511.211685,623.2914551862418,760.6479925403814,None
1730815511.311682,617.9324699578489,752.7167389672317,None
1730815511.411685,613.8839314246129,764.1247030513651,None
1730815511.511685,776.3586865639306,712.5161585456583,None
1730815511.611688,832.6552270824557,688.2893188505291,None
1730815511.711686,827.7373487149464,692.3987997987635,None
1730815511.811684,817.3539689459828,670.4535250831311,None
1730815511.911683,799.3776895094015,658.0375175871999,None
1730815512.011688,729.263597186781,637.97087774125,None
1730815512.111687,735.5815632790411,640.0327825398534,None
1730815512.211687,688.320882691475,627.4524684057576,None
1730815512.311686,611.1473707671319,623.9581225175834,None
1730815512.411691,624.2959397392106,628.9046055980059,None
1730815512.511683,651.4940966021486,534.3303345804768,None
1730815512.611688,636.932693537976,481.9739465731939,None
1730815512.711678,644.5720590126347,512.4740835408497,None
1730815512.811679,636.0479760936333,458.3766074483588,None
1730815512.911685,624.7584948791941,465.97510376005926,None
1730815513.011691,649.425219821255,573.9333422807065,None
1730815513.111681,685.3464827421398,757.7093035689347,None
1730815513.211683,663.7455602816625,738.0921558023541,None
1730815513.311687,653.9155447299454,737.3863693790388,None
1730815513.41169,667.7173204363635,728.9913500577759,None
1730815513.511693,669.8917847844557,738.0366144221985,None
1730815513.611704,680.3964025388256,748.2122126174942,None
1730815513.711684,633.9094206885189,545.1649328813915,None
1730815513.811721,636.4809387467337,545.4343824139318,None
1730815513.911681,628.9690187573656,531.478782362786,None
1730815514.011682,662.7696411831841,539.719119674453,None
1730815514.111692,800.7969377165431,758.2252844642662,None
1730815514.211688,792.5447851022221,734.8071095636893,None
1730815514.311689,791.1370225383555,723.5228700268825,None
1730815514.411685,790.6781831174343,739.7940074381788,None
1730815514.511686,733.4199240612592,702.8922824848781,None
1730815514.611687,736.502150704784,683.274298727374,None
1730815514.711687,686.717155828488,664.2146375163503,None
1730815514.811691,631.6033719627803,640.5449121871193,None
1730815514.91169,632.6956437727497,631.8406489511095,None
1730815515.011693,715.0805340163917,656.9165806900771,None
1730815515.111687,760.0977289871803,650.4069897519788,None
1730815515.211688,754.4259952151908,639.4157606748613,None
1730815515.311686,759.0499365926074,635.0022205917618,None
1730815515.411683,801.4731371816148,632.8700201913435,None
1730815515.51169,811.3722226855183,624.8799392547521,None
1730815515.61168,832.1389995722932,643.7807706818733,None
1730815515.711683,830.7071146346486,652.7873970898515,None
1730815515.811683,665.4321528465437,635.8839873188706,None
1730815515.911689,657.4544222964571,660.5659306167684,None
1730815516.01169,644.9697074803807,653.0307094203915,None
1730815516.111685,637.1354767890273,655.7418771068138,None
1730815516.211714,617.9049468753667,726.3891565969893,None
1730815516.311689,620.8451092682534,733.9383735921587,None
1730815516.411682,619.3254885016844,729.0273377068502,None
1730815516.511686,612.53192492168,730.0917472235524,None
1730815516.611687,618.2610474238048,731.3715449878007,None
1730815516.711686,742.9335064751291,656.7018656818374,None
1730815516.811688,740.4354448731924,664.7774700282641,None
1730815516.911683,744.5477456070389,662.5688363312446,None
1730815517.011684,703.214202614433,632.8807879848833,None
1730815517.111688,666.126325639476,622.9798527972868,None
1730815517.211691,691.210613277618,622.2052740539805,None
1730815517.311689,671.0542995997529,705.6594441162199,None
1730815517.41169,633.4781989170315,745.6772662893932,None
1730815517.511683,635.4903230177757,750.5426957623425,None
1730815517.611689,653.2114246341147,777.3721852646675,None
1730815517.711691,659.7952966462259,772.8606109640166,None
1730815517.811685,843.1947826575193,700.4221961949054,None
1730815517.91169,838.7412815674073,692.0541853191903,None
1730815518.011684,836.5683934180221,699.6330476729082,None
1730815518.111687,837.0872603654852,698.1946953661576,None
1730815518.211681,838.1242237860203,698.6375644935831,None
1730815518.311683,855.1969216749008,696.1388119294644,None
1730815518.411683,862.5522960353028,694.6177824693775,None
1730815518.511684,875.1238803894882,691.2320079422166,None
1730815518.611686,891.9426708659676,689.1017642657549,None
1730815518.711686,907.0432370998724,681.7787404169643,None
1730815518.811687,921.5471282473178,685.6419316871636,None
1730815518.9117,934.7813664989668,691.1757952169614,None
1730815519.011688,845.3481360410046,685.6296703311233,None
1730815519.111687,809.0924235203522,687.7523648347254,None
1730815519.211689,711.2468830872199,681.4223569987465,None
1730815519.311686,576.954491645432,744.5519334725694,None
1730815519.41168,608.2379900636487,729.5691989511724,None
1730815519.511687,619.1225006038,722.8564775732733,None
1730815519.611686,632.4701700791949,711.716472686942,None
1730815519.711687,627.8605185312731,708.1874617542129,None
1730815519.811687,635.5902251964362,713.6853165787714,None
1730815519.911686,654.1310514458906,724.3072952055313,None
1730815520.011683,651.5213554596814,732.0476276776387,None
1730815520.111688,656.4773273069095,740.8697527223721,None
1730815520.211688,641.1402629793231,751.4668097420266,None
1730815520.311689,660.4992784524093,756.0442649804742,None
1730815520.41169,649.8430075815671,746.2085304479709,None
1730815520.51169,667.8970230473612,742.7073847093449,None
1730815520.61172,667.1926710877043,738.2055542827383,None
1730815520.711679,665.8239634119847,735.758336867369,None
1730815520.81168,675.6774089500238,728.5919513662316,None
1730815520.911681,677.4104226631853,808.3375752214326,None
1730815521.011681,679.2363749422566,792.9983204368316,None
1730815521.111689,680.457730898909,794.9984525627896,None
1730815521.211688,681.5524000703273,792.6718607675379,None
1730815521.311688,672.7300103434633,791.9992912051105,None
1730815521.411683,672.257783467188,792.5353922881117,None
1730815521.511685,681.7861201655865,787.9213495903604,None
1730815521.611687,689.6224679594923,781.2582355496962,None
1730815521.711683,640.304113360758,690.3019393802374,None
1730815521.811688,684.4325672002735,721.0351699705193,None
1730815521.911689,730.8721079737653,713.8987472824548,None
1730815522.011689,778.7401209975509,717.548985941984,None
1730815522.11169,801.8261927709868,730.1642910548882,None
1730815522.211685,796.4402404212304,733.2399140512041,None
1730815522.31169,769.9317204514111,735.4508166984364,None
1730815522.41168,750.2390632209418,736.1469262844279,None
1730815522.511682,739.3866239474867,745.3462604446376,None
1730815522.611691,736.3486364918598,592.9345429438556,None
1730815522.711682,813.5768429157064,286.1876231508785,None
1730815522.811683,786.022203670747,335.2967727215852,None
1730815522.911702,762.8134490120551,482.8478939769288,None
1730815523.011681,725.2784710568255,484.49544013280286,None
1730815523.111681,793.5350383391361,609.2929314675773,None
1730815523.211685,783.916738836323,602.8928768742865,None
1730815523.311679,719.2924865936668,349.92317765288715,None
1730815523.411687,789.8859529065788,206.66760995077735,None
1730815523.511691,872.6834096910771,269.1790434666217,None
1730815523.611689,814.16681850767,195.8726008399485,None
1730815523.71169,768.054167746246,150.4796183796392,None
1730815523.811683,723.3007209970875,152.0412218727547,None
1730815523.911682,713.3185379974473,167.0437137208562,None
1730815524.011689,703.7166849454187,384.2685685321184,None
1730815524.11169,704.0992124562679,588.9316081817667,None
1730815524.211689,802.3395242106506,739.8287327000709,None
1730815524.311684,1003.7632309873852,831.2211613287961,None
1730815524.411685,932.6914667092724,701.7372388666636,None
1730815524.511683,958.2185810952132,611.7250718182624,None
1730815524.61169,966.0059816853488,614.8565304980875,None
1730815524.711685,969.9543280219032,629.4258568294656,None
1730815524.81169,966.825661847859,635.3633921110943,None
1730815524.911685,962.3221948988556,633.7205549751977,None
1730815525.011682,961.3809135663248,630.3569688860795,None
1730815525.111686,965.0843049659424,624.4690688343795,None
1730815525.211688,970.5525475670802,619.8695718577279,None
1730815525.311692,974.2743746141492,618.2257919146969,None
1730815525.411692,977.2303383570452,617.0676192627587,None
1730815525.511689,984.1702877265546,616.1760285725605,None
1730815525.611689,1001.903860315682,599.0696409185382,None
1730815525.71169,1019.020701417522,590.4384668645882,None
1730815525.811691,1037.8973233395573,586.8442984265897,None
1730815525.911691,1032.55524472575,578.7438555101025,None
1730815526.011692,1026.9912297976566,575.5065428595742,None
1730815526.111708,1013.2771329397136,590.5398226220843,None
1730815526.21168,1017.4083131455689,616.961177482975,None
1730815526.311687,1010.6274900784426,645.5307748685977,None
1730815526.411685,1021.1880110694656,636.1138092655499,None
1730815526.511686,1018.4612554800448,619.5393621397893,None
1730815526.611689,997.520441868349,604.3482257121302,None
1730815526.711689,991.4742783817012,596.5475133356881,None
1730815526.811687,987.1970493023013,593.6358087108191,None
1730815526.911687,967.6018858743514,602.3393964536622,None
1730815527.011688,950.6883612933876,593.9101416940754,None
1730815527.111688,950.8644626288992,583.5331318587995,None
1730815527.211689,950.121213110054,581.6862201822726,None
1730815527.311689,947.1730596912696,590.5550761769892,None
1730815527.411686,945.0444782363752,588.1339948370971,None
1730815527.511687,946.8454728195886,594.0620154397099,None
1730815527.611687,959.155108491091,594.5793404975584,None
1730815527.711688,969.1562957160312,590.716707350436,None
1730815527.811689,835.2366695256703,639.9856944432044,None
1730815527.911689,644.338754846054,663.2643567401573,None
1730815528.011686,577.9100896475993,756.268162693406,None
1730815528.111687,647.6169125280923,810.8622807443279,None
1730815528.211684,669.8972114427886,719.8860795370042,None
1730815528.311689,672.7824553145063,788.3364963591682,None
1730815528.411692,697.7175264021065,750.0994468265102,None
1730815528.511691,758.4875922420766,710.7303914774053,None
1730815528.611683,760.8772092959668,707.376177502563,None
1730815528.711721,769.5875371758734,685.1575740172802,None
1730815528.81169,790.4831811272877,708.2070519273461,None
1730815528.911687,784.463583335046,704.4781275161357,None
1730815529.011689,780.4075452349217,709.4236404059902,None
1730815529.111692,779.6043148737,721.7528247331588,None
1730815529.211694,767.7844357884916,736.0265021102848,None
1730815529.311677,774.8220373342915,740.9863615285866,None
1730815529.411683,776.6062931589183,736.8084588935145,None
1730815529.511686,790.0758708037654,733.9218387736747,None
1730815529.611693,788.0505491369593,734.6666222861973,None
1730815529.711687,771.1024935301382,709.5134371560054,None
1730815529.811688,750.8059704042207,563.6367667231875,None
1730815529.911689,764.2323261977324,630.6807080476559,None
1730815530.01169,761.4107078525417,649.7374229048327,None
1730815530.11169,671.3543076623913,528.5524262452564,None
1730815530.211679,672.2387427583145,535.6594852724146,None
1730815530.311684,605.3208473015724,560.0094240420287,None
1730815530.41169,631.3471965019539,569.6647019148622,None
1730815530.511683,638.5240227479417,568.6524761780558,None
1730815530.611683,642.8444588893796,569.3266527882154,None
1730815530.711689,645.9668977879593,573.1178295139756,None
1730815530.811691,645.9119907260543,575.394053192158,None
1730815530.91169,640.2463151736263,554.7267564494646,None
1730815531.01168,610.2512007596803,550.6392963194937,None
1730815531.111684,612.5202863926987,551.9179247342723,None
1730815531.211703,604.8502376249802,579.0388051582235,None
1730815531.311685,606.6514798905798,581.4777640577641,None
1730815531.411686,606.5613745737478,586.1447973273146,None
1730815531.511687,613.8704307635661,589.6330725227774,None
1730815531.611687,615.2933845862584,597.0927496292782,None
1730815531.711684,612.4991559938685,594.4561670408299,None
1730815531.811685,579.3354933966921,511.8027377762045,None
1730815531.911685,583.1346130361611,511.0329197515723,None
1730815532.011686,584.0399931123596,515.4408996950065,None
1730815532.111687,585.8964118976472,510.5399600993137,None
1730815532.211721,594.0708129086568,513.4371648710292,None
1730815532.311691,595.9469552002515,515.8913779922674,None
1730815532.411688,594.9718685723919,527.1808169579284,None
1730815532.511718,590.3627960776092,535.6430078478847,None
1730815532.611689,585.7677940402174,531.4795943464749,None
1730815532.71169,581.1632207074725,529.2156349304416,None
1730815532.81169,577.7363672446888,531.7240306421168,None
1730815532.911685,571.1981917794003,546.3007822818549,None
1730815533.011681,744.0453611217561,431.1391763463261,None
1730815533.111688,1033.486965932875,408.3327000012731,None
1730815533.21169,1021.0285608836148,521.2859511620388,None
1730815533.311686,1007.6875995083476,563.1744461111724,None
1730815533.41169,1001.271683868474,595.3888475274832,None
1730815533.511683,995.2384935496002,607.0820310927454,None
1730815533.611689,989.88901174737,606.916405138489,None
1730815533.711691,981.25014772116,612.0505842999935,None
1730815533.811689,980.3190895789604,608.7146309981856,None
1730815533.911689,975.6997924989894,606.0839698500986,None
1730815534.011687,975.35409896241,599.1029652173231,None
1730815534.111694,966.8370457831472,590.1344926400689,None
1730815534.211687,965.3557474812728,587.3551500354548,None
1730815534.311685,965.232079153494,582.4721902163102,None
1730815534.411685,966.369834104087,576.5469848029077,None
1730815534.511682,965.291659408276,573.7767687780829,None
1730815534.611686,966.5502026161894,573.893525822957,None
1730815534.711687,964.2757218643014,571.6925801829411,None
1730815534.811684,966.1302866098968,570.5468096303239,None
1730815534.911685,964.8577872189732,568.1168897855441,None
1730815535.011685,963.2569847722584,569.3084001219383,None
1730815535.111686,959.4214911306228,568.970219215156,None
1730815535.211686,959.860985199194,573.6916897743808,None
1730815535.311687,962.213928937168,574.0245299228009,None
1730815535.411688,964.4072778122808,575.2587100031615,None
1730815535.511684,972.908244837444,567.2583346453773,None
1730815535.611685,981.1924041975442,562.7797453224371,None
1730815535.711686,891.6143536347088,594.9657661103358,None
1730815535.811686,502.10916374695984,669.2609729446167,None
1730815535.911687,391.416190945028,849.2413726910984,None
1730815536.011688,501.3617284860924,815.8012194060609,None
1730815536.111684,586.5555159489782,756.1861098502816,None
1730815536.211683,640.921616409931,691.8263477998435,None
1730815536.31169,663.193123740422,646.9882569728236,None
1730815536.411685,679.6992497990553,668.067120082194,None
1730815536.511681,675.5764224992773,659.6673328620806,None
1730815536.611685,675.9268383448176,646.1357809484322,None
1730815536.711683,732.6076862906486,803.1425042804757,None
1730815536.811687,792.2165862776374,817.3182596921644,None
1730815536.911688,783.3036562328301,770.0151900613138,None
1730815537.011683,763.3140424343926,745.3217755622593,None
1730815537.111688,749.714156967068,727.9672429767744,None
1730815537.21169,776.0912010029369,734.7818445671353,None
1730815537.311687,770.7557960976739,731.1025814735505,None
1730815537.411685,705.3681866881421,855.4464044697239,None
1730815537.511686,698.3918023998673,832.2179741256306,None
1730815537.611685,733.9477821092757,780.1353111007189,None
1730815537.711695,730.1404331701796,785.2297785822716,None
1730815537.811685,718.9397939605362,806.383478391792,None
1730815537.911685,713.5776182887261,803.5207380858558,None
1730815538.011681,728.3059660840837,758.2560024082946,None
1730815538.111681,734.5721530734677,752.5967384398978,None
1730815538.211682,742.1000607617441,745.601227955208,None
1730815538.311683,742.5787535196134,751.933776834329,None
1730815538.411683,747.2305337082723,750.4330414597359,None
1730815538.51168,747.1724333725912,753.8361850997575,None
1730815538.611681,752.3108531299923,755.2265502881097,None
1730815538.711681,751.6165455143133,755.8486235110934,None
1730815538.811682,745.2594435876175,754.2000525600002,None
1730815538.911683,750.5400867880722,754.5073141568924,None
1730815539.011683,752.3393892567357,755.521713397544,None
1730815539.111692,747.9196741273302,756.9208120397917,None
1730815539.211689,746.484499903177,762.6631840958773,None
1730815539.31169,745.1539860217869,683.0573052230823,None
1730815539.41169,745.4887289834421,661.8137234341916,None
1730815539.511691,749.2989870944634,666.0070429474997,None
1730815539.611691,713.3872669094148,817.7445407332729,None
1730815539.711692,715.8989617397589,818.9733933851857,None
1730815539.811689,739.3417234517295,818.3747379706979,None
1730815539.91169,736.9088285384462,818.5719758281421,None
1730815540.01169,739.5327544724496,816.0433809960604,None
1730815540.111691,738.1610728707325,814.1221022942058,None
1730815540.211691,739.476371299634,817.3716054003046,None
1730815540.311692,737.5226638143448,820.2424491624023,None
1730815540.411689,745.0887492688423,819.2446779214848,None
1730815540.511689,766.3398609931405,975.6993277546125,None
1730815540.61169,764.6150607572439,976.2952794273236,None
1730815540.71169,763.0100316277682,951.0484304615778,None
1730815540.811691,767.6764149764605,933.725934499262,None
1730815540.911692,785.8921551537744,925.059152986567,None
1730815541.011681,786.4450086750203,925.2583710788674,None
1730815541.11168,790.2614139048795,924.7864490534216,None
1730815541.211691,765.6074641165599,928.698419554554,None
1730815541.311688,725.5373598015199,795.5088619013825,None
1730815541.411689,735.5851483682735,741.35239008285,None
1730815541.511689,758.8300273781791,746.31453493767,None
1730815541.61169,757.0434533452453,742.7656779731744,None
1730815541.711687,749.2014703104452,742.9046847832216,None
1730815541.811713,745.3367070612147,745.6340528525051,None
1730815541.911688,732.8843627520196,755.4253452960572,None
1730815542.011688,719.0189639413987,762.5940189389243,None
1730815542.111689,779.9683062529128,667.4333496466976,None
1730815542.21169,1005.1483915516536,529.3384898271447,None
1730815542.311682,1006.000755766973,455.15144966337937,None
1730815542.411679,1016.6007698070192,474.6319409864355,None
1730815542.511686,988.3130645172846,550.9441215663123,None
1730815542.61169,965.8777041186136,567.0799748936292,None
1730815542.711689,966.9979803802968,578.4288105091503,None
1730815542.811683,959.3615351241616,573.8176845048606,None
1730815542.911685,966.0315058499768,564.921291358516,None
1730815543.011689,973.291229486192,642.2323657187603,None
1730815543.111683,914.461398840176,834.1019726919933,None
1730815543.211683,995.1022767730824,778.0596138525739,None
1730815543.311688,1012.2698008804784,715.5872584413742,None
1730815543.411687,950.363713572262,705.192744794414,None
1730815543.511686,959.180358505692,692.9251326128012,None
1730815543.611682,1027.9904463503217,701.2749424224133,None
1730815543.711683,1028.0817834069967,696.0028945116308,None
1730815543.811685,1014.2419109865144,687.7756008871406,None
1730815543.911683,1038.682937870155,674.4769741745823,None
1730815544.01168,1027.2165239284882,670.2709306694213,None
1730815544.111684,1032.3938619043129,668.8209007279942,None
1730815544.211679,1030.4101366989323,672.6628889930023,None
1730815544.311687,1025.8014272692708,671.5997536453826,None
1730815544.411681,953.8403037939614,722.6018297288592,None
1730815544.511687,960.724675814258,723.4057560266549,None
1730815544.611691,961.3565871941388,725.4066195065623,None
1730815544.711689,957.7104816903284,738.1026667706172,None
1730815544.811686,958.5194984881306,739.7080671168608,None
1730815544.911687,960.566449107882,742.6171942543414,None
1730815545.011683,966.200332904402,750.6813015632744,None
1730815545.111688,886.0786517534893,528.7113467163517,None
1730815545.211686,953.9263246440804,414.3389791061589,None
1730815545.311687,966.4938474876432,498.6292893036052,None
1730815545.411684,974.0213102031736,538.7099136435331,None
1730815545.511687,982.310628637728,524.8702368161105,None
1730815545.611685,985.7935714561352,525.7871925190458,None
1730815545.711687,982.8831517447298,526.1434004790983,None
1730815545.811687,983.2914029999348,524.0364711740906,None
1730815545.911685,982.7009010858362,520.5934816279828,None
1730815546.011688,988.7541957373688,512.001835596209,None
1730815546.111685,760.3136436448934,518.4121507050554,None
1730815546.211684,506.3371716779548,626.2951831396377,None
1730815546.311688,529.6130228943925,565.5587273015083,None
1730815546.411688,591.1396838233886,600.3611210450737,None
1730815546.511686,586.6780626270249,662.7666238148488,None
1730815546.611681,646.0647136595469,741.6954811247463,None
1730815546.711683,708.6593655944107,896.6726377246264,None
1730815546.811691,717.676307834353,837.2603077426106,None
1730815546.911683,709.6622216395992,807.5606715848692,None
1730815547.011684,758.0536591069006,782.0827820872429,None
1730815547.111686,760.2126950053577,781.8726765227564,None
1730815547.211683,771.6799865114727,821.0084838005562,None
1730815547.311688,774.3457318830576,819.7016550477148,None
1730815547.411679,772.8126291513104,821.5496914800815,None
1730815547.511685,766.5377269640244,826.7675474991347,None
1730815547.611686,766.6522924155998,826.9728757242743,None
1730815547.711688,758.669510042404,829.7778771812609,None
1730815547.811686,740.5476383537202,801.6490631594959,None
1730815547.911682,735.6537136624875,832.0232170523269,None
1730815548.011683,663.3125743548861,478.43504421558913,None
1730815548.111684,588.077894102618,548.5455434709916,None
1730815548.211684,706.4495090173733,332.09666742954795,None
1730815548.31169,696.5329288317029,259.09163420594115,None
1730815548.411692,707.6064630088213,298.72108593461337,None
1730815548.511686,673.1096171349822,285.6320133097264,None
1730815548.611681,642.4294658759663,269.82599441947946,None
1730815548.711682,625.6031011449462,245.86157798472232,None
1730815548.811693,711.4157202743164,273.29351725367326,None
1730815548.911693,708.8849702388687,291.6315511843795,None
1730815549.011683,699.7958623742036,264.16436371325926,None
1730815549.111681,709.1556171053456,266.29964641313313,None
1730815549.21168,685.7272852669856,375.34283441996433,None
1730815549.311682,684.9495558189163,557.7709705226007,None
1730815549.411731,692.2633834777123,566.3642679890941,None
1730815549.511688,694.5117692350165,570.6648038270989,None
1730815549.611685,656.7177986145641,560.6911669347221,None
1730815549.711684,561.4292961195814,887.5134943398214,None
1730815549.811689,607.7348056981089,1083.4115742602794,None
1730815549.911687,636.038653864082,841.1712113935935,None
1730815550.011692,637.7749388831446,841.2251805867797,sidewalk
1730815550.111685,656.8370390609025,829.1652268419869,sidewalk
1730815550.211687,654.1556700085284,820.7110334493742,sidewalk
1730815550.311687,642.5790689019533,823.3601117246542,sidewalk
1730815550.411682,676.8950689400656,806.1394750789003,road
1730815550.51169,666.2204137003283,761.087972338233,None
1730815550.611687,860.3992206071806,605.2920316608001,None
1730815550.711687,913.0057527121588,640.018366889532,None
1730815550.811686,887.6535394419965,650.2742656618028,None
1730815550.911685,856.6683630801757,641.5682090715994,None
1730815551.011684,856.3683495195718,643.7537776764201,None
1730815551.111684,882.0146848123713,653.4543736584787,None
1730815551.211683,911.1308736995592,689.712190652997,None
1730815551.311693,925.4053866534216,688.1213682625319,None
1730815551.411689,954.4516339248996,678.2860753423324,None
1730815551.511684,854.2910008992865,696.7132188418435,None
1730815551.611685,875.3926087358639,677.5263803651299,None
1730815551.711685,880.5833478724221,666.3241362870239,None
1730815551.811683,812.6768058649448,685.2344675016626,None
1730815551.911684,830.737888499471,680.7121708377763,None
1730815552.011685,835.1605604176038,672.2183105324405,None
1730815552.111692,855.5980962388757,628.726718558417,None
1730815552.211683,819.9072925920482,466.2363458113061,None
1730815552.311686,813.8290721230014,493.8424451905328,None
1730815552.41169,805.7129242176131,519.0502291765672,None
1730815552.511691,794.7105415311246,542.0370847401441,None
1730815552.611691,761.8201375482521,546.8689976418995,None
1730815552.711692,737.2427015275464,587.5719095372465,None
1730815552.811692,741.8880653142721,692.7841427361295,None
1730815552.911689,731.5030389722004,691.5165088427822,None
1730815553.01169,757.7794582093279,683.0765446073478,None
1730815553.111691,698.227658628112,670.8401316806988,None
1730815553.211688,727.0783442082584,673.8940666882331,None
1730815553.311687,749.8799757009009,680.9801734686725,None
1730815553.411684,678.0942715343765,699.0432335584198,None
1730815553.511684,674.6039221233639,677.1560013487693,None
1730815553.611688,680.102309269731,623.0495534116784,None
1730815553.711689,712.3299811714506,545.6302324108093,None
1730815553.811684,667.5013496092057,544.3230019546442,None
1730815553.911695,648.2118182471594,555.8832950617675,None
1730815554.011686,674.0549734466903,573.9704957604021,None
1730815554.111682,615.4134849189845,752.805761596112,None
1730815554.211687,630.69131407671,748.3459212732658,None
1730815554.311688,645.2766292778114,732.2931333931684,None
1730815554.411693,693.2319962038251,685.0529646448597,None
1730815554.51169,760.6689886263863,696.393719855502,None
1730815554.611688,751.6148317746251,682.3966587595924,None
1730815554.711685,747.1290835312277,679.294196206951,None
1730815554.81169,709.4957783201324,676.5818522773242,None
1730815554.911684,711.5948178136399,672.0063659924891,None
1730815555.011684,662.3155485377868,622.3905475613421,None
1730815555.111685,666.8059082826879,624.5399272733215,None
1730815555.211685,600.1401824071419,726.7776022836166,None
1730815555.311682,608.6904841365829,724.821504282993,None
1730815555.411686,551.4259417429028,841.5440537864786,None
1730815555.511687,586.213325010398,793.3373585281796,None
1730815555.61169,562.1505049826984,600.6906195067415,None
1730815555.711689,587.6029046575204,604.9867396773751,None
1730815555.811685,629.0061844301746,611.5532924252088,None
1730815555.911682,800.1427814486381,623.0312199512408,None
1730815556.01169,753.687245799364,641.0721351667736,None
1730815556.111686,746.3717622496509,655.3717227563809,None
1730815556.211705,716.1941247967786,656.569960083479,None
1730815556.31169,709.8386269142112,661.7212075234753,None
1730815556.411689,755.673163869221,613.6416962331707,None
1730815556.511689,750.8580893182138,607.1772793133343,None
1730815556.611686,760.0613191781068,614.156271438522,None
1730815556.71168,661.3340484078522,635.9510110710853,None
1730815556.81168,639.6865951694338,633.6855018025158,None
1730815556.911681,582.1299979543763,638.9823889589234,None
1730815557.011685,568.2353305476165,651.4640369320213,None
1730815557.111689,670.8627906712088,654.8779486136308,None
1730815557.211684,655.6548653533374,656.2244436624595,None
1730815557.311689,708.345332750864,641.6128290157234,None
1730815557.411688,700.9590572658167,655.5008284080886,None
1730815557.511706,671.5226466591746,693.2275347254666,None
1730815557.611684,662.8165865154293,705.90955424738,None
1730815557.711685,683.7591031680821,715.4059093033758,None
1730815557.811685,691.3916785316392,723.1530581747344,None
1730815557.911681,704.592414098209,701.0090194882678,None
1730815558.011682,705.7537160564251,692.4691859498092,None
1730815558.111683,708.0776061754622,689.6204804757807,None
1730815558.211683,725.3769450646823,672.8273763936214,None
1730815558.311684,724.2680572922757,681.2793922555596,None
1730815558.411681,712.0364156544617,692.029125379798,None
1730815558.511684,748.8975054667588,693.5941963932261,None
1730815558.611687,783.8061280061178,693.0059913486999,None
1730815558.711683,806.5658276776662,689.368566800758,None
1730815558.811684,855.4002540010891,677.2068430722945,None
1730815558.911685,685.17348443085,740.1105477773365,None
1730815559.011684,701.3633351884791,723.62834781688,None
1730815559.111684,706.3393913752624,711.0615308725928,None
1730815559.211684,704.5524904380717,667.6823405272775,None
1730815559.31169,720.8263740771259,672.7812260830194,None
1730815559.41169,739.3920865371266,647.2968177684495,None
1730815559.511691,786.8747727013367,657.6286375772881,None
1730815559.611688,791.4759874091625,683.4843497677539,None
1730815559.711711,840.3528535969128,695.1141208997275,None
1730815559.811682,663.5205373935057,667.8777537784945,None
1730815559.911683,664.8084232318503,653.5913048428373,None
1730815560.011684,683.9553561561598,665.544356842117,None
1730815560.111684,649.9278078686915,663.3384186310121,None
1730815560.211685,688.6411994160306,674.5099394974238,None
1730815560.31169,671.4588155106907,658.2721490118545,None
1730815560.411707,624.673696923888,654.9714208193494,None
1730815560.511683,637.7959169925662,655.3593870147126,None
1730815560.611684,604.7651511298269,670.3003942510163,None
1730815560.711685,615.9176040226588,633.5884061574026,None
1730815560.811685,643.5069001956405,629.3399520858294,None
1730815560.91169,606.1077122689302,626.3266987591422,None
1730815561.011687,740.6518052094608,747.2500631513665,None
1730815561.111685,716.2730714702881,739.2010258152247,None
1730815561.211688,702.6425568677824,723.5323134630733,None
1730815561.311688,747.1765376989384,710.623852650285,None
1730815561.411685,807.1007519658984,698.4946103166536,None
1730815561.511685,712.7088383568338,685.3796905477484,None
1730815561.611685,764.1583111380124,686.0562211698796,None
1730815561.711689,690.4226799076376,701.2132247161187,None
1730815561.811685,633.6506847094635,664.2628235960766,None
1730815561.911684,561.694308754505,642.7021742328077,None
1730815562.011692,584.7486301020248,656.1705483531404,None
1730815562.111683,625.6107723886666,665.6597138366782,None
1730815562.211684,614.6156567119991,673.2838610473084,None
1730815562.311686,613.4818847191096,670.7173153539629,None
1730815562.411691,619.3488541759112,648.4424287425184,None
1730815562.51169,615.453415058925,657.3366741067427,None
1730815562.611693,618.2369287909128,672.1277647439701,None
1730815562.711685,702.5015674701548,619.4076864483416,None
1730815562.811685,695.1786187266672,661.7249808355823,None
1730815562.911682,673.0928748387529,665.5552215885107,None
1730815563.011691,720.101336367051,705.0399008697258,None
1730815563.111692,712.0732572473219,695.3554112381889,None
1730815563.211683,706.1491987159629,694.0617473967242,None
1730815563.311691,705.4462335892711,695.0240252664172,None
1730815563.411681,709.4623902086566,705.0518893273223,None
1730815563.511681,711.6739128506407,703.1540721220834,None
1730815563.611682,710.1720960915011,704.2857201391171,None
1730815563.711682,713.1102124469344,681.1893095568931,None
1730815563.811689,691.7936314700362,696.1101912056372,None
1730815563.91169,634.7609478243843,729.7143102835772,None
1730815564.011687,619.1770812567648,712.2764723519203,None
1730815564.111687,628.1419923499511,713.1870170601469,None
1730815564.211682,711.0667362828527,691.4252543151034,None
1730815564.311683,720.8524911370279,689.9661922259821,None
1730815564.411687,736.7274728780556,699.4904427603198,None
1730815564.511688,744.9216579854544,700.772163847839,None
1730815564.611682,640.4970032863631,714.0426092672452,None
1730815564.711688,660.3642871911131,724.1527318486637,None
1730815564.811687,629.2880110426652,736.3611028306552,None
1730815564.911699,616.8217983002182,747.0705721346698,None
1730815565.011688,623.3943925487418,739.4090566467087,None
1730815565.111686,708.9887913584034,644.9903379855637,None
1730815565.211688,759.8068787955398,650.3750640549159,None
1730815565.311689,741.4389490689645,646.0428437442173,None
1730815565.411684,729.5303120753257,653.5935573256718,None
1730815565.511684,678.9363746854522,715.5508165246434,None
1730815565.611685,687.1099389550037,705.9582998410557,None
1730815565.711685,641.5047383393728,732.5153194081804,None
1730815565.811682,641.8720214589066,752.4740270521824,None
1730815565.911683,647.8695035893594,774.5147913577537,None
1730815566.011683,645.7343662432714,774.1006227117572,None
1730815566.111686,647.5172605907327,770.6840965545265,None
1730815566.211685,637.07013765905,765.9470994414115,None
1730815566.311689,636.3044723133015,774.9430488068941,None
1730815566.411684,759.8166550249756,625.8646072023147,None
1730815566.511687,747.0491111803273,642.0469005612324,None
1730815566.611689,731.3122724896938,638.142920428842,None
1730815566.711693,676.2772752718038,660.4536089022071,None
1730815566.811682,659.4351398057979,656.1906214004662,None
1730815566.911683,662.2826503514191,649.0319593524149,None
1730815567.011683,618.945987135061,696.838105529361,None
1730815567.11168,613.599967440395,715.2450188927644,None
1730815567.211688,617.0513196072291,732.8650882971343,None
1730815567.311688,686.4394393606078,700.650720669699,None
1730815567.411689,685.2982027539349,702.3440507391786,None
1730815567.511689,629.2449990414738,657.5682806077559,None
1730815567.61169,643.3398187601208,656.913229875768,None
1730815567.711687,666.5956501040446,710.972227596312,None
1730815567.811687,682.1064248137124,700.7759848186492,None
1730815567.911688,670.3103135847018,681.8123713630586,None
1730815568.011689,672.4581250944768,693.854780058625,None
1730815568.111689,686.6328805078624,730.2482250011969,None
1730815568.21169,689.277736601869,724.3735784195143,None
1730815568.311687,686.1785312549503,719.9026363420323,None
1730815568.411687,694.9834771028349,732.5772594389356,None
1730815568.511688,706.6247323609381,724.5849295943806,None
1730815568.611687,722.1166409587175,718.298423320227,None
1730815568.711691,726.45002723993,709.0036734218096,None
1730815568.811691,716.2579353189491,699.7890257147337,None
1730815568.911683,727.878817355888,695.3766590347661,None
1730815569.01168,717.918300118792,649.7085048915011,None
1730815569.111689,645.058729646428,614.6076890016819,None
1730815569.211681,642.5313060881294,576.2864910589605,None
1730815569.311691,638.4642835785677,580.3242603432155,None
1730815569.411682,639.0387087906354,584.7404867479191,None
1730815569.511686,659.0379316165282,569.3017418618151,None
1730815569.611683,699.5284924116353,572.5359545090332,None
1730815569.711684,682.0391814996192,579.6092130571814,None
1730815569.811684,659.783725728491,639.3026306738894,None
1730815569.911688,656.2253963873775,655.7320613510066,None
1730815570.011689,669.4556491817341,654.2627113940918,None
1730815570.111689,653.911548499573,632.0838647313436,None
1730815570.211686,618.5367592670273,602.1208449784184,None
1730815570.311683,657.2693824369367,660.1731919046803,None
1730815570.411688,666.1260701406458,675.4082592005304,None
1730815570.511686,684.2057433330921,680.1964295380683,None
1730815570.611689,693.60321199074,675.6913563460214,None
1730815570.711691,698.578645556782,687.7369168692992,None
1730815570.811682,694.7756729064672,676.3697489832442,None
1730815570.911684,681.4858070269952,658.3968926224826,None
1730815571.011685,681.0335520868312,645.122606166757,None
1730815571.111686,676.0216533309616,638.5638957526945,None
1730815571.211684,665.2414843231959,655.742171783645,None
1730815571.31169,670.5676461778936,663.4045157151128,None
1730815571.411684,691.7725063523447,666.2162116884999,None
1730815571.51169,697.210525134237,682.4889277771565,None
1730815571.611689,699.7743880937201,673.2739229557517,None
1730815571.711684,632.4761512263188,660.3332031739939,None
1730815571.811686,633.3624207518351,670.9328812819939,None
1730815571.911687,661.6483723468831,674.0014480746405,None
1730815572.011719,646.3717649825562,635.0961674667892,None
1730815572.11169,672.227051575954,628.7024031439829,None
1730815572.21169,683.6078049744707,639.9903932622342,None
1730815572.311684,659.7489715523586,597.6874284433844,None
1730815572.411682,645.8047527591868,599.7094901323105,None
1730815572.511689,623.5075888849481,610.7129719601473,None
1730815572.611688,623.2204648151668,625.5724335226665,None
1730815572.711682,604.5638593397979,565.2000495305821,None
1730815572.811682,609.3755618898772,584.0628437408393,None
1730815572.91169,709.937888050756,659.4375904713038,None
1730815573.01169,705.1276037970767,666.6638124238328,None
1730815573.111691,721.415430403403,669.5772508545103,None
1730815573.211691,715.8336241746807,668.9449809647589,None
1730815573.311688,723.9935684413852,681.2676978015547,None
1730815573.411689,669.1124948600835,700.2026339000071,None
1730815573.511689,665.0960973511553,724.4833165534222,None
1730815573.61169,676.2020838863602,535.4394933261174,None
1730815573.711692,731.6750075866152,276.8704393741087,None
1730815573.811693,841.931069468024,196.38201132634111,None
1730815573.911688,841.7838167461571,200.16948533037456,None
1730815574.011681,826.609592405684,151.7304907097622,None
1730815574.111684,694.7761191828682,587.7899567231789,None
1730815574.211684,644.7856461240549,880.8911986767425,None
1730815574.311684,680.5067374777493,804.0470481745025,None
1730815574.411695,700.758885607427,706.8414448078173,None
1730815574.511684,637.8213468926681,680.9489866425234,None
1730815574.611684,644.7680032501299,668.4596823626244,None
1730815574.711684,656.0898329808132,661.8507382985331,None
1730815574.811689,619.0195294968654,670.478275478937,None
1730815574.911689,620.5876832288996,671.3147333532155,None
1730815575.011687,614.0872052753554,670.0061656263991,None
1730815575.111686,668.1642553351177,667.3578473696956,None
1730815575.211684,672.4014668833255,669.6320272295532,None
1730815575.311684,669.447060994285,666.5848983825088,None
1730815575.411688,622.4877969844879,671.9779415555154,None
1730815575.511686,623.3218320412892,693.1071458513698,None
1730815575.611687,645.3381555892211,698.215866893934,None
1730815575.71169,663.4104395483798,627.7597167376307,None
1730815575.811685,669.7082044963518,623.0117027920004,None
1730815575.911692,670.5233633387875,623.9365283759305,None
1730815576.011687,634.1457414228364,680.3611765741226,None
1730815576.111686,639.4204610344455,682.2220423665192,None
1730815576.211689,644.7490886348705,689.9773533354521,None
1730815576.311684,643.8861722726755,708.8626510114536,None
1730815576.411685,631.777328769753,700.6949443017337,None
1730815576.511682,703.2799505452266,675.7455218283858,None
1730815576.611684,706.5559211962172,675.8546175906831,None
1730815576.711683,696.4062302975103,670.284569440378,None
1730815576.811692,695.1280654420182,676.743909115101,None
1730815576.911684,708.4937887386557,683.0206736088186,None
1730815577.011691,674.4724430686374,697.5941291091567,None
1730815577.111684,681.5177798152492,707.3844253485393,None
1730815577.211684,648.6432546622168,606.7691093986892,None
1730815577.311685,612.3838292460464,596.9821443413058,None
1730815577.411686,613.8080120225296,595.9288712640388,None
1730815577.511686,723.3858455232461,670.3215916550087,None
1730815577.611683,746.190069327114,679.1678417109049,None
1730815577.711684,762.2823933638198,688.2920671815104,None
1730815577.811684,781.5370162820536,701.4891915806221,None
1730815577.911685,760.2401649847941,698.3527864201749,None
1730815578.011686,786.0335538264031,700.5773819245044,None
1730815578.111686,680.1356607790394,708.4927983022235,None
1730815578.211683,680.0676227726525,696.5984107669577,None
1730815578.311684,636.2218158510718,728.3380729051886,None
1730815578.411684,623.6993483534037,719.4099659302476,None
1730815578.511685,639.4413730513494,715.7916075593221,None
1730815578.611686,615.7502370216425,746.6895390869056,None
1730815578.711686,618.3306192448968,737.4909721047237,None
1730815578.811685,664.350736902148,626.4669144897919,None
1730815578.911683,647.435918147925,619.4331948973401,None
1730815579.011685,658.6749350337298,617.3411648648041,None
1730815579.111683,675.631205845945,617.2370801716668,None
1730815579.211687,678.9396898587308,622.2903218362164,None
1730815579.311691,664.2790534706588,700.625342017085,None
1730815579.411689,662.4919920292994,733.4508182504617,None
1730815579.511685,680.9410556194915,674.214633949544,None
1730815579.611688,684.3625364460003,678.5390411050311,None
1730815579.71169,669.6653529572146,680.1591647723426,None
1730815579.811692,668.9860237434173,681.4843587356246,None
1730815579.911691,677.1651312495139,681.0236821888027,None
1730815580.01169,686.0827742228998,680.916332813621,None
1730815580.111688,649.1805375328709,641.2392379763944,None
1730815580.211687,653.9526505578355,653.4644940541854,None
1730815580.311683,640.4835820852162,659.0165030183224,None
1730815580.411691,664.9116605907891,704.8965055602824,None
1730815580.51169,692.5790830472727,716.9170648298032,None
1730815580.61169,724.568322674139,647.5928245308057,None
1730815580.711687,718.2506261457529,654.4058145908044,None
1730815580.811688,706.0367186526379,669.9335047380866,None
1730815580.911685,712.8318736480679,669.9536577371972,None
1730815581.011683,694.4675257625948,699.1565256999801,None
1730815581.111691,638.9661880766324,698.1862790062618,None
1730815581.211692,616.9216357535709,692.6356481753444,None
1730815581.311685,620.9629281816834,696.6161047614853,None
1730815581.411688,622.5997259417189,698.6961588283036,None
1730815581.511685,601.4819744181773,690.900262171865,None
1730815581.611687,610.5705538674068,680.1612092640031,None
1730815581.711688,631.3282973039916,673.4960462149925,None
1730815581.811688,623.356637938786,684.08588212327,None
1730815581.911689,614.5018399646098,673.2240522329136,None
1730815582.011686,616.0683161232303,657.254372526606,None
1730815582.111686,622.4501971505774,661.4015893515409,None
1730815582.211685,590.8301741838535,697.1441756595356,None
1730815582.311685,605.0687480219085,711.0480504204679,None
1730815582.411686,588.9220461329559,710.5000264191624,None
1730815582.511686,585.8926459911032,726.3043817168794,None
1730815582.611683,669.554392893818,683.6491162676149,None
1730815582.711684,683.5162756899185,678.1224503183894,None
1730815582.811684,689.1637365889733,666.4473684903934,None
1730815582.911682,688.1641634887119,667.5855300395301,None
1730815583.011682,691.979468097898,662.1856304835811,None
1730815583.111683,714.2345506144186,657.1451614815913,None
1730815583.21168,691.0707106889517,674.8771563304459,None
1730815583.311681,707.7717314776856,683.9955758758465,None
1730815583.41168,706.0975831679144,688.7423187133066,None
1730815583.511681,739.9681273955797,693.0644761995634,None
1730815583.611693,749.3764691585629,699.7717277081534,None
1730815583.711685,775.5779672621145,689.3181120151713,None
1730815583.811688,823.6332927794024,686.8189696480138,None
1730815583.911685,805.9681568750796,691.1653863997166,None
1730815584.011681,610.3123952049694,687.8420528829273,None
1730815584.111682,627.9363275634597,661.681351372235,None
1730815584.211689,625.0419545303627,642.3501452784793,None
1730815584.311683,567.1014271889292,651.9575525044155,None
1730815584.411685,574.1764636618984,657.7968189616631,None
1730815584.511682,557.7380746955121,675.3450976099649,None
1730815584.611685,596.9187905546853,703.3744895072002,None
1730815584.711685,617.1879413763434,698.9437150726259,None
1730815584.811698,627.8917358263644,602.3895499522891,None
1730815584.911686,631.21238540846,601.5387883269444,None
1730815585.0117,633.2698796387484,616.1770754244748,None
1730815585.111681,697.1288156049493,682.7484213940543,None
1730815585.211684,674.1822545907771,668.4415745537968,None
1730815585.311684,678.2388912620412,670.5275408913889,None
1730815585.411687,688.3752892436289,665.3825527562436,None
1730815585.511694,635.6791192051509,887.6364428665196,None
1730815585.611693,649.1893207694139,813.8117548173589,None
1730815585.711687,636.0989316225798,798.4879600983082,None
1730815585.811687,628.9865912597229,843.3309507267877,None
1730815585.911685,648.5893812293608,824.4592315045306,None
1730815586.011682,675.8108730334718,571.8072906845364,None
1730815586.111682,673.0789209811654,629.9347788995997,None
1730815586.211683,678.4552847473587,653.6925597330589,None
1730815586.311689,659.8955161709564,542.5211442674815,None
1730815586.41169,642.5426108882749,554.1288381381327,None
1730815586.511686,657.6718674942908,550.0426509462795,None
1730815586.611691,636.0846653528575,559.5144581483106,None
1730815586.711691,652.7558958187,598.8804958344439,None
1730815586.811686,727.2207254521428,728.3896571365653,None
1730815586.911685,736.9807846863441,703.4074009591345,None
1730815587.011687,740.2853852313351,692.9640735956834,None
1730815587.111686,733.4938003425206,692.1267159456448,None
1730815587.211685,737.2272140660046,705.9654629362022,None
1730815587.311681,709.4419755692884,665.9292813120217,None
1730815587.411685,613.1826653667919,692.886521783332,None
1730815587.511688,591.4896137942455,669.8891090927074,None
1730815587.611686,608.4774583756192,668.4734666121219,None
1730815587.711687,608.8891326338783,670.4894693529869,None
1730815587.811688,609.8008761423961,759.7295548154318,None
1730815587.911681,607.9033291416151,759.2010230113957,None
1730815588.011689,621.0327915689772,763.4264269666439,None
1730815588.11169,661.5577149281668,690.2642552480498,None
1730815588.211684,666.2605044790139,695.8068251546457,None
1730815588.311689,670.8169609501007,693.4748915319591,None
1730815588.411683,660.1598889346501,699.3150091498063,None
1730815588.511682,667.9185502390188,710.8815511499598,None
1730815588.611684,614.1707089887412,595.3167743384847,None
1730815588.711684,601.2435848994896,611.102551933226,None
1730815588.811682,618.4807472386245,645.1381589638286,None
1730815588.911688,632.5091475737078,652.0219946435175,None
1730815589.01168,647.3772053499229,502.67559569165866,None
1730815589.111686,657.9593901595881,511.4591869237231,None
1730815589.211691,647.1062292195326,502.7680991729311,None
1730815589.311688,673.032794385048,683.4057393376885,None
1730815589.411689,724.1982060322598,740.335849895068,None
1730815589.511689,722.1901994448953,718.5867641294755,None
1730815589.61169,723.0162023168895,708.2656986569978,None
1730815589.711691,717.673562171796,706.5667192990279,None
1730815589.811691,724.261796356857,699.3907202282461,None
1730815589.911692,734.5510756145691,695.8200038121001,None
1730815590.011687,741.999141915325,697.6283312321301,None
1730815590.111691,741.7753984916569,698.651953874051,None
1730815590.211689,733.8774696268518,689.9242081234464,None
1730815590.311684,752.9051897321459,690.1353880390744,None
1730815590.411688,656.5161938520722,685.3877468742922,None
1730815590.511685,560.6396841463402,666.4893778310371,None
1730815590.611685,571.7364345697466,682.1486662021885,None
1730815590.711689,575.9502305247904,686.5678563735274,None
1730815590.81169,580.7682721605602,499.9401605220995,None
1730815590.911684,601.2472091121919,519.7762551969528,None
1730815591.011687,612.6313667002296,513.1575265243299,None
1730815591.111694,609.8977220331919,511.2894002656957,None
1730815591.211686,611.9841914514808,516.2189535467908,None
1730815591.311687,607.528369613814,503.957424275323,None
1730815591.411691,615.913784216166,501.3289786042904,None
1730815591.511688,607.0989969800908,637.2741919167397,None
1730815591.611688,582.3707489321846,780.8593908965769,None
1730815591.71169,610.5014204573296,753.3945515970692,None
1730815591.81169,598.9406714381855,749.2702170135024,None
1730815591.911687,568.5908639667197,705.6007520298726,None
1730815592.011691,567.8975124584024,703.7448897793963,None
1730815592.111685,524.140967028007,797.113481900375,None
1730815592.211683,570.9223188407851,775.5795536301933,None
1730815592.311694,585.2145978378037,770.5689371281942,None
1730815592.411683,564.5801664211988,793.3207944850508,None
1730815592.51169,588.4374981019829,775.3189125428866,None
1730815592.611678,701.5090137121603,495.8096197217316,None
1730815592.711692,710.5741824663746,575.6663018749728,None
1730815592.811686,671.9399262526649,597.3824103460516,None
1730815592.911691,680.7574921917902,610.7730948680047,None
1730815593.011701,656.5787443325347,589.7970702739433,None
1730815593.111685,685.754290763101,614.6870561100343,None
1730815593.211687,788.5695963532803,664.5773509226502,None
1730815593.311688,792.336503249159,670.2303265548261,None
1730815593.411682,802.1697582830615,668.6916438906726,None
1730815593.511693,753.4620780453001,688.014289976578,None
1730815593.611689,747.759119787075,679.3806703200347,None
1730815593.71168,706.8776267670381,678.2903754078924,None
1730815593.811682,710.6576507595363,679.6608173745661,None
1730815593.91169,700.054364413124,675.6771943734636,None
1730815594.011685,715.026342722015,674.9926446963801,None
1730815594.111691,725.8837857272314,675.3367535289542,None
1730815594.211689,628.8307608881303,676.92102288216,None
1730815594.311689,643.6475752574744,671.1588728906542,None
1730815594.411685,628.5558918053813,648.4603259827951,None
1730815594.51169,616.0778759403888,648.7210617597107,None
1730815594.611685,602.8825010142612,705.8702931535337,None
1730815594.711689,607.9067218772991,718.8354663461375,None
1730815594.811689,624.5262720900289,736.6128592150608,None
1730815594.911692,645.7186644620731,646.6411396749394,None
1730815595.011691,650.6599441039009,666.8826097104447,None
1730815595.111685,651.6818855736942,664.7392891764304,None
1730815595.211687,656.4813891082097,671.5498481460622,None
1730815595.311684,635.446353019022,736.8571076069682,None
1730815595.411688,639.5440639793576,747.4372198775637,None
1730815595.511683,632.5209647902816,747.8609250961375,None
1730815595.611686,650.4345443745341,657.8174843107031,None
1730815595.711687,662.5179192748988,670.4866319525512,None
1730815595.811681,645.0634630986273,786.2425313434492,None
1730815595.911681,653.6508552636116,812.9927174666319,None
1730815596.011691,674.5838622128664,789.589558747452,None
1730815596.111692,703.8210460091606,695.1060298213778,None
1730815596.211688,712.857087068307,695.4144078721866,None
1730815596.311688,711.2594910514161,692.8748150419326,None
1730815596.411689,713.396795707655,692.9686391411111,None
1730815596.51169,721.2949530589887,697.8058768339725,None
1730815596.61169,732.8136101091292,707.2060152754304,None
1730815596.711691,740.3156294227667,709.9900764646784,None
1730815596.811682,745.1655983249716,709.7217093143328,None
1730815596.911683,739.0114476885133,746.9321351845537,None
1730815597.011683,742.7803052576729,738.7151930320142,None
1730815597.111684,757.5829369017133,730.0255329124585,None
1730815597.211684,734.8408834354045,692.9917090000301,None
1730815597.311685,585.3787947239824,539.704940833225,None
1730815597.411692,593.2303226232225,523.3032096000009,None
1730815597.511688,608.5398723246392,521.6687908944634,None
1730815597.611689,613.9426154942494,665.9464986726732,None
1730815597.711682,604.2350766176132,656.2078205810257,None
1730815597.811692,575.0313743747115,767.2183003415232,None
1730815597.911689,584.1509607078063,777.6329408276818,None
1730815598.01169,573.0732992828484,770.2326611584758,None
1730815598.11169,592.45801529039,622.5969774877453,None
1730815598.211687,605.5603895097709,627.4459338539598,None
1730815598.311684,611.9571674455163,638.383887414369,None
1730815598.411685,604.2675954580258,646.8840059139424,None
1730815598.511686,679.2104623674431,645.1155632527793,None
1730815598.611691,690.7823579605958,656.7589247521332,None
1730815598.711688,687.5880825428694,676.6341217164442,None
1730815598.811688,683.9733618767493,671.2959960551984,None
1730815598.911689,699.3421243033076,678.8734458711165,None
1730815599.011689,711.8317013532865,662.076997557566,None
1730815599.11169,692.990209783372,673.9591615252657,None
1730815599.211691,703.0957220030593,672.6315802575584,None
1730815599.311687,666.8806217249959,557.2934952090558,None
1730815599.411688,619.4957531473017,510.50662580892623,None
1730815599.511689,617.1255722473317,543.5629849572248,None
1730815599.611689,603.0113193964776,544.7971675864228,None
1730815599.711689,673.0779199862865,641.866755526467,None
1730815599.81169,748.2123869252171,719.3349981144028,None
1730815599.911687,767.5276981160331,697.08491429624,None
1730815600.011691,783.8878072327992,691.8566168302441,None
1730815600.111686,755.4292024954656,672.8500426195411,None
1730815600.211684,777.5326852052511,671.0808700719961,None
1730815600.311687,743.2535926357725,660.7203499227886,None
1730815600.411684,748.6375143743267,660.6742593197686,None
1730815600.511695,716.9943608775233,655.9720307690532,None
1730815600.611683,729.5078460805278,655.1413480911649,None
1730815600.711684,698.594125321461,654.5902350420995,None
1730815600.811684,700.1582374259674,659.690584060915,None
1730815600.911685,708.2125100028294,668.6207169408588,None
1730815601.011689,722.2272734296245,667.4337978909454,None
1730815601.111689,730.8026769539626,670.4780305790482,None
1730815601.211683,702.3814021683005,677.7226842946782,None
1730815601.311684,717.0260420576832,693.4723991528515,None
1730815601.411688,746.9960625487147,691.5304715094157,None
1730815601.511688,776.3213858606333,698.7834865924492,None
1730815601.611689,799.1352480939588,693.6976212484283,None
1730815601.711687,832.1692259901919,686.963585157037,None
1730815601.811681,677.0262140262962,637.6170157270515,None
1730815601.911683,653.7642219344151,648.6356471620909,None
1730815602.011683,649.8230209572031,641.6416388430276,None
1730815602.111691,637.8606149887925,646.4994793832866,None
1730815602.211688,595.9061108185158,707.6448119360786,None
1730815602.311688,609.042360949908,734.3308304452395,None
1730815602.411685,624.337656995021,741.6337391099241,None
1730815602.511692,610.0563946672338,725.7292774081121,None
1730815602.61169,619.6501363967121,832.7376122795281,None
1730815602.711679,609.1518167764377,812.5476755449839,None
1730815602.811686,630.1873043216742,807.7550011207611,None
1730815602.911691,652.2039267233662,802.5685489962989,None
1730815603.011733,622.0307833442249,815.8456563696633,None
1730815603.111684,606.6783738287462,610.4333629289392,None
1730815603.211691,632.1602016714694,419.7534671185503,None
1730815603.311692,630.2939442131501,485.7771481523813,None
1730815603.411692,636.2866317575437,544.4508717772561,None
1730815603.511693,613.3971928068618,617.6114995968742,None
1730815603.611691,606.456101358805,610.0494126400755,None
1730815603.711682,602.6917668687847,604.3656049856596,None
1730815603.811687,619.7223843366311,604.7526563418835,None
1730815603.911688,625.0152295244911,599.7973345107226,None
1730815604.011688,647.1373827992653,595.2989703209355,None
1730815604.111692,648.5961552055479,596.9046809700695,None
1730815604.211693,636.1353751627469,601.4821840590969,None
1730815604.31169,628.948084793406,598.2916666433363,None
1730815604.41169,630.1397691857513,586.6802725369695,None
1730815604.511691,633.0322676653119,576.3687485867297,None
1730815604.611684,708.0181938954119,713.8254543903054,None
1730815604.711686,726.8507613406572,704.5369420080565,None
1730815604.811686,723.6596620355523,701.2310458969812,None
1730815604.911683,702.7195465638717,665.542321887198,None
1730815605.011683,687.1512223622462,661.5141183015858,None
1730815605.111684,698.432440122396,663.6305593830681,None
1730815605.211685,790.8017732136763,689.0390740788972,None
1730815605.31169,789.6678407261273,683.5763064746935,None
1730815605.411685,805.4632686502288,674.015523550559,None
1730815605.511686,696.2557740190217,631.2834437830455,None
1730815605.611687,654.9830882654928,626.6288448274751,None
1730815605.711689,658.6064530988597,644.2270489630391,None
1730815605.811682,627.1436138207451,603.2902676898071,None
1730815605.911682,608.0557779628105,618.8948016259124,None
1730815606.011683,622.8084504932185,630.4279056177538,None
1730815606.111681,645.1088730651504,621.8956864238061,None
1730815606.211689,648.9174254496276,578.109057816483,None
1730815606.311683,642.035168836334,572.6510903333497,None
1730815606.411687,636.8498898654296,577.1087232339406,None
1730815606.511684,644.6527423265406,638.1181743922928,None
1730815606.611685,630.7547748809831,653.2065871167254,None
1730815606.711685,741.510368040947,706.340102940453,None
1730815606.811682,790.4111001890747,708.2333236308892,None
1730815606.911688,803.4094299816039,700.8409931148044,None
1730815607.011687,746.9463219549991,679.7629058391334,None
1730815607.111687,773.1127812520863,675.8598917994972,None
1730815607.211689,615.132088476591,618.1961309391855,None
1730815607.31169,690.1856360533533,645.5782991042279,None
1730815607.411681,623.9134756403236,655.7591855421996,None
1730815607.511681,614.5691969583797,670.2898425341294,None
1730815607.611682,625.7205905457052,680.2427537062408,None
1730815607.71169,624.0936967047093,684.8093726877421,None
1730815607.811684,635.9343155861334,697.1909159590293,None
1730815607.911685,626.8640224285202,699.573649182307,None
1730815608.011681,626.4303548271482,695.7801125326106,None
1730815608.111689,658.7503659981849,645.3545530434137,None
1730815608.21169,655.1849602011889,635.6100494076718,None
1730815608.311691,651.2981735519335,639.3551711490537,None
1730815608.411687,654.501015566686,644.1203024808609,None
1730815608.511686,660.9641498676071,672.818243920074,None
1730815608.611683,669.5991936057981,675.0403451956372,None
1730815608.711687,674.6724759189083,617.5742636439115,None
1730815608.811687,667.6762526988862,621.5192464517717,None
1730815608.911688,660.6817461213745,615.8333329755264,None
1730815609.011681,642.0870178157919,615.5775258057979,None
1730815609.111685,646.3733655376207,633.5878182226411,None
1730815609.211688,664.305801044665,646.9035738284468,None
1730815609.311686,673.4278786988934,650.263315676882,None
1730815609.411691,657.928338994567,633.5317724636595,None
1730815609.51169,663.5956464302637,644.6610197494792,None
1730815609.611689,662.9051580447373,669.0853040949165,None
1730815609.711689,668.4992513724955,676.2600875498445,None
1730815609.81169,664.7447074688226,676.6046043125215,None
1730815609.911689,663.5355741420067,679.4699171404816,None
1730815610.011687,658.5858643296227,671.2299009938101,None
1730815610.111684,651.9617017822319,747.6441985521236,None
1730815610.211688,646.8478782998238,738.3912490442187,None
1730815610.311691,650.3336158779629,742.32635310163,None
1730815610.411689,654.4425242318027,734.4123997963786,None
1730815610.511686,652.9947705262332,739.563565899321,None
1730815610.611687,648.2785414980892,763.2446421012298,None
1730815610.711691,655.9999499052493,763.1055861588009,None
1730815610.811691,659.4256712045019,767.3596684536719,None
1730815610.911692,655.7717878410477,728.7810704598402,None
1730815611.011693,651.4412171618928,728.6303748045602,None
1730815611.111683,659.4293640665583,738.0967922845754,None
1730815611.211685,667.4260435632979,489.5169807064799,None
1730815611.311685,661.6103301166099,511.4259440026979,None
1730815611.411686,651.5025650569057,522.963050456103,None
1730815611.511685,649.294574681013,523.7623667524388,None
1730815611.611693,650.502861143141,531.7461009422639,None
1730815611.711688,645.9540495267031,492.9707697846272,None
1730815611.811688,645.6393519014894,499.3318735708064,None
1730815611.911689,641.0324432571715,504.0065103583728,None
1730815612.011689,696.9057413986553,680.5914460781228,None
1730815612.11169,693.3596143340249,682.717572421272,None
1730815612.21169,662.0863595519816,749.952942335023,None
1730815612.311687,649.7553277051842,775.4126839554038,None
1730815612.411688,647.7823993539971,770.3591144211359,None
1730815612.511688,641.8886493323002,797.7217025843803,None
1730815612.611689,644.4195917611934,794.1282636626304,None
1730815612.71169,641.0521109084484,784.9602611436582,None
1730815612.81169,655.0559406911644,786.7588405285074,None
1730815612.911691,622.1848881792137,774.0172684068897,None
1730815613.011688,614.1974780522221,778.0352552539472,None
1730815613.111689,619.2585512714966,780.5170277373826,None
1730815613.21169,665.750532942991,782.6344886886292,None
1730815613.311688,664.3606355707359,780.6580666592567,None
1730815613.411689,658.5197851764802,788.5344583241803,None
1730815613.511689,653.2967865566477,786.849667143514,None
1730815613.611686,687.0133691895669,648.6761743304568,None
1730815613.711687,673.1812014335403,652.9476480712535,None
1730815613.811687,624.5047714982765,646.5509504752099,None
1730815613.911688,601.237796436611,644.6368040940026,None
1730815614.011684,572.5391055809637,816.1713172983533,None
1730815614.11169,588.332789388345,786.7239455289032,None
1730815614.211685,611.0789656289776,742.2336969611437,None
1730815614.311687,629.8466480987483,717.3353553448746,None
1730815614.41169,632.154133625922,709.2228803862586,None
1730815614.511684,650.8489020172592,719.6943451931271,None
1730815614.611693,682.0185300012229,737.9067113062613,None
1730815614.711687,690.1178412775796,747.454186903932,None
1730815614.811688,685.9843359781003,744.1625806135241,None
1730815614.911689,720.2994745995151,679.7526915694004,None
1730815615.011689,752.0201332451635,625.3702137163415,None
1730815615.111686,694.9898302645643,589.7591518605932,None
1730815615.211691,692.3211964775712,603.5947459640826,None
1730815615.31169,680.7400549874302,612.4854094737831,None
1730815615.411689,663.0431205817991,627.6925788795429,None
1730815615.51168,714.4267019805492,662.5380991822636,None
1730815615.611686,794.5942077684812,697.9478359409172,None
1730815615.711685,784.4648694806244,712.8223147598176,None
1730815615.811682,741.5552170135627,696.3652745349735,None
1730815615.911691,737.8012140359743,631.4784156764289,None
1730815616.011685,642.9993973925133,432.9163102883,None
1730815616.111686,677.1577346923444,497.6522219015962,None
1730815616.211682,653.5954495386791,642.4998182756611,None
1730815616.311682,636.9462307507549,781.6543413899018,None
1730815616.411686,638.729888447507,742.5221422350096,None
1730815616.511685,632.0956616505088,701.2394207891298,None
1730815616.611686,668.6799050455347,658.819164194295,None
1730815616.711683,680.1161825415326,646.7018009920395,None
1730815616.811691,664.734971328509,753.095900753013,None
1730815616.911681,660.1082410165654,839.3481303181525,None
1730815617.01169,669.6288289798321,832.9339283386425,None
1730815617.111686,664.9821183398188,826.2680985887755,None
1730815617.211688,673.9833609078436,758.6087976452976,None
1730815617.311685,677.8238702434855,752.4030897657901,None
1730815617.411679,684.1106162119587,753.5485796259837,None
1730815617.51169,693.3606607210252,774.5229860590974,None
1730815617.611684,695.0639225450404,775.1263192123608,None
1730815617.71169,693.4916044948787,770.8882509277844,None
1730815617.811686,764.8141665000921,635.5348959631278,None
1730815617.911686,779.0114233422597,649.1561991239734,None
1730815618.011682,730.1691642282058,602.4714606906145,None
1730815618.111687,731.4918544664661,528.3876080332441,None
1730815618.211681,744.0325679813111,558.6774584367998,None
1730815618.311693,720.1739125617639,776.5239812602468,None
1730815618.411686,707.7713320770379,775.7762075139905,None
1730815618.511684,713.9608540387168,744.7769589764749,None
1730815618.611684,697.1462595361807,785.5616578669483,None
1730815618.711686,693.5592498042292,781.6424851468697,None
1730815618.811684,765.2026795421864,751.5953184873979,None
1730815618.911687,792.2583234092523,756.2672905253877,None
1730815619.011688,791.1575718398383,755.3395466682235,None
1730815619.111688,672.4166418919827,764.1353512854272,None
1730815619.211687,680.8137486680922,754.9434019441585,None
1730815619.311684,750.3341902052093,637.3869053413182,None
1730815619.411691,735.0874990970901,652.9137129739406,None
1730815619.511685,797.1817274698817,707.4061787275632,None
1730815619.611686,710.5618176960969,701.7919047269556,None
1730815619.711684,724.9854863387965,742.6904432192654,None
1730815619.811689,716.969325975022,711.2449042530104,None
1730815619.911686,706.9533769823986,713.7067978974535,None
1730815620.011686,714.1069688785649,687.5735118531254,None
1730815620.111686,729.2197032549458,670.9273353688789,None
1730815620.211687,730.6191575987424,665.2124348322222,None
1730815620.311702,716.7419308405179,594.0236316290452,None
1730815620.411688,725.1387062555842,588.2400493839089,None
1730815620.511688,763.5914904714938,628.7449778004683,None
1730815620.611683,774.9368619525233,632.3733689443148,None
1730815620.711691,745.4042149143879,583.3709009669643,None
1730815620.811689,741.6230977977739,585.0986188263815,None
1730815620.911692,735.9674288507799,516.6003157112101,None
1730815621.011688,639.2237304374019,262.1742997941666,None
1730815621.111684,733.9534725542225,144.18245683697296,None
1730815621.211686,702.3100264051367,279.13765517197754,None
1730815621.311683,692.0488555199605,321.39235013730416,None
1730815621.411684,702.0734044743917,655.2657344643168,None
1730815621.511689,739.1849789868788,910.4180444638042,None
1730815621.611686,734.3756980744347,755.8401647669447,None
1730815621.711684,747.3028218574989,692.0454194232177,None
1730815621.811683,757.8147646018488,672.2183738920596,None
1730815621.911682,588.9770006955074,735.428782201281,None
1730815622.011687,587.1466479614139,711.1984820376551,None
1730815622.111689,566.1638120756218,697.7374786151287,None
1730815622.211692,606.0640391219117,695.3009534013822,None
1730815622.311688,634.101988037134,676.4581798860968,None
1730815622.411686,596.0561497262157,672.7493301662732,None
1730815622.511687,583.0626991164687,573.0583382333834,None
1730815622.611681,582.0142602692262,588.836861394718,None
1730815622.711692,581.6774127826698,588.5108973474229,None
1730815622.811692,695.8286805672032,709.5592115876981,None
1730815622.911681,728.467142166001,700.6083527821213,None
1730815623.011681,736.0701930045423,695.7899812036515,None
1730815623.111686,907.753112699847,690.5785944382837,None
1730815623.211691,940.0409687543917,683.5697926273004,None
1730815623.31171,909.6775913236904,673.5050121942204,None
1730815623.411689,646.8610348196131,728.466478757838,None
1730815623.51168,598.3648383685754,655.6041242199815,None
1730815623.61169,604.5324409585248,653.8321653304525,None
1730815623.711691,610.0958994275807,662.0952894451317,None
1730815623.811687,621.2542984557485,670.6219100945813,None
1730815623.911684,631.7603204417403,665.5716337404644,None
1730815624.011694,530.700348397225,742.8372059039648,None
1730815624.111682,532.2863660913573,749.425018957643,None
1730815624.211688,542.8950568830335,734.2892823394204,None
1730815624.311689,551.4116403077229,726.6223899967883,None
1730815624.411687,555.9079742224685,729.495478839603,None
1730815624.51169,587.7666846616323,739.2424527936793,None
1730815624.611693,712.6169089074385,614.091417852402,None
1730815624.711685,695.9294982442269,659.0655596763472,None
1730815624.811685,683.2362319327618,680.249882827264,None
1730815624.911686,697.9730651409953,691.0643910180859,None
1730815625.011688,597.5198987909982,573.8739236335457,None
1730815625.111686,628.900005375557,590.0902528380673,None
1730815625.211685,659.0433124622706,573.1850819087406,None
1730815625.311687,661.876122494905,524.7821078235952,None
1730815625.411685,649.2914967679662,637.5378480201246,None
1730815625.511687,691.7135521230332,685.339440687176,None
1730815625.611682,672.6962813467037,661.4904597039923,None
1730815625.711686,673.067398478229,632.4448571182372,None
1730815625.811684,638.1467897112288,626.0071625909105,None
1730815625.911686,642.2606931859276,621.1975781698518,None
1730815626.011686,653.0464004547823,617.5806966703608,None
1730815626.111688,642.5036208840763,573.0681191034148,None
1730815626.211688,646.348505754123,578.2214808031086,None
1730815626.311682,807.8352366729891,579.1859002906791,None
1730815626.411682,832.668859586401,595.0347923705239,None
1730815626.511683,850.9478545205245,613.5829366144533,None
1730815626.611689,803.8777658149876,625.1243046448282,None
1730815626.711684,804.8355424948465,604.3857549464255,None
1730815626.811689,811.7206234542047,624.4131907860473,None
1730815626.911688,830.9529213365009,629.453371900694,None
1730815627.011688,860.7510253668287,623.3003190369384,None
1730815627.111686,863.3043170497233,661.720737238292,None
1730815627.21169,850.5605404441274,683.2679280854799,None
1730815627.311683,867.4497430389841,631.2244200729323,None
1730815627.411682,998.0308863241294,677.3188371316971,None
1730815627.511684,976.615049493008,683.7761358512615,None
1730815627.61169,992.0630090184598,684.1326442100133,None
1730815627.711687,667.6780171593501,662.3619672076005,None
1730815627.811686,634.4462836023112,674.6010248394645,None
1730815627.911689,670.7639512125813,659.5087781918455,None
1730815628.011689,612.4912970536234,626.157950201746,None
1730815628.111689,576.2786230984104,680.8109424009232,None
1730815628.211691,571.3478885890936,720.9816799828602,None
1730815628.31169,588.443449357886,732.8436064239049,None
1730815628.411692,596.461815705349,735.6232818317221,None
1730815628.511683,741.5816281724776,716.9907093726547,None
1730815628.611688,745.8307657690162,707.4969910710829,None
1730815628.711688,748.0447157059536,697.9762839305047,None
1730815628.811687,770.6693620408059,675.0435204744189,None
1730815628.911686,919.3987917893502,814.9324806206544,None
1730815629.011689,999.858294062516,769.2081442367917,None
1730815629.111688,1010.866696827229,719.9177706394703,None
1730815629.211686,1035.4595787441806,709.4374355307369,None
1730815629.311692,1035.9550176846467,712.6345983643778,None
1730815629.411684,971.4197812017424,736.7195510654981,None
1730815629.511682,674.696085450047,600.6377467656068,None
1730815629.611684,670.762781709817,618.2207250365743,None
1730815629.711677,689.4545325931529,629.5160551909092,None
1730815629.811677,600.2107596434438,657.0518891468664,None
1730815629.911681,615.0527915694142,671.5791856179407,None
1730815630.011683,675.1896485423692,450.9826277546328,None
1730815630.111689,668.7950111716816,487.11474180567086,None
1730815630.211691,752.7648564723559,545.9253373392809,None
1730815630.311687,763.2905211507633,552.1124245338588,None
1730815630.411686,751.5493424888596,542.3564321584511,None
1730815630.511689,657.4251355759155,624.9502164391671,None
1730815630.611692,644.1568569716461,788.1795043705669,None
1730815630.711693,653.4778469447942,716.8680698582058,None
1730815630.811693,600.7521852118348,688.915776223257,None
1730815630.911682,619.0598798726458,690.2677557444871,None
1730815631.011677,627.5298011902842,684.11535715542,None
1730815631.111684,616.1213963495336,457.4287984982718,None
1730815631.211686,658.9735632351006,504.1042054221,None
1730815631.311685,639.9906807694836,513.8841547308796,None
1730815631.411688,645.3154136579287,512.5568971898604,None
1730815631.511685,647.5901841615354,500.64230849897694,None
1730815631.611684,689.8098780691414,670.191337434625,None
1730815631.711684,738.1408935339991,740.6256469431162,None
1730815631.81169,730.1138324504077,710.2139009719141,None
1730815631.911691,701.0414698903547,692.1321604698552,None
1730815632.011684,748.4557931515093,678.5110133560611,None
1730815632.11169,1006.5907708939076,666.766444850418,None
1730815632.211679,972.1995299983604,646.9920338369934,None
1730815632.311682,974.7969563540236,641.6376465651854,None
1730815632.411684,985.7288952251884,633.6064739669279,None
1730815632.511683,813.2524189047022,639.9800477175423,None
1730815632.611717,579.3641477820322,700.4403165836559,None
1730815632.71169,574.4784511849565,705.4013880031367,None
1730815632.811683,599.0748341347294,698.0618393731316,None
1730815632.911689,612.1878934958867,694.0565217731919,None
1730815633.011687,633.9097392100285,671.2452114813409,None
1730815633.111687,650.9395185599293,701.542284692359,None
1730815633.211691,680.7239070655762,686.2120423438137,None
1730815633.311685,681.0329716498533,686.2382249910427,None
1730815633.411689,682.1967144460356,674.2962174915889,None
1730815633.511693,684.0974799151046,658.3927233694485,None
1730815633.611682,699.3118424235614,657.3856247275648,None
1730815633.711684,709.589464350952,637.1811650108439,None
1730815633.811687,717.5280804944414,617.910876644818,None
1730815633.911686,726.3463454033774,626.346380346872,None
1730815634.011687,725.5485013396415,639.9472862317608,None
1730815634.111686,710.4808922397843,637.9202408265282,None
1730815634.211687,719.7646337542145,896.3404291119507,None
1730815634.311688,743.2390718050085,963.3794364295604,None
1730815634.411692,744.6081971755116,841.207411216067,None
1730815634.511685,752.9312942624202,801.1299560054963,None
1730815634.611688,741.9796759133575,970.3678542748738,None
1730815634.711686,747.4616909742626,946.1585606708252,None
1730815634.811681,749.3496329740251,806.409471578767,None
1730815634.911689,751.8627415818777,815.1969091090243,None
1730815635.011691,739.5677678236395,774.491087837416,None
1730815635.111692,728.9603534576437,752.2620128339734,None
1730815635.211692,733.4747016991726,767.7475218317298,None
1730815635.311681,732.0169752176655,795.4879670602621,None
1730815635.411689,741.4492359428581,840.7317248309761,None
1730815635.511688,702.0248235704822,505.6276742965935,None
1730815635.611681,660.5941616605377,376.4745602344817,None
1730815635.711685,697.7967211793663,551.3976793953258,None
1730815635.811692,662.7984579046445,589.4359959190699,None
1730815635.911682,662.683521110999,573.6168930159901,None
1730815636.011683,653.3961757381604,585.2381449493171,None
1730815636.111687,650.612555174398,605.2946930949626,None
1730815636.21169,673.6425064411768,705.9961439398061,None
1730815636.311687,648.618025838068,701.8127135283063,None
1730815636.411693,637.1252756908698,717.6434606941241,None
1730815636.511683,774.6903208185985,661.5277447429806,None
1730815636.611684,786.4883836262479,680.8155274884317,None
1730815636.711686,932.56976996453,499.265463833805,None
1730815636.811692,1063.0463413743091,399.4128546242768,None
1730815636.911687,1046.972528827217,527.1343833476338,None
1730815637.011689,1046.272539552583,533.1592220794356,None
1730815637.111685,1052.5632784276086,563.1900776047709,None
1730815637.211684,1052.3606939435072,552.1710134744109,None
1730815637.31168,840.3188454898427,616.1784004426069,None
1730815637.411689,594.8747126701332,816.5753453027684,None
1730815637.511684,621.9465118346001,732.2486263642286,None
1730815637.611729,638.0116848957723,682.6619849626725,None
1730815637.711688,610.128340173026,671.1973667201125,None
1730815637.811688,614.8809874282838,653.5162427870242,None
1730815637.911689,624.7318309744767,520.7926875958972,None
1730815638.01168,627.1494297892937,545.4019248391577,None
1730815638.111692,626.5894687921118,570.7682024936565,None
1730815638.211684,632.0217706260457,588.6733758083011,None
1730815638.311688,639.9378731884716,603.9756371187964,None
1730815638.411683,642.7088990981215,601.7972263595756,None
1730815638.511684,647.1845115273435,610.7306833503579,None
1730815638.611693,641.5373087186422,616.2053227141663,None
1730815638.711687,621.4402299983194,632.7329575216177,None
1730815638.81169,612.3961913639414,705.0866446097963,None
1730815638.911683,619.2251114619771,684.8536698081498,None
1730815639.01168,613.0921603579397,665.9866669421922,None
1730815639.111689,728.8105998707514,681.1784579403218,None
1730815639.211689,736.5771751048514,677.9452478907766,None
1730815639.311683,739.4349037757559,677.4272244581507,None
1730815639.411691,740.031558173847,672.6081709289307,None
1730815639.511687,749.5136898272717,659.7475250946076,None
1730815639.611687,777.1641375103062,656.5574878774944,None
1730815639.711688,691.3713468744708,654.8871227534203,None
1730815639.811684,723.7100822539563,664.1263074672156,None
1730815639.911686,713.7555067384033,681.1776120036268,None
1730815640.011682,700.7017624403328,650.4575255961429,None
1730815640.11169,621.4699574049631,671.2305294002016,None
1730815640.21169,603.5504437837047,647.31602486883,None
1730815640.31169,605.7436737990704,643.683728987648,None
1730815640.411688,610.9018430566325,669.4725873648313,None
1730815640.511685,610.1457144820512,669.8235469856369,None
1730815640.611683,618.4692704465601,695.2643942950097,None
1730815640.711684,604.3898733754205,853.5183705833608,None
1730815640.811682,616.8632918057315,837.9416016977057,None
1730815640.911679,668.7084468712222,629.0609118562105,None
1730815641.01168,699.6695655817728,627.540280230035,None
1730815641.11168,694.9093584207126,629.5376738533357,None
1730815641.211687,697.4352440071398,640.368937283918,None
1730815641.311687,687.1939845900539,642.2021281561005,None
1730815641.411694,693.4754322181267,646.9910226470461,None
1730815641.51169,701.3081863790799,650.0294023948471,None
1730815641.611688,716.172330863064,656.0997023731617,None
1730815641.711682,720.3020636893249,684.9960123210064,None
1730815641.811685,724.530852999604,683.2655519404257,None
1730815641.911686,735.2979491400037,697.5392145343146,None
1730815642.01169,741.4792243390294,704.7603213480618,None
1730815642.111685,756.1011368041444,710.0049361416221,None
1730815642.211687,728.6197372122584,666.3374160988902,None
1730815642.311682,747.1762553220665,669.3682115130762,None
1730815642.411692,768.369744321883,670.2294466223598,None
1730815642.511684,724.5435429595789,629.2891569888874,None
1730815642.611685,695.9903525542696,648.5572122493156,None
1730815642.711685,678.4105590578763,650.2533373407655,None
1730815642.811689,683.9086473975592,647.3060723875644,None
1730815642.911682,698.1355660625287,650.6978737737612,None
1730815643.011684,671.2791285843948,643.1881836216218,None
1730815643.111688,659.612088518943,651.5093559356641,None
1730815643.211689,655.361671028284,655.5357300928349,None
1730815643.311686,668.0227040847807,659.6244993541858,None
1730815643.411689,675.9175424437074,654.2515133120468,None
1730815643.51169,681.4231338593738,652.5701682708964,None
1730815643.611686,701.3015412090218,657.210816625121,None
1730815643.711684,707.9291671151094,661.4094130916816,None
1730815643.811691,722.4328666993741,672.7674816007507,None
1730815643.911693,718.824542214512,680.7913243467297,None
1730815644.011687,743.908700296493,679.955314557348,None
1730815644.111684,749.2481560937299,681.8937336692157,None
1730815644.211685,702.1778327755294,681.6375665831195,None
1730815644.311685,702.9335417341399,677.6921233226112,None
1730815644.411686,680.578126317115,673.9275271430716,None
1730815644.511687,673.1153504822217,663.095711086385,None
1730815644.611683,678.6871701595583,655.4221824630464,None
1730815644.711684,682.6308060141783,646.9092982546797,None
1730815644.811691,658.6028954021862,639.0015546049863,None
1730815644.91169,652.9371729527799,634.4975973827004,None
1730815645.011691,659.4455198729271,641.96643059905,None
1730815645.111687,663.72121828312,647.995860422512,None
1730815645.211686,677.6073126562918,654.9633326536211,None
1730815645.311682,705.1294964598851,670.9247728035621,None
1730815645.411691,707.4895074300194,672.7821316087279,None
1730815645.511686,678.3097072558062,664.7560182861832,None
1730815645.611683,691.1309253586271,664.1778363523777,None
1730815645.711685,702.9808442221689,662.3567181332734,None
1730815645.811685,708.4880938845757,663.7492345951575,None
1730815645.911685,673.5958574996589,663.9230851543601,None
1730815646.011686,687.5529904886744,664.22029298294,None
1730815646.111686,599.1240601224604,652.6013451611158,None
1730815646.211687,602.3910583018684,654.4292041309942,None
1730815646.311688,568.7902966874589,665.3664415995656,None
1730815646.411685,589.2258916147733,667.6384004476556,None
1730815646.511692,588.0400996921812,668.3662021303792,None
1730815646.611686,580.809715495546,618.940253735122,None
1730815646.711687,574.4415040407964,615.8333120658915,None
1730815646.811713,577.6453267063964,612.311716503371,None
1730815646.911688,562.2035441527753,693.1833769743488,None
1730815647.011688,563.5282250091561,692.4874437762342,None
1730815647.111685,552.2981188799198,707.1078373446512,None
1730815647.211686,557.0780236922926,709.4927224157811,None
1730815647.311687,518.740654977317,757.5671337435906,None
1730815647.411684,538.7137196149563,761.7356062088313,None
1730815647.511688,518.5358091782896,777.7170368994349,None
1730815647.611687,611.643551484751,642.3788447557052,None
1730815647.711684,728.1567628026426,642.5884145060872,None
1730815647.811687,710.731330923185,644.1990159290954,None
1730815647.911687,703.9866608165886,647.272399240788,None
1730815648.011688,704.7570287181957,653.4352462292258,None
1730815648.111689,723.2107826712628,660.2750837853631,None
1730815648.211689,725.7447158750244,663.2638852927071,None
1730815648.311686,732.544409623407,664.9381297435511,None
1730815648.41169,736.8140952309243,667.3766756293678,None
1730815648.511684,747.9589992647534,656.8969882133104,None
1730815648.611681,740.0127677216072,680.3256938706216,None
1730815648.711689,637.2582713244776,778.6610176568639,None
1730815648.811692,613.6628044083134,757.77702895519,None
1730815648.911684,618.1823319933383,758.2102710352921,None
1730815649.011681,639.9616170734444,812.9181837972003,None
1730815649.111691,647.0503126877915,805.9437461903021,None
1730815649.211686,648.3514177341008,811.4796027936708,None
1730815649.311683,716.1561263283659,606.6236327592944,None
1730815649.411689,707.1729565339259,633.2021465050575,None
1730815649.511683,702.7536761860882,628.1631119316397,None
1730815649.611688,694.175279685378,629.2463130341594,None
1730815649.711684,721.1499679565244,639.3253340429619,None
1730815649.811684,716.1534920265251,643.4102801786402,None
1730815649.911683,705.1440641165192,657.1164448318297,None
1730815650.011688,611.2052716402474,649.0270593674715,None
1730815650.111689,619.9042269377688,654.6621079776424,None
1730815650.211688,606.4415772954582,671.37491336506,None
1730815650.311689,609.8293398139386,671.8349995716553,None
1730815650.411687,600.7260567246678,678.7247156209168,None
1730815650.511686,594.2609041133755,677.6640720125606,None
1730815650.611691,595.5230445561556,683.5343954359836,None
1730815650.711692,740.880259160898,646.0869442032027,None
1730815650.811684,741.3750368907434,668.9455112325254,None
1730815650.911685,768.6633081468159,677.0510045914564,None
1730815651.011688,776.7631362485735,680.6522932124269,None
1730815651.111691,779.1551015875056,674.4420195792709,None
1730815651.211689,678.5822397585166,652.1389414364739,None
1730815651.311688,668.811552932614,640.937182985534,None
1730815651.411682,630.3581827194616,649.3295197842588,None
1730815651.511682,636.3549618864292,647.148216765953,None
1730815651.611685,635.3082611339975,654.6213167074457,None
1730815651.71169,645.7087222951302,661.8235996596472,None
1730815651.811693,587.3434245646431,587.2647241563437,None
1730815651.911694,603.8137824682278,603.5692903915493,None
1730815652.011681,619.0714440246735,687.3976788130815,None
1730815652.111688,621.2086956194413,686.9884296729826,None
1730815652.211691,601.7098723396316,685.9570852418725,None
1730815652.311685,721.1742550953592,648.7020090965642,None
1730815652.411686,715.8637728527917,665.0111005522613,None
1730815652.511692,727.7766956652415,675.762160578205,None
1730815652.611684,739.0522370699779,673.8393590849023,None
1730815652.711691,698.2796860316221,673.7935589622979,None
1730815652.811683,704.1669455305573,673.8675787579917,None
1730815652.911693,705.3582491730251,675.2067377426488,None
1730815653.011686,685.3079744450889,674.7866635791477,None
1730815653.111689,703.723472412918,678.5384390330934,None
1730815653.211686,704.3017327132164,680.1459883816148,None
1730815653.311683,687.0838289545602,678.6210618843071,None
1730815653.411684,696.9802484786036,677.4483460474808,None
1730815653.511684,664.8518584931368,684.4603881154633,None
1730815653.611685,664.898100101243,675.1888364050641,None
1730815653.711685,720.9549253451761,660.3145576271551,None
1730815653.811692,746.5558638761848,659.5328791187396,None
1730815653.911687,760.9903147189352,673.9006463434638,None
1730815654.011691,708.3176003866618,682.1778519575381,None
1730815654.111688,724.9462246434222,677.8048627390914,None
1730815654.211687,725.2486901755726,684.8886252922987,None
1730815654.311688,738.2373158585701,672.1311782747041,None
1730815654.411692,744.216116834473,671.8678293038121,None
1730815654.511682,742.3059395249693,665.4050858500196,None
1730815654.611687,761.6800894921714,676.2263803818824,None
1730815654.711685,735.9651474719504,666.5815953918598,None
1730815654.811686,664.1257714959451,695.1292213953691,None
1730815654.911688,653.418887177872,678.660759722942,None
1730815655.011691,660.9518412606889,681.6497895590401,None
1730815655.111688,657.0696812806334,677.3835587264359,None
1730815655.211692,613.5651182401438,684.7385594122646,None
1730815655.311684,633.4607985870213,689.2613486702465,None
1730815655.411684,618.0986359168571,692.3166293198024,None
1730815655.511684,690.0189712603363,673.8129470291227,None
1730815655.611687,707.2599516753063,693.5921333683267,None
1730815655.711681,704.0826311466399,675.4587422376893,None
1730815655.811685,729.3053755343096,663.3941314433887,None
1730815655.911685,759.57464186155,667.396714224076,None
1730815656.011685,773.487299040302,670.9653020472384,None
1730815656.111686,657.6184617014981,654.3852313911646,None
1730815656.211686,649.3369150886866,657.7309858462902,None
1730815656.311687,638.8093713484405,667.5850723192576,None
1730815656.411684,645.8341254144891,663.6341158172517,None
1730815656.511684,647.1286859617005,657.6234505873716,None
1730815656.611689,646.7353790926147,661.8891343178672,None
1730815656.71169,665.0022620660011,656.7889825325602,None
1730815656.811691,665.7894240738439,662.0268849747578,None
1730815656.911691,676.8801022213682,669.482531164836,None
1730815657.011679,681.0956793530203,678.581919142271,None
1730815657.111682,705.9069924006537,683.7880267944295,None
1730815657.211686,700.6732103938931,672.9195560612834,None
1730815657.311688,723.7463427045432,672.7549673519972,None
1730815657.411687,748.1313880672158,646.6514239278913,None
1730815657.511686,806.6593993927418,652.8927349045165,None
1730815657.611688,826.7844836162978,655.8152141351858,None
1730815657.711682,670.112076335515,674.748161187285,None
1730815657.811683,665.4393450268644,678.306324532099,None
1730815657.911685,673.4816854909477,672.8116889467369,None
1730815658.011682,697.3276392924752,721.1519553289271,None
1730815658.111692,718.9978540137183,724.8572649336528,None
1730815658.211683,630.8737600169678,673.6075793663775,None
1730815658.311687,627.7696378028885,676.6396197377687,None
1730815658.411685,620.1827539322594,679.8876443536569,None
1730815658.51169,627.4501208894507,684.8627355260662,None
1730815658.611691,659.9025818652398,675.8106898267913,None
1730815658.711691,659.4847731758406,681.9051180361259,None
1730815658.811684,647.567619775374,661.5447574150528,None
1730815658.911685,654.6107572871127,642.1546319921129,None
1730815659.011693,638.9594785349776,614.532311537783,None
1730815659.111683,605.895352309707,621.4875300210938,None
1730815659.211691,605.5547306871647,634.7213528136805,None
1730815659.311684,634.7321738128477,677.3754037534474,None
1730815659.411688,742.1589388597437,650.3822033350043,None
1730815659.51169,726.0089057360615,667.9350490793447,None
1730815659.61169,699.6486718519935,666.2184329543035,None
1730815659.711689,705.7746235379217,668.7290340771235,None
1730815659.811683,706.1143295373964,678.7203955117654,None
1730815659.911686,712.104147321059,688.097094870312,None
1730815660.011684,694.0331367629078,701.847987500855,None
1730815660.111681,708.3829638455273,701.9597836718651,None
1730815660.211682,719.7862055515839,699.6052494938417,None
1730815660.311684,726.3331258839311,698.2854033018621,None
1730815660.411684,740.1192062168768,709.372512818272,None
1730815660.511691,767.6742363855823,710.1144709732538,None
1730815660.611692,810.7145742486297,703.1250518862472,None
1730815660.711683,870.1681555730933,689.4598474638551,None
1730815660.811683,722.6193016919136,666.3684214400499,None
1730815660.911689,653.7025747109062,669.8002654677033,None
1730815661.011682,642.6199583369227,654.6443081846811,None
1730815661.111687,651.3353279381156,651.9204200569409,None
1730815661.211687,600.4634546031017,653.3609381369225,None
1730815661.311687,616.3006870018361,672.2601642757382,None
1730815661.411689,621.3315380865157,668.8448609594654,None
1730815661.511689,608.4198510472569,669.8489366802511,None
1730815661.611685,614.8684871868322,673.9429073953797,None
1730815661.711689,618.0426867257498,678.3146183777559,None
1730815661.811693,618.8358164996697,686.4122494510334,None
1730815661.911686,592.11995314475,617.9238733999387,None
1730815662.011687,623.0514717333466,611.6045464431035,None
1730815662.111685,699.9512122876721,657.2054349736135,None
1730815662.211687,713.5778391512704,659.9224429365065,None
1730815662.311687,720.4077487542871,668.5036150251547,None
1730815662.41169,719.6607385822452,665.6731922624568,None
1730815662.511689,719.2661364776895,663.4470615821667,None
1730815662.611682,687.477209295122,652.8329103948392,None
1730815662.711684,604.7617784311484,662.8667128938982,None
1730815662.811685,598.2417650739075,672.6380831654657,None
1730815662.911688,596.583143963139,678.3339164995758,None
1730815663.011689,603.1589331000263,676.0359657445129,None
1730815663.111686,581.4422993542131,688.1909497329863,None
1730815663.211687,566.2950284408294,684.7283136434903,None
1730815663.311688,559.8247240411799,692.2142965988949,None
1730815663.411685,583.6714718080162,505.8016759756509,None
1730815663.511679,593.6170168640357,529.6014109801232,None
1730815663.61168,595.6022749177474,539.2068764790052,None
1730815663.711684,599.4746490641123,532.2954695761582,None
1730815663.811681,596.0272033644945,532.6753285106811,None
1730815663.911704,598.4441237842577,519.3816104358305,None
1730815664.011689,641.6118632562532,656.9432634126431,None
1730815664.11169,687.0445815603254,724.5956015874159,None
1730815664.211689,678.264021266352,694.0675497252823,None
1730815664.311687,681.3815822216632,661.090964088163,None
1730815664.411687,626.477044690713,623.3522492305202,None
1730815664.511688,620.9847591830076,622.4397143861056,None
1730815664.611691,602.178472502221,620.1167801068902,None
1730815664.711687,614.1440806188473,625.7998611493426,None
1730815664.811688,623.6416646913136,635.7028876053897,None
1730815664.91169,592.3777267754147,667.0772671631006,None
1730815665.01168,596.3809423709039,677.9829532970296,None
1730815665.111685,590.1822777935132,694.4938135745822,None
1730815665.211682,598.8962195565134,701.0843779064307,None
1730815665.311682,663.0815834337794,675.2053417778308,None
1730815665.411683,662.3654525465657,671.2965636759559,None
1730815665.511686,640.9123709436748,664.1692036877495,None
1730815665.611684,644.2620274142305,668.7023418602433,None
1730815665.711682,649.2955851440213,659.5101038589504,None
1730815665.811691,567.2236383739064,707.5263459180759,None
1730815665.911688,570.679071697448,717.697738427591,None
1730815666.011682,586.0818560215337,733.4499088056783,None
1730815666.111685,601.7329420184552,728.9541375910909,None
1730815666.211686,603.5431405494533,730.3939585624349,None
1730815666.311689,702.105853959758,664.2408441206561,None
1730815666.411682,707.3953115048887,678.3859011423831,None
1730815666.511685,694.6901647041885,680.6508944891481,None
1730815666.611685,697.7885377739639,697.7067193819847,None
1730815666.711691,715.4265323554993,697.8143010624998,None
1730815666.811687,649.8827705457733,685.1968281275272,None
1730815666.911687,664.8080001569409,691.6870138481603,None
1730815667.011708,721.1158878474263,679.2994436228255,None
1730815667.111691,744.5632929278822,664.3874545644975,None
1730815667.211679,755.049582526697,641.3013309629448,None
1730815667.311687,646.7754595268519,579.188198326654,None
1730815667.411694,652.5870494738022,575.3120626725889,None
1730815667.511691,672.3162811902391,560.8601239115866,None
1730815667.611681,682.5974957856607,603.9781924989645,None
1730815667.711689,673.1620964590738,631.8450539340492,None
1730815667.811689,686.8457595594431,652.8825608832753,None
1730815667.911687,709.4262773762945,668.3450721453078,None
1730815668.01169,643.0272254751117,679.900399224203,None
1730815668.111687,652.1030697894544,680.6297828669983,None
1730815668.211684,667.0806358295943,675.7850406256072,None
1730815668.311686,734.4545265712898,650.6530952633962,None
1730815668.411689,753.2925497507315,654.665308206208,None
1730815668.511685,670.3837426454879,673.8492043986607,None
1730815668.611682,665.8624856030851,673.8144879039423,None
1730815668.711691,683.447949373663,669.3711465010646,None
1730815668.811688,680.4718572939802,685.3284786869693,None
1730815668.911691,696.5353769413404,688.0212052339336,None
1730815669.011684,719.3374247144257,679.9534452829286,None
1730815669.111682,645.319004008893,776.7756753576697,None
1730815669.211682,623.1422301062887,764.495831458512,None
1730815669.311684,627.1495715195213,752.3625704466334,None
1730815669.411684,640.7739723635224,739.53575350377,None
1730815669.511684,635.0539826685073,800.1704200656368,None
1730815669.611683,631.3635699709756,741.1841853076052,None
1730815669.71169,787.2991681701998,614.6213678323791,None
1730815669.811693,765.0329668457106,638.8281284249153,None
1730815669.91172,778.9423022411194,645.5217090139446,None
1730815670.011691,728.9045691417947,644.7343061519988,None
1730815670.111681,709.0112499869759,652.2225720139934,None
1730815670.211685,665.7513404120333,681.2803120360097,None
1730815670.311689,580.1861127824295,745.0359858039324,None
1730815670.41169,619.380720738619,757.499254400599,None
1730815670.51169,628.8997182437447,741.9803862237599,None
1730815670.611683,616.9283388844531,716.4746258131247,None
1730815670.711683,641.2086446039691,706.8957759753929,None
1730815670.81169,647.0594349101983,716.818913761661,None
1730815670.911689,702.5094254012622,652.9615143734878,None
1730815671.011691,696.877040202279,656.080408669033,None
1730815671.11169,700.4639727806225,652.2779730281027,None
1730815671.211688,711.3181278684236,662.7339089740095,None
1730815671.311685,667.6717014714004,649.454655522586,None
1730815671.411684,673.6726237017521,655.4890483078871,None
1730815671.511688,604.3893770606435,763.8311985494959,None
1730815671.611687,619.4984363405647,753.6097394987485,None
1730815671.71169,602.9728240978885,749.9870772678818,None
1730815671.811689,611.0178736905931,751.6087047791436,None
1730815671.911686,711.6513651254767,627.2548631364136,None
1730815672.011687,735.7328545232665,652.7449106869537,None
1730815672.111692,726.537231185139,656.5955831119352,None
1730815672.211679,741.0459159700878,661.4867086100642,None
1730815672.311683,691.2060273735041,714.3642381765806,None
1730815672.41169,659.1710248954226,754.1346556417155,None
1730815672.511683,675.3108196222066,743.7783049972429,None
1730815672.611686,604.3289751321795,765.7802755967051,None
1730815672.711686,609.2740755598114,736.6557344275751,None
1730815672.811687,586.0376461204735,747.9595680904966,None
1730815672.911683,605.37489782097,755.2275343224793,None
1730815673.011685,607.7878563858047,770.9828527049584,None
1730815673.111686,683.4285083224933,716.5132258146102,None
1730815673.211688,691.9882529852141,757.7611168179327,None
1730815673.311689,706.4217873372737,758.1470595687059,None
1730815673.411683,699.0939344120478,747.5819476442779,None
1730815673.511685,698.9495659702296,753.1407405988219,None
1730815673.611691,655.7822533688675,411.60170145054656,None
1730815673.711685,748.1577905328645,537.9238905129065,None
1730815673.81169,739.8024957229086,540.1682656588008,None
1730815673.911683,683.7263893851202,515.0049756224329,None
1730815674.011684,657.1924903282707,552.2947158763959,None
1730815674.111692,733.0376789075685,804.0455490154226,None
1730815674.211688,720.592639711056,710.4558374548338,None
1730815674.311683,736.225720770295,684.5475515264642,None
1730815674.411684,684.4238659361265,743.0895494291724,None
1730815674.511685,696.3094978100705,721.5592637393291,None
1730815674.611686,649.5597892083952,734.1752199991491,None
1730815674.711689,651.8991022315932,718.6521462377979,None
1730815674.811684,668.5679133625456,536.7056606717117,None
1730815674.911694,641.4857412938944,525.5769708419017,None
1730815675.011683,670.4771857102724,560.082824894884,None
1730815675.111683,725.6526450915543,569.8973216912573,None
1730815675.211687,795.8302471714354,633.4670983028211,None
1730815675.311687,727.8620277727135,817.5829364634085,None
1730815675.41169,733.6150854113397,728.7894925786372,None
1730815675.511691,671.6637970532873,769.213346389968,None
1730815675.611691,683.3677050290681,797.7290551021349,None
1730815675.711686,681.412488071632,769.2818956403696,None
1730815675.811687,675.899589761248,938.9270196804096,None
1730815675.911686,692.8761538139368,907.4875367781168,None
1730815676.011687,704.3848593782484,692.9812681878105,None
1730815676.111686,762.9302577600223,696.4012910633941,None
1730815676.211683,751.2041091703184,751.7340057504252,None
1730815676.311691,722.5933087867274,659.4184620530636,None
1730815676.411692,780.9640470081104,394.80577921290507,None
1730815676.511684,786.0533855076014,482.3420067432068,None
1730815676.611684,790.4628860395997,496.7778787271095,None
1730815676.711685,788.7796519063472,470.84111429608765,None
1730815676.811688,656.7004684463817,901.0483516150572,None
1730815676.911691,657.5891866284011,945.286250517396,None
1730815677.011691,680.2623112145217,779.7310354507138,None
1730815677.111691,636.4732546317878,802.3680133917467,None
1730815677.211688,640.9906164366761,758.2997881295976,None
1730815677.31168,849.4237233054615,600.9346745082833,None
1730815677.411681,849.0693415332994,614.1249035185394,None
1730815677.511683,858.4159333155811,622.3353822270633,None
1730815677.611682,626.8947554267446,780.7937588559998,None
1730815677.711684,627.4998380592887,745.9698172808933,None
1730815677.811688,624.5709455592895,777.4144835925839,None
1730815677.911682,631.9417649259384,803.3463629278646,None
1730815678.011688,639.7144564115982,788.8213823371317,None
1730815678.111688,646.0650771991567,653.248453867809,None
1730815678.211685,744.1621133356578,605.8211181344999,None
1730815678.311686,750.413813073211,625.0102265967234,None
1730815678.411691,812.9037496446831,682.6495808344433,None
1730815678.511683,748.6709278400233,655.7513794456445,None
1730815678.611685,760.0559022697194,662.6672981263059,None
1730815678.711715,649.5683198885272,669.133997708393,None
1730815678.811688,658.683975795365,713.8646810690258,None
1730815678.911683,666.3873252887514,831.88539098342,None
1730815679.011684,650.4905702413405,865.9779853864418,None
1730815679.111685,646.2863164218124,875.9988541459211,None
1730815679.211688,652.5959344580317,802.72529149567,None
1730815679.311681,648.1603423086618,794.0912015940828,None
1730815679.411689,662.2582169927871,686.4001590056715,None
1730815679.511683,701.0310695736371,486.3365037658684,None
1730815679.61168,692.7740215595622,584.4072857554524,None
1730815679.711687,702.1934563928637,638.5058839780277,None
1730815679.811684,707.5881969941086,502.2652284714069,None
1730815679.911686,719.0454025153252,564.1590243194993,None
1730815680.011689,716.5746769503655,507.0433504981474,None
1730815680.111685,716.5285027581273,516.2515715504242,None
1730815680.211686,724.6111907674793,519.6830484510942,None
1730815680.311687,690.9950183565088,860.2960137420246,None
1730815680.411684,684.9323729944775,755.7865152228595,None
1730815680.51169,672.5114853663385,727.1404977236011,None
1730815680.611685,669.014366865197,716.6145051720309,None
1730815680.71169,667.7054778758147,868.1188429491411,None
1730815680.811679,671.4366413686112,841.600908491544,None
1730815680.911688,677.8755918553201,827.8926387962842,None
1730815681.011682,779.7614652702503,568.5389854700114,None
1730815681.111687,780.9147625454425,603.9675146534435,None
1730815681.211681,825.5710614521354,653.3663506352735,None
1730815681.311681,826.3936528093759,673.1952609357418,None
1730815681.411691,769.1960039235872,562.4501835174625,None
1730815681.511693,701.6535816537483,443.127471888711,None
1730815681.611686,687.0585017801048,522.2767883837448,None
1730815681.711689,682.2112389199984,551.1859679576049,None
1730815681.81168,692.2010317855987,598.5592622278215,None
1730815681.91168,754.9435560771901,767.217955355766,None
1730815682.011687,739.3408737300998,667.2969268582887,None
1730815682.111689,748.2349276006049,636.5882097911788,None
1730815682.211685,793.0024656810474,687.7493397797789,None
1730815682.311687,820.3173530998446,664.4478992412342,None
1730815682.411683,710.7080413707223,578.4970088332416,None
1730815682.511689,722.9176779092301,594.9012784383244,None
1730815682.611692,661.5665110258894,831.7800572034156,None
1730815682.711689,662.8105993040929,790.6479902035637,None
1730815682.811689,664.8558461918091,793.4358727189745,None
1730815682.911683,750.2737215909933,536.5231530181622,None
1730815683.011682,741.4234715024473,599.9944526535614,None
1730815683.111688,724.7038683937179,644.3233001383674,None
1730815683.211689,723.5267656023267,663.6864792911728,None
1730815683.311688,737.9163677890897,672.3694502098908,None
1730815683.411693,715.6558827860148,674.2993947171751,None
1730815683.511689,749.8327934026445,679.5195523047388,None
1730815683.611682,630.0019552307012,497.5066225203654,None
1730815683.711683,631.0482973917091,570.2990056250634,None
1730815683.811684,651.9883092294422,401.4426236511505,None
1730815683.911686,787.2377001376914,623.2183310583418,None
1730815684.011692,685.598886363448,590.6973426792918,None
1730815684.111684,742.04832664473,782.9308651226544,None
1730815684.211685,754.371151039261,716.2204344348048,None
1730815684.311684,762.2863035449244,685.6573655770593,None
1730815684.411683,739.9975995601761,679.9667523796955,None
1730815684.511689,752.5432780295683,680.4568653067473,None
1730815684.611689,728.4633688558619,705.1388524254319,None
1730815684.71169,745.1297943804661,719.3449720975581,None
1730815684.811692,655.0707677837916,683.4126753603263,None
1730815684.911677,630.5338478941173,758.9821720369454,None
1730815685.011687,617.4574945076145,997.7406101561392,None
1730815685.111681,638.0282626265314,864.6119202588732,None
1730815685.21169,649.1273919477433,832.6347227982424,None
1730815685.311685,662.7668357587714,882.9810420449179,None
1730815685.411691,663.9713172234628,861.6384083704515,None
1730815685.511679,670.4508249948647,871.1826426839535,None
1730815685.611681,683.8293653135277,907.592622487543,None
1730815685.711688,719.5245709439926,651.0962463624732,None
1730815685.811692,734.4026696724902,480.8003547552349,None
1730815685.911693,732.6270959709021,572.0553733792086,None
1730815686.011693,689.6944729784029,595.9865693814274,None
1730815686.111681,671.0636176937595,623.4987894592891,None
1730815686.21169,654.6208111180911,650.762299656107,None
1730815686.311687,596.8066599532189,578.2803341126616,None
1730815686.411689,630.0992270533258,601.0630394349599,None
1730815686.511683,567.785972006977,609.962988412481,None
1730815686.611689,566.7248184543661,600.9910362875893,None
1730815686.711684,557.3081949470533,774.0072297360713,None
1730815686.811686,578.0957597878357,749.2102480893617,None
1730815686.911688,572.7949845709849,729.7006048861477,None
1730815687.011682,579.3537222042268,508.6583514816435,None
1730815687.111683,600.580355686839,534.9052942128966,None
1730815687.21169,659.4194811932505,567.7871984242217,None
1730815687.311688,654.9722859650867,593.1106227418546,None
1730815687.41168,649.7350530162664,600.3673449814489,None
1730815687.511681,714.8689714210681,634.1676851456733,None
1730815687.611684,697.31788182147,606.2711702015915,None
1730815687.711683,730.5266597566565,711.8038669129647,None
1730815687.81169,694.0000114444593,711.4986448356141,None
1730815687.91169,700.7192556674687,686.4474101252758,None
1730815688.011688,678.4942456062644,680.2316929919992,None
1730815688.111688,685.0249201262815,683.2135794842025,None
1730815688.211686,679.6422445579637,689.068992383785,None
1730815688.311685,817.5437482793463,670.0816049259358,None
1730815688.41169,1027.133876166446,645.8285937117522,None
1730815688.51169,996.8041403850586,652.0714978789208,None
1730815688.611686,1056.0364905597685,664.4447636719742,None
1730815688.711685,1058.0046754871792,658.5458556738023,None
1730815688.811681,814.6738726490385,671.8268948138207,None
1730815688.911686,641.468186003357,667.0091273005226,None
1730815689.011688,688.6823237915615,659.6432609864665,None
1730815689.111681,635.1280345526641,650.692457025165,None
1730815689.211678,645.3929879953006,655.6980479544247,None
1730815689.311682,609.9390331248692,658.1821294907477,None
1730815689.411687,629.4308123954061,662.3888006201134,None
1730815689.511686,574.48095887435,476.1949155302135,None
1730815689.611687,580.3494652580711,454.144803391353,None
1730815689.711686,590.353694985229,496.15496196941206,None
1730815689.811689,588.0781343080531,502.55890616657655,None
1730815689.911688,662.5968862781262,809.4200406885642,None
1730815690.011687,694.569991651398,733.1918817721723,None
1730815690.111681,693.8545229526835,703.7920053975702,None
1730815690.211686,703.9283377303087,688.9534629857933,None
1730815690.311687,717.2092615378585,690.9178468419158,None
1730815690.411688,728.9540705033576,695.9125547403708,None
1730815690.511684,756.1500302779413,692.8983837604645,None
1730815690.611682,682.7274135325964,652.1522574407602,None
1730815690.71168,693.3963263363764,679.6259834815481,None
1730815690.81169,674.7904881909354,670.0430286981759,None
1730815690.911726,695.638948876476,682.2447019091238,None
1730815691.011681,710.8050328930856,674.5164550196425,None
1730815691.111678,701.3229958981121,673.8253617327248,None
1730815691.211679,716.1571784096014,673.048540738149,None
1730815691.311679,742.3369387669358,668.7096250676922,None
1730815691.41168,767.4401626008621,673.2539648216538,None
1730815691.511681,760.0516027583801,683.6949953327132,None
1730815691.611681,701.656423066714,661.7244452287857,None
1730815691.711689,566.1097265626559,676.4806494807259,None
1730815691.811689,576.1095034403664,674.8772801915709,None
1730815691.911689,583.139444860527,670.496426520149,None
1730815692.011689,582.386245067803,656.3104716099498,None
1730815692.111686,702.3727918045304,655.5783563283373,None
1730815692.211685,710.5437136107149,657.7692649238245,None
1730815692.311692,701.7229959337452,658.7916438362855,None
1730815692.411686,714.9491478108639,661.1808148604448,None
1730815692.511687,731.8484197192846,665.7657652803367,None
1730815692.611682,745.574694566967,664.619254415726,None
1730815692.711689,702.7052987872219,662.3038124009126,None
1730815692.811682,720.2357204500464,664.9752808451518,None
1730815692.911681,705.728219745981,669.0016194562819,None
1730815693.011689,709.960836007056,674.7224975656623,None
1730815693.111682,712.0924635846031,679.4229092557988,None
1730815693.211687,730.223614266657,681.6905629052357,None
1730815693.31168,656.6979748952066,688.400989660302,None
1730815693.411689,656.1396127345809,676.6507857691635,None
1730815693.511692,592.846534237872,649.0019301583781,None
1730815693.611679,573.3650356939356,641.6239397887047,None
1730815693.711691,589.8547791487296,656.1109357028605,None
1730815693.811687,601.9006245276,658.5144543052497,None
1730815693.911695,617.4994410721605,676.8326171981346,None
1730815694.011692,613.1252050947174,689.310288228946,None
1730815694.111686,615.2909994498613,689.7488611702785,None
1730815694.211688,797.2560154944299,541.032189515955,None
1730815694.311688,1053.486480261221,552.0965179234129,None
1730815694.411689,1029.1920085630709,605.6321061865511,None
1730815694.511682,1057.1285529493985,608.7285265709155,None
1730815694.611686,1053.4900066472092,610.4258202922053,None
1730815694.711692,827.1301416225368,701.9995577089292,None
1730815694.811685,719.7104325716406,810.9349115409099,None
1730815694.911689,672.9000287289897,707.8934134012395,None
1730815695.011682,605.5467358515789,664.4544614868939,None
1730815695.111682,644.5711379915047,653.8843565377076,None
1730815695.211683,640.6745398571906,639.3930132594052,None
1730815695.311683,656.3222220832939,657.4258245574636,None
1730815695.411686,649.7621078621286,650.2753076389827,None
1730815695.511683,673.7626427635083,656.5843793095517,None
1730815695.611683,690.6825849500675,654.3476372194726,None
1730815695.711686,687.7262768154367,643.9227170490424,None
1730815695.811688,660.6181489103508,635.0079879864354,None
1730815695.911693,659.152932000598,643.4187009803481,None
1730815696.01172,623.925697659014,619.7095707155048,None
1730815696.111682,590.2384902085404,600.7026099630365,None
1730815696.211681,597.7890220906568,616.9024616834238,None
1730815696.311691,593.6367873106658,615.381676146743,None
1730815696.411684,585.8878986355982,608.0799876664765,None
1730815696.511685,725.8035615649917,678.621110717942,None
1730815696.611689,733.4621271538168,678.16169997089,None
1730815696.711691,750.4936266009829,678.2727391615017,None
1730815696.81169,773.2933472808184,691.2195605350618,None
1730815696.911688,793.3109143478887,695.2940517643381,None
1730815697.011688,791.7930084028153,683.4418260171974,None
1730815697.111694,776.647874932236,679.3061085286663,None
1730815697.211694,815.9642965509998,681.8638357463616,None
1730815697.31169,848.8024112857211,673.3493885712129,None
1730815697.41169,746.7500380185277,646.2987148680585,None
1730815697.511691,632.5989216167702,625.3926308179905,None
1730815697.611692,597.5750971901869,624.8544453792179,None
1730815697.711692,613.2621886309443,642.6772266392372,None
1730815697.811687,598.9310700590986,635.1650433030613,None
1730815697.911683,601.2803108030065,634.0601239526046,None
1730815698.011688,597.4894766544506,527.4225222324519,None
1730815698.111683,613.5188246595087,529.335385604251,None
1730815698.211691,610.5108612364312,531.2021199935187,None
1730815698.311693,604.9715695240671,535.1966360780126,None
1730815698.411694,645.4675092015293,705.382846014654,None
1730815698.511687,647.3704315384684,695.3737322266705,None
1730815698.611687,649.2516880560369,697.4626387456007,None
1730815698.711684,647.5026897128538,686.6866825692879,None
1730815698.811689,638.7280607838525,675.2881762300516,None
1730815698.911691,670.9064033059605,698.5932665481655,None
1730815699.011689,673.2736954048911,708.9038485668345,None
1730815699.111688,655.2022713899592,693.4258458946516,None
1730815699.211686,648.19450546233,681.587932199141,None
1730815699.311686,655.4723238128671,680.0182714281449,None
1730815699.411687,652.252824134802,688.5756968426897,None
1730815699.511688,654.5364176706637,685.1169910033598,None
1730815699.611688,651.5805593423161,683.5733359491477,None
1730815699.711685,744.5561645101338,699.1028723252966,None
1730815699.811689,750.3110252060563,698.3470693297153,None
1730815699.91169,711.5545895504772,687.4697274151332,None
1730815700.01169,655.5721062916614,674.8562645963226,None
1730815700.111691,672.5768082161451,663.4365396265282,None
1730815700.211691,690.8519727985035,682.5881480956638,None
1730815700.311687,706.9432560765147,684.0504410578285,None
1730815700.411683,729.0772388927712,677.0856681953499,None
1730815700.511684,747.9335619997958,688.9658463177719,None
1730815700.611685,790.8882462822849,702.3238409827565,None
1730815700.711685,724.2756995632261,679.7429063044243,None
1730815700.811687,731.0907810811372,677.1325903527637,None
1730815700.911687,743.9966014138763,673.9463833519151,None
1730815701.011683,765.2341867024173,681.607551727042,None
1730815701.111688,828.6223737234724,684.9341145544665,None
1730815701.21169,830.0379954108381,683.0900277158107,None
1730815701.311685,763.8559726253313,640.9487352196968,None
1730815701.411684,656.4348677941347,654.7549990639435,None
1730815701.511685,654.4081862845474,651.1921342492119,None
1730815701.61169,660.1320240720472,642.7903394284687,None
1730815701.711687,689.4583880487133,669.2023234112698,None
1730815701.811686,694.0899872952999,664.3049906740381,None
1730815701.911682,555.2175911027691,607.7687097373139,None
1730815702.011682,575.27226777381,641.6924021713982,None
1730815702.111683,576.7752940522463,656.5707293581353,None
1730815702.21168,551.5599234417987,660.7197422228369,None
1730815702.311677,731.1346460284793,679.3625490166044,None
1730815702.411686,737.1673925537913,689.7637958856029,None
1730815702.511686,757.5709383172396,696.6999975259174,None
1730815702.611687,762.1755888130533,688.7534954506655,None
1730815702.711687,753.6592291435936,682.290144403301,None
1730815702.811688,773.5490073622123,699.7662199601152,None
1730815702.911684,737.4814687659785,682.0892621568897,None
1730815703.011683,771.4516427116105,682.3003690675204,None
1730815703.111688,742.2851133766293,691.0164613563278,None
1730815703.211686,776.9630651660776,696.707101204357,None
1730815703.311694,685.8847502352293,681.8771809857452,None
1730815703.411692,708.4275265201871,676.6276012737117,None
1730815703.51168,738.0296285656118,688.0745986611786,None
1730815703.611681,631.8022316098313,640.7212433554456,None
1730815703.71169,591.4717159052828,654.4012158052861,None
1730815703.811684,596.2299291011758,653.8872019420033,None
1730815703.911704,596.3806673319058,650.8512876453063,None
1730815704.011684,595.9804548932776,688.4969993638084,None
1730815704.111679,573.5193125126872,807.5942560164968,None
1730815704.211686,584.7060103685092,811.1449474360193,None
1730815704.311682,592.7500351835619,780.9494100238551,None
1730815704.411681,758.4848399736545,649.0059767836808,None
1730815704.511688,728.6677924643044,647.4253299952211,None
1730815704.611688,727.8437295355378,632.7278608569725,None
1730815704.711689,730.1342176518052,615.1041364407895,None
1730815704.811688,729.7478450646901,621.2391471693833,None
1730815704.911687,731.3927087729287,611.9466802443138,None
1730815705.011686,714.4338661399914,619.0861677708415,None
1730815705.111684,699.8972887613166,629.5727795188895,None
1730815705.211681,703.7763975630594,639.9128762834409,None
1730815705.31169,741.1494932473697,650.1423069306941,None
1730815705.41169,939.5817202463808,626.4746559461823,None
1730815705.511686,956.1748881258212,631.4558534469256,None
1730815705.611681,755.339183794006,636.352731617266,None
1730815705.711687,570.8163619855317,648.6753361507509,None
1730815705.811684,641.8148588421977,664.2715607133623,None
1730815705.911692,633.4057285317067,676.0315534685523,None
1730815706.011686,600.5503420378852,672.0693197471224,None
1730815706.111685,617.9886343785209,669.6929282328098,None
1730815706.211691,630.2747628505464,672.4206498426568,None
1730815706.311685,623.3671254667754,652.3383998533558,None
1730815706.411687,540.2788878314091,628.0128647529866,None
1730815706.511694,580.6364389913219,632.5330471723993,None
1730815706.611691,578.218259382875,656.319405451913,None
1730815706.711681,602.8380139007377,676.9372451519976,None
1730815706.811681,617.5288527826979,676.5450552217861,None
1730815706.911682,622.4786337342726,586.0518623643109,None
1730815707.011684,658.037442880067,576.3436212472233,None
1730815707.111683,739.85674316667,578.2985659715139,None
1730815707.211688,774.894366637564,605.2905866403225,None
1730815707.311685,748.1477916732006,616.8231963543794,None
1730815707.411724,706.6859902865647,609.7013669629405,None
1730815707.51169,753.322318541567,683.8296469972585,None
1730815707.611682,733.7748973608421,675.1854863903076,None
1730815707.711684,716.2177885642362,691.591371840472,None
1730815707.811684,692.3524013109028,680.0927946544401,None
1730815707.911681,698.1215967152482,681.8846251345931,None
1730815708.011682,690.4963048747195,679.0759295225854,None
1730815708.111686,751.3369941536685,655.2731134522325,None
1730815708.211683,729.7309236232372,662.8615924541946,None
1730815708.311694,681.897325719889,648.4451026369829,None
1730815708.411682,679.106725941428,645.3379616678504,None
1730815708.511685,680.7906543521409,655.1750594484906,None
1730815708.611684,669.1468248823794,672.3167116369611,None
1730815708.711686,677.4110225960782,676.5121355416125,None
1730815708.811689,672.8503963232749,616.8361268494355,None
1730815708.911683,626.6332766191929,575.883776447355,None
1730815709.011682,592.003190811869,576.5788959188536,None
1730815709.111679,597.1408629984953,584.8781950245677,None
1730815709.211679,600.507299045905,569.5179822695297,None
1730815709.311687,773.4837188915045,687.156928152479,None
1730815709.41169,770.2384533619892,672.8495625761101,None
1730815709.511686,745.8974104364237,674.2512912342759,None
1730815709.611686,641.2369879859457,653.7604609810575,None
1730815709.711686,635.8961264380843,686.4854722191402,None
1730815709.811688,624.2634430523626,729.7450641336195,None
1730815709.911685,619.9238765618693,723.7640112306902,None
1730815710.011686,653.8322111776354,746.3722233988386,None
1730815710.111689,796.1734951426889,648.6763651316571,None
1730815710.211686,776.5530018723272,648.0014816328413,None
1730815710.31168,796.7971500565031,649.4394989542443,None
1730815710.411683,813.6301961279868,655.1840932465482,None
1730815710.511683,717.946497531821,672.1925821652309,None
1730815710.611687,736.0532233156138,676.0223984947929,None
1730815710.711687,715.6967082443192,667.9605896432812,None
1730815710.811683,653.9543969054564,676.9292287413318,None
1730815710.911685,659.3818442123612,670.3108291566055,None
1730815711.011681,652.8969956893671,666.2412132669464,None
1730815711.111686,636.0753894013693,657.3905533819898,None
1730815711.211687,636.1799927918282,675.7410047878443,None
1730815711.311687,657.9165212701067,686.1945085338228,None
1730815711.411686,665.5220705660738,691.6745179108269,None
1730815711.511683,670.8592333073198,687.5956198904735,None
1730815711.611684,675.8967128004161,683.1686078571555,None
1730815711.711688,688.2238251284399,663.7644424146571,None
1730815711.811688,701.4473628294686,657.855074078994,None
1730815711.911685,711.43887652151,668.3339080301973,None
1730815712.011689,720.1929880727346,662.118553544951,None
1730815712.11169,734.6127377701573,659.6175431570067,None
1730815712.211686,769.7490771616792,654.4916881053932,None
1730815712.311691,790.3046899459941,650.3896643084522,None
1730815712.41169,758.2716347327095,683.3261741605716,None
1730815712.511683,655.034794025364,712.5772356467405,None
1730815712.611686,647.9671566161935,702.9091556192292,None
1730815712.711689,610.7024036982601,746.5223050609844,None
1730815712.811686,630.0053470050345,777.0109130994412,None
1730815712.911685,653.3260906913099,791.4288303741373,None
1730815713.011685,660.947533816999,812.1573135942308,None
1730815713.111688,632.6797794808458,841.2906616132373,None
1730815713.211688,638.2432207505069,811.1555899476806,None
1730815713.31169,612.6323982819556,839.44134245907,None
1730815713.411681,619.0353962520362,808.1830557862406,None
1730815713.51168,631.8744822967005,626.6931013299999,None
1730815713.611688,680.9341408647076,410.96000267090506,None
1730815713.711683,661.2707213477604,492.46359926961065,None
1730815713.811693,660.3193793473037,502.6205639498856,None
1730815713.911687,652.139269562597,695.8326563212376,None
1730815714.011684,658.9147876203316,777.2794129153806,None
1730815714.111682,649.4283648818177,712.2897038884802,None
1730815714.211692,659.2491101664693,686.1068819173811,None
1730815714.31169,636.2350625243165,694.7434442695308,None
1730815714.411687,633.5999182237488,709.3070959181673,None
1730815714.511684,642.3917673457099,735.7455235663369,None
1730815714.611681,665.8437196358836,413.7463241074688,None
1730815714.711681,720.1457942378441,503.89893652069713,None
1730815714.811689,722.0359437474569,501.8428218345201,None
1730815714.911691,701.7382487978513,448.14382997004446,None
1730815715.011686,667.2243691110002,449.3926503492216,None
1730815715.111693,690.8045102444872,790.4414581478144,None
1730815715.211687,714.1702419956887,703.3530617091036,None
1730815715.311686,707.7241695704876,677.9708353701285,None
1730815715.41168,764.0210092414009,693.4204924151998,None
1730815715.511688,753.7301872446598,683.4866870424381,None
1730815715.611693,709.6303462162302,612.5832867853549,None
1730815715.711685,728.8547523499642,623.7236164332585,None
1730815715.811685,730.1022740262415,615.3495849269616,None
1730815715.911709,730.6110213648462,605.4298249932413,None
1730815716.011686,705.5895901334004,563.9873987389597,None
1730815716.111692,672.4904710714375,679.8460435891669,None
1730815716.21169,672.2964825481521,712.8549422902552,None
1730815716.311691,690.527023212168,696.0902878915542,None
1730815716.411691,682.4258905828099,671.7498243227104,None
1730815716.511688,708.975082595584,683.550758451574,None
1730815716.611689,721.9540187348821,677.1384576641091,None
1730815716.711683,737.8987685033826,731.0929225203482,None
1730815716.811684,767.9828690233765,741.5252072700458,None
1730815716.911685,537.9011105266509,672.8547485749506,None
1730815717.011685,564.2671094014029,693.989957279126,None
1730815717.111682,578.0895970924912,699.9273999285314,None
1730815717.211683,591.1041631810074,699.5342105262409,None
1730815717.311687,583.6112924412811,537.5459397823308,None
1730815717.411717,591.7670759603508,538.4037007964395,None
1730815717.511687,598.773055950828,606.814420226333,None
1730815717.611687,613.486231973695,617.5325086257013,None
1730815717.711688,514.5298962033876,554.2208521759826,None
1730815717.811686,527.3895142144215,560.438969791711,None
1730815717.911681,543.412339459371,559.4458700123128,None
1730815718.011683,721.4036004880227,740.4985957538433,None
1730815718.111687,718.1670566391552,705.3652258168067,None
1730815718.211685,720.905758483803,689.715369048805,None
1730815718.311686,730.2323415651438,676.8432744776131,None
1730815718.411685,729.0091115307781,685.1931158585505,None
1730815718.511686,740.0897678464347,690.374880777539,None
1730815718.611691,745.8788765541283,690.0632080703972,None
1730815718.711684,754.7435772811069,688.1789416526391,None
1730815718.811681,671.1599684580491,670.1781520450257,None
1730815718.911685,517.3061054361585,653.0075579499783,None
1730815719.011688,539.9109175857789,655.4453203048547,None
1730815719.111685,562.2688703647383,662.0517469191509,None
1730815719.211691,583.8128228048529,666.9826118768725,None
1730815719.311682,601.0201232565926,662.6145410061658,None
1730815719.411687,573.6319637926686,640.9321799058741,None
1730815719.511688,590.4066865399554,640.2206054113456,None
1730815719.61169,582.7168116923198,626.9342511869247,None
1730815719.711691,600.0375627752703,635.8775850791745,None
1730815719.811692,609.1302492985697,640.7462682334009,None
1730815719.911692,613.8185068879739,645.0685763769611,None
1730815720.011693,617.1884501385243,656.0384280957314,None
1730815720.111693,646.4777296926434,663.9751425599434,None
1730815720.211681,647.7561044608493,676.5562145690204,None
1730815720.311683,678.5099703827558,685.9065061349576,None
1730815720.411692,740.7873496545141,681.6707603519111,None
1730815720.511682,625.9829272062697,682.1961037249317,None
1730815720.611694,585.3175725279963,673.414952731616,None
1730815720.711686,614.86518255315,697.5351136551457,None
1730815720.811683,618.8633340694159,699.0884520808984,None
1730815720.91169,635.4721600492592,695.1119822611969,None
1730815721.011685,647.9915948495056,701.132087342029,None
1730815721.111689,652.6703884012301,696.768564310812,None
1730815721.211682,666.8011496767579,696.9913454230851,None
1730815721.311683,710.8543830777755,695.4057679772308,None
1730815721.411688,754.3532938396637,678.1318053800395,None
1730815721.511688,802.4005673704986,677.3605354326068,None
1730815721.611679,817.4652163052904,675.512540455685,None
1730815721.711691,611.1357867941022,703.5659621320893,None
1730815721.811689,601.433017345504,682.9439553769162,None
1730815721.911691,615.7718518190665,680.6353424816504,None
1730815722.011688,588.3701223564767,681.887064236914,None
1730815722.111686,509.8684337252596,707.3283480519831,None
1730815722.211684,527.2735758018906,696.5647871002043,None
1730815722.311686,521.9046521990352,679.7017385182253,None
1730815722.411688,550.3548406680662,679.6328708298336,None
1730815722.511688,564.4796449719142,675.7571178830117,None
1730815722.611692,696.5328632090284,642.810130972625,None
1730815722.711685,714.7650284051055,653.8327914959453,None
1730815722.811684,692.8454131535918,655.1516867303702,None
1730815722.911684,691.8145340693364,673.4542232137954,None
1730815723.011687,684.2459898034633,686.7296259037221,None
1730815723.111687,657.4077475061758,664.7483831184377,None
1730815723.211688,650.2953618603643,656.8448592863288,None
1730815723.311686,671.6507843123037,670.5274626276599,None
1730815723.411685,653.3959029736137,673.6828580276349,None
1730815723.511682,679.9894496177911,687.3757822344556,None
1730815723.611688,709.3274533357642,689.6063166322876,None
1730815723.711691,648.8086088368385,670.4044666202519,None
1730815723.811689,710.1080610088658,681.0372504710441,None
1730815723.911682,592.5201675128399,683.1746297900241,None
1730815724.011683,598.1844834717015,653.6455031800975,None
1730815724.111685,627.1295182037314,665.636916417681,None
1730815724.211685,567.4893871184787,687.7606230306171,None
1730815724.311686,571.925333195446,711.5995190188486,None
1730815724.411721,599.0447660366419,702.5068396631974,None
1730815724.51168,569.7378685502918,443.7144177826093,None
1730815724.611684,591.6965706709265,517.416141705375,None
1730815724.711684,594.1156146898113,494.9619213722737,None
1730815724.811687,594.3018945947111,478.9524948255517,None
1730815724.911683,641.9920180137112,489.8888424159404,None
1730815725.01169,670.5091996806917,745.1979396109289,None
1730815725.111691,646.7285374252505,690.3483930413761,None
1730815725.211687,641.7125091869896,687.9156924856339,None
1730815725.311685,643.726426259555,672.8972580549733,None
1730815725.411682,673.1349999575543,683.6903806761388,None
1730815725.511685,562.7961457509055,736.0792492329701,None
1730815725.611686,569.790573395141,699.1725355368212,None
1730815725.711686,568.2381686477358,690.7662777605103,None
1730815725.811682,579.0549619168287,686.7517699439078,None
1730815725.911685,577.889126599755,682.9403766051676,None
1730815726.011683,584.6866574231308,699.7057008032393,None
1730815726.111688,592.928984109959,721.7095408509417,None
1730815726.211687,602.1952034306788,742.0831219303628,None
1730815726.311684,596.9604912949558,769.9279951605662,None
1730815726.411688,578.5376378849146,795.3585465091073,None
1730815726.511683,555.6088709684817,773.9291314156565,None
1730815726.611683,544.1987743083876,785.3296354335796,None
1730815726.711685,652.7582188022926,614.4530304464076,None
1730815726.811686,672.030075339458,640.498546259189,None
1730815726.911726,659.4621254364841,647.4126147612716,None
1730815727.011686,644.3356912498284,674.2848260556032,None
1730815727.111686,658.1823680209852,678.0984464291587,None
1730815727.211685,633.243122627077,652.6321100464701,None
1730815727.311691,643.0941996434561,653.2631315682117,None
1730815727.411688,663.4219890109249,650.183878830636,None
1730815727.511713,677.2617645697742,649.4378027396916,None
1730815727.611684,538.4385354247988,843.5006172777588,None
1730815727.711682,568.093152778809,806.4918948391755,None
1730815727.811686,574.4966441341865,814.8494353824086,None
1730815727.911687,594.4954668107436,798.0852540462985,None
1730815728.011688,591.3041262861088,817.2514470581922,None
1730815728.111687,631.6201900891093,600.4925567878809,None
1730815728.211689,639.1594935951044,610.208375127561,None
1730815728.311691,646.6405445251883,611.4765506842559,None
1730815728.411692,647.8894244379253,625.429644980697,None
1730815728.511688,578.4293445394005,654.3827265832587,None
1730815728.611685,591.3015711472984,654.0375142911324,None
1730815728.711693,596.27304060743,660.4620244797372,None
1730815728.81169,686.1183695691029,654.6586661801387,None
1730815728.911683,778.5245794764853,646.5845319058075,None
1730815729.011684,798.1902952244639,643.977518288294,None
1730815729.111684,835.3289334977691,644.9405960714274,None
1730815729.211688,782.0495523890776,651.0887423310037,None
1730815729.311687,820.6757125259865,656.5243097256497,None
1730815729.411691,645.2335702598546,656.6038645619333,None
1730815729.511688,591.3556235946157,661.6210308648144,None
1730815729.611687,628.2027389922673,674.7229098698709,None
1730815729.711691,610.5406437853912,676.3780177998418,None
1730815729.811692,620.0026055864496,666.2273963226577,None
1730815729.911685,622.3630266714977,647.7999259399809,None
1730815730.011685,612.4633621146331,634.0360989695314,None
1730815730.111682,622.5760807621957,643.7715574469973,None
1730815730.211683,627.3578996874016,670.4192644677809,None
1730815730.311687,628.0056532542161,687.770282860615,None
1730815730.411685,632.7062645669793,699.0445499758314,None
1730815730.511688,630.954208768248,653.6638309335732,None
1730815730.611693,541.9068498745424,585.837946681957,None
1730815730.711684,535.4453053462028,610.1375269919743,None
1730815730.811683,507.7699602577501,634.9777886303028,None
1730815730.911684,622.4142830718706,538.9921492477674,None
1730815731.011685,996.0065045725212,411.931288729498,None
1730815731.111685,987.348803263221,506.3101985590091,None
1730815731.211686,1000.9202097134536,534.2688346462663,None
1730815731.311684,1022.520080572577,525.5406830250765,None
1730815731.411678,921.302145047101,566.9609888185701,None
1730815731.511689,648.8107470042607,815.1972643517806,None
1730815731.611687,688.8582706251218,718.734896825375,None
1730815731.711687,728.0986268413592,688.0899927146029,None
1730815731.811687,643.575465971075,696.888408361556,None
1730815731.911691,658.8268324073836,700.972958466401,None
1730815732.011685,677.7685006223876,703.1581770920209,None
1730815732.111683,666.5033964537535,683.3425399848213,None
1730815732.211691,676.6616234637769,673.2166887202987,None
1730815732.311691,690.632454399647,686.2491520503182,None
1730815732.411692,790.3747408963077,480.6003814205214,None
1730815732.511693,1006.3238948767346,494.383154297738,None
1730815732.611686,986.0646567254516,573.0673658047683,None
1730815732.711698,1008.9883496595096,604.0613389605171,None
1730815732.81169,1001.8179966724316,632.1910162337256,None
1730815732.91169,1003.2587308310908,641.5530081375815,None
1730815733.011679,1000.0129717499384,646.47115112141,None
1730815733.111692,1016.9324010584412,636.2569779821413,None
1730815733.211689,1038.5738159880416,605.9936179250875,None
1730815733.311686,893.4915354197553,617.5325837343776,None
1730815733.411683,608.8600950134868,831.7581599379423,None
1730815733.511689,633.7678155848049,717.7585480268567,None
1730815733.611686,660.1922246596783,676.5660930605447,None
1730815733.711689,611.7995516149591,685.1144959775919,None
1730815733.811685,638.4543712400329,655.4899083347158,None
1730815733.911688,597.5701920113166,702.1223556040023,None
1730815734.011681,617.1609689098347,585.3668467042718,None
1730815734.111708,635.7685911554863,520.9274036119677,None
1730815734.211688,604.2310721605511,527.9831221852266,None
1730815734.311683,604.9801531847041,546.1248810235948,None
1730815734.411691,620.5966933756496,533.0696842782385,None
1730815734.511687,591.071549325951,516.4513952219754,None
1730815734.611687,613.6264212493469,508.3550673757636,None
1730815734.711687,610.1056988505666,472.5070481883598,None
1730815734.811685,662.1583622732007,543.2053738449392,None
1730815734.911686,686.2161048744579,724.922052901101,None
1730815735.011686,667.5926200866539,676.6436340398159,None
1730815735.111683,692.2936442553269,693.543978890675,None
1730815735.211692,678.3510763984691,688.6157007263587,None
1730815735.311687,683.2923712277196,674.225654313581,None
1730815735.411687,662.5656421000956,663.6159691753822,None
1730815735.511686,661.7567853996889,649.9905114147856,None
1730815735.611691,670.7382451493886,662.3733313492003,None
1730815735.711686,695.7019384450791,678.732894804465,None
1730815735.811682,746.1217766448582,682.8897418421378,None
1730815735.91169,840.1116275494685,695.0229281925664,None
1730815736.011692,903.6710493773124,689.5190103939171,None
1730815736.111686,950.1076265005707,683.2969391629093,None
1730815736.211689,748.5416915501235,671.8813259182019,None
1730815736.311687,614.948116078057,679.8445133247068,None
1730815736.41168,597.1406757681364,642.9356203405825,None
1730815736.51169,578.4567624548495,615.4804925938369,None
1730815736.611691,620.600880033112,608.5979766134648,None
1730815736.71169,636.325118665355,598.0465883999775,None
1730815736.811692,691.942651478509,617.7756902445242,None
1730815736.91169,628.3366575007375,702.8837748358615,None
1730815737.011691,668.4637539753303,686.9450596731069,None
1730815737.111689,689.9546592052056,679.9945854032375,None
1730815737.211691,711.5507032708408,704.3233509633693,None
1730815737.311683,727.3740689560357,706.2783624379244,None
1730815737.411691,753.6502532448077,725.3191301868576,None
1730815737.511684,845.4009972853198,667.8119504170509,None
1730815737.611687,847.2652056992972,683.0597409687416,None
1730815737.711687,752.2815161221841,650.3150030965645,None
1730815737.811684,756.5178437234534,637.5257363079551,None
1730815737.91169,744.3286948914106,619.9787451785922,None
1730815738.011692,771.6431433579447,621.3360208959,None
1730815738.111686,763.3795981459775,376.8387131705576,None
1730815738.211683,751.7536733901098,429.7156863754638,None
1730815738.31168,706.1224128248289,453.1332011329416,None
1730815738.411684,848.567409264803,704.269308459956,None
1730815738.511688,837.1716180538999,689.0639512103886,None
1730815738.611689,837.2574876076679,669.5245744872409,None
1730815738.711687,813.657304617458,660.6910218736944,None
1730815738.811682,808.1281312301401,678.4114219998396,None
1730815738.911682,800.2078568449871,679.2655458284512,None
1730815739.011686,718.5209638588269,670.9640963932231,None
1730815739.111682,709.9379889706715,665.8839898204196,None
1730815739.211691,692.4334118585723,660.2743355779764,None
1730815739.311689,660.6056334127683,659.7992401747879,None
1730815739.411685,659.4971532897337,654.3134854687728,None
1730815739.511685,627.2629786958555,639.047477488417,None
1730815739.611688,638.9152610235751,633.5969790606835,None
1730815739.711687,646.8660725408769,631.6950030363278,None
1730815739.81169,681.0130428671806,644.7763102931154,None
1730815739.911686,699.5870937645615,665.4666535198764,None
1730815740.011685,762.915502062755,667.6997959695896,None
1730815740.111691,736.1154903969718,660.3995203349763,None
1730815740.211686,610.2283738706011,717.5334327039852,None
1730815740.311687,575.7561978531039,688.9763497577908,None
1730815740.411691,618.1926531044817,666.1214791177208,None
1730815740.511689,627.910423105254,671.4497975548987,None
1730815740.611685,637.5469550761803,681.0530829806954,None
1730815740.71169,640.8648810141011,691.8505957102292,None
1730815740.811683,645.9046522355103,717.6256007190873,None
1730815740.911682,633.4513059633597,726.0103464619409,None
1730815741.011688,611.3266676722994,736.2828354635905,None
1730815741.111685,613.1357511734595,732.3036939255484,None
1730815741.211688,620.5000274294522,743.6572522074401,None
1730815741.311681,730.7576962617009,661.2088513653549,None
1730815741.411688,750.7613918718392,668.9597975471129,None
1730815741.51169,753.858727385626,667.5989965687772,None
1730815741.61169,716.7597245715888,654.3951187191083,None
1730815741.71169,711.3913446502576,647.6551655824563,None
1730815741.811686,712.4045902722115,640.2487792813645,None
1730815741.91168,709.6435191730437,632.5532381999716,None
1730815742.011689,719.7510934583909,642.5543728195569,None
1730815742.111684,751.1042564985721,643.0234136708688,None
1730815742.211684,749.4127630968376,660.5094169573367,None
1730815742.31168,722.0476559008071,664.1692639207245,None
1730815742.411685,695.0988487589213,654.1744515388644,None
1730815742.511689,646.7617868245844,667.5335797832978,None
1730815742.611686,664.4570830275837,662.403438060463,None
1730815742.711685,675.3249926873801,664.7639231850782,None
1730815742.811684,700.8753775898589,667.4813271826935,None
1730815742.911688,751.8525357544943,664.2474288942423,None
1730815743.011687,814.5942301465525,670.2812105134773,None
1730815743.111684,881.6375073332006,666.541126498717,None
1730815743.211684,628.9782975217514,649.1566729874163,None
1730815743.31168,601.1472103412956,638.4324877612036,None
1730815743.411685,629.1696683584601,639.0233885616675,None
1730815743.511686,603.1996452256757,628.8505177867124,None
1730815743.611687,581.725579064096,630.4326921821521,None
1730815743.711685,578.6122066494501,624.4673270237932,None
1730815743.811687,612.8514859865477,635.9817103676801,None
1730815743.911688,554.9477521971796,646.1310524650703,None
1730815744.011686,586.8711198191206,656.7472250890442,None
1730815744.111688,594.1014437291591,654.0230775151593,None
1730815744.211689,618.738928549235,366.8496350674796,None
1730815744.31169,606.5342918998496,432.709606944301,None
1730815744.411685,599.6238695992978,461.4348192318672,None
1730815744.51168,651.6927139712957,462.6788428069272,None
1730815744.611686,746.291276301325,703.3627195676414,None
1730815744.711691,758.010168197955,732.8254356992231,None
1730815744.811691,718.2460636563334,695.0181557857952,None
1730815744.911687,711.901219068518,679.3776956953957,None
1730815745.011683,737.3114983365874,670.9091423763966,None
1730815745.111687,737.9012319592157,654.1323152941079,None
1730815745.211682,756.7985075442718,645.8990601251816,None
1730815745.311691,771.2661568079178,659.0633978201812,None
1730815745.411685,821.6964720319231,662.7942503440772,None
1730815745.511689,545.0177367068529,712.2404377510879,None
1730815745.611689,571.0401036325259,711.2317933665643,None
1730815745.711691,545.1274604437406,732.5198034077628,None
1730815745.811691,558.9864533864841,721.5534798789032,None
1730815745.911686,590.8783414163094,692.3603678637088,None
1730815746.011687,576.6814994333569,634.635819998307,None
1730815746.111687,598.3222326249513,627.804205988662,None
1730815746.211688,605.4991125285835,633.0842816808845,None
1730815746.311688,612.5076563314251,622.8977006149038,None
1730815746.411685,659.4102651398787,682.6119735029762,None
1730815746.511685,640.9444188888161,546.5157402843666,None
1730815746.611684,630.5796529815418,576.8099856539783,None
1730815746.711682,629.9627839708454,579.7595940226939,None
1730815746.811692,625.9043477422122,565.2763147272219,None
1730815746.911685,627.9781800750279,542.09769929797,None
1730815747.011691,630.974568408445,533.6085199768163,None
1730815747.111716,628.6149764053237,535.7137354708475,None
1730815747.21169,625.4962296244743,537.9110987279445,None
1730815747.31169,639.4497853171445,524.2477506563899,None
1730815747.41169,758.7518862947649,717.1753965800784,None
1730815747.511687,734.247402449421,708.513864218715,None
1730815747.611688,689.522835216222,684.663915387932,None
1730815747.711684,630.3723410713296,661.0747027267956,None
1730815747.811685,642.7435186863647,667.7889412328398,None
1730815747.911689,630.9573665528901,659.2845821482754,None
1730815748.011694,730.9866504080921,668.5430566132864,None
1730815748.111682,758.8168451176209,669.4410314150372,None
1730815748.211691,816.9257531002804,665.3824392035825,None
1730815748.311689,851.697239055131,655.2071947271961,None
1730815748.411688,794.3033591199965,588.3318141662791,None
1730815748.511691,980.6888638808348,583.1199583111253,None
1730815748.611691,1026.1335545937368,510.8657034078011,None
1730815748.711689,1072.8213694959395,556.623256981316,None
1730815748.811689,1063.8930303056486,586.6390280926989,None
1730815748.911685,1089.4201213399392,599.6329133745627,None
1730815749.011688,1105.516278312612,596.9317798628728,None
1730815749.111686,1115.0769374690935,591.533330648615,None
1730815749.211694,856.6125764324921,627.4222471338991,None
1730815749.311692,574.0547616985009,684.3607781848107,None
1730815749.411689,620.4142351909827,667.1086626294035,None
1730815749.511691,592.3512259011889,647.1732710601834,None
1730815749.611685,646.3959055243395,650.2181534713128,None
1730815749.711686,640.7488152505277,657.0133533325054,None
1730815749.81169,684.618810997983,662.0208283665561,None
1730815749.91169,581.4774061950984,651.6760044126277,None
1730815750.011685,621.9768950810392,639.4772381975722,None
1730815750.111689,603.3969311035764,649.8895057877397,None
1730815750.211682,614.9147803264843,646.2644376357229,None
1730815750.311686,625.0653413319586,690.8302341862046,None
1730815750.411685,651.9925347742827,691.6088680186432,None
1730815750.511688,643.318150155201,804.8354964876985,None
1730815750.611688,656.2847449914136,785.0979553781827,None
1730815750.711691,664.1505649386872,770.7654374108773,None
1730815750.811687,650.3862464846535,760.625032408507,None
1730815750.911685,637.3797975641232,770.0882147449959,None
1730815751.011688,627.3576282308874,760.8529693532092,None
1730815751.111686,617.9076365433207,753.8210392215411,None
1730815751.211684,612.7603624262846,756.3806549791665,None
1730815751.311687,614.3893096377587,758.6995135929151,None
1730815751.411691,611.339872387451,752.0479899929431,None
1730815751.511689,597.1565905508385,761.1879846517329,None
1730815751.611685,606.6772726361621,770.839224713369,None
1730815751.711692,625.4494995927992,792.7242797427992,None
1730815751.811682,632.2050461761628,806.5290150854098,None
1730815751.911684,717.7319563715372,604.2060147714083,None
1730815752.011684,778.0672216219406,588.3604578743791,None
1730815752.111689,769.2257715683296,625.8464297293572,None
1730815752.211686,674.9486487098535,638.9554333453108,None
1730815752.31169,701.4910701573057,633.2050857180798,None
1730815752.411686,687.2158396480947,640.1848589475501,None
1730815752.511683,711.0797241317706,647.9726199405183,None
1730815752.61169,704.068097448643,644.2552298622018,None
1730815752.71169,704.1674933888296,636.7317760799451,None
1730815752.811688,702.7002331506734,668.1980743778668,None
1730815752.911684,656.223270521374,689.3730267151294,None
1730815753.011684,663.6009306097272,674.0302633320556,None
1730815753.111686,674.2290094556483,663.4174009360056,None
1730815753.211679,675.8544455834519,646.1341272341385,None
1730815753.31169,705.8127089093138,647.506346227736,None
1730815753.411683,737.2679556293039,653.8481211812849,None
1730815753.511685,754.0564909807796,651.0199856971605,None
1730815753.611688,774.0829008203237,656.423340733567,None
1730815753.711722,791.374662428525,658.2230883078164,None
1730815753.811685,788.2496672890487,653.1790363800185,None
1730815753.911686,792.2574232350828,650.7481553762914,None
1730815754.011684,803.4757262356258,642.5326858878966,None
1730815754.111683,816.5882900048525,644.415629407571,None
1730815754.211691,844.7214987728843,646.4620526977934,None
1730815754.311683,629.2612821673785,659.4711294560225,None
1730815754.411689,633.8396929504187,671.5367912504532,None
1730815754.511697,616.9217207826417,695.1268057630838,None
1730815754.611692,598.5744586517021,708.9083340899039,None
1730815754.71169,604.4189871879812,714.9569105313707,None
1730815754.811685,605.948077001444,690.9886630786714,None
1730815754.911682,594.0965837562549,808.6729539733235,None
1730815755.011689,609.1099516443347,785.1064735629902,None
1730815755.111684,616.4743338892267,792.6229611144586,None
1730815755.211685,615.5875165099706,800.1005737037245,None
1730815755.311689,693.5405482668139,640.8515265168314,None
1730815755.411685,704.4597450163079,640.2809454106514,None
1730815755.511692,705.289889791426,641.1927377721828,None
1730815755.611684,703.1818918853332,631.3486180065917,None
1730815755.711691,704.3901384495023,626.6160583423764,None
1730815755.811687,711.0330859450199,622.5983023539598,None
1730815755.911687,721.892552835418,640.672965269202,None
1730815756.011688,781.1877877392906,595.7694400831856,None
1730815756.111688,752.8211091188092,664.8446789855575,None
1730815756.211682,748.4471979029786,661.5660769718725,None
1730815756.311684,750.081065451519,675.5640502632008,None
1730815756.411691,727.6836221553052,670.4319577089836,None
1730815756.511681,749.8626731466073,670.8906105859152,None
1730815756.611692,776.5634482819302,663.3193710982019,None
1730815756.711691,818.3876355246232,664.9869268896451,None
1730815756.811688,890.0772676806131,681.7418833607652,None
1730815756.911689,697.8577762888078,658.7507059738775,None
1730815757.011685,723.4892104662785,635.0816534103313,None
1730815757.111686,620.587729498454,615.5430945254784,None
1730815757.211686,625.2215443834378,603.9150441592617,None
1730815757.311687,638.8829076025993,604.6356141871263,None
1730815757.411684,666.8472526512231,620.329227204152,None
1730815757.511684,536.2913089568634,660.7323428948635,None
1730815757.611685,583.2201730853053,693.1495372909807,None
1730815757.711685,567.2254207444523,725.9808666961998,None
1730815757.811686,588.0777267729659,730.9126717468542,None
1730815757.911687,590.4606952661463,716.9524929134303,None
1730815758.011698,583.913681184384,713.9471557344132,None
1730815758.111684,602.4028002947123,687.4263262823614,None
1730815758.211688,719.6150235096453,640.5513507843514,None
1730815758.311687,727.0799701186247,635.9567673462616,None
1730815758.411691,748.1026108913907,649.0463783387631,None
1730815758.511692,698.2376417610741,648.0297420027061,None
1730815758.611692,704.4806394419136,657.0349431193258,None
1730815758.711689,657.6804100724241,661.9557394604849,None
1730815758.81169,669.1888860079824,662.2147212171773,None
1730815758.911684,615.803262808847,649.1524760637959,None
1730815759.01169,626.1698105761391,639.5612460081851,None
1730815759.11169,593.2421510534814,624.8812948111809,None
1730815759.211688,602.5607230584271,623.7534376685834,None
1730815759.311687,613.023285825493,641.1487501726336,None
1730815759.411683,604.6343503905534,663.5087325502357,None
1730815759.511687,606.7741641234169,664.9131638316044,None
1730815759.611691,627.034415921059,663.7053893234947,None
1730815759.71169,614.6423096848432,640.5493777328929,None
1730815759.811692,614.6352615037404,628.9572719377583,None
1730815759.911684,595.3269010530079,624.9683755561884,None
1730815760.0117,604.7966023994238,638.6380234298712,None
1730815760.111689,625.0389285541708,661.0922996104738,None
1730815760.211691,646.6157732137191,684.5609241228813,None
1730815760.311687,661.9447120971054,691.3079668683823,None
1730815760.411688,694.0600895382572,693.6783658970759,None
1730815760.511683,750.6822300383435,688.0730328714621,None
1730815760.611684,648.0460842875206,674.3089961951696,None
1730815760.711692,587.3096519528383,652.8252470534325,None
1730815760.811691,606.1388280329595,617.6236174536156,None
1730815760.911687,569.9040163654483,681.4145976162617,None
1730815761.011687,598.8021322404657,693.3899064155268,None
1730815761.11168,633.9494336986287,689.8689999012132,None
1730815761.211684,647.4934154622682,684.0736397145279,None
1730815761.311716,665.0359188351131,680.6239127337437,None
1730815761.411685,725.2330236242614,686.076403461233,None
1730815761.511682,768.879384323836,695.249693875372,None
1730815761.61169,773.10798911423,677.4087020780534,None
1730815761.711692,765.1481997478907,664.8289943577291,None
1730815761.811685,742.0032857677272,673.5397841882232,None
1730815761.911686,725.8604693114272,672.0786584641477,None
1730815762.011684,701.4120213370763,669.181159889593,None
1730815762.111681,693.5990375722827,675.7584133429125,None
1730815762.211691,686.717221724729,665.8057496028957,None
1730815762.31169,689.789482279,661.7052683174107,None
1730815762.411687,688.0776055409775,661.159212834787,None
1730815762.511688,664.4721221632598,669.2094228058044,None
1730815762.611688,644.8064280910489,686.4204317749289,None
1730815762.711689,634.4477345021066,707.6807322629548,None
1730815762.81169,628.4422608641626,733.4707162486627,None
1730815762.91169,715.698903194333,673.3580684532894,None
1730815763.011687,633.3510063011805,525.1787100105146,None
1730815763.111688,607.9146000957537,530.1602807879763,None
1730815763.211688,611.8923436037861,557.6955647455649,None
1730815763.311689,661.5811758928991,593.2042639140664,None
1730815763.411688,702.5315675369676,626.7633996990957,None
1730815763.511685,704.431720211106,634.8846043987946,None
1730815763.611681,671.2134552391075,620.0625559655593,None
1730815763.711687,592.8523917354021,954.1859271677896,None
1730815763.811687,621.7756251375158,849.9773082539216,None
1730815763.911686,630.64252892318,843.1946300926401,None
1730815764.011687,618.6185774349337,823.3990353132365,None
1730815764.111683,621.9292134467396,779.7792274030921,None
1730815764.21169,735.9081321893824,631.3783608950677,None
1730815764.311683,745.1676638540947,653.9557374395283,None
1730815764.411685,760.5832514279027,661.0746809496068,None
1730815764.511685,659.3409532604874,662.9299919145981,None
1730815764.611682,667.0832433322453,659.1857105059275,None
1730815764.711682,637.3171555764693,669.995705160312,None
1730815764.811689,651.879684351089,659.9369105392848,None
1730815764.91168,635.0122971805159,638.8259528600104,None
1730815765.011718,564.1784233316646,663.6521033366588,None
1730815765.111684,576.4523654384486,662.8181799389106,None
1730815765.211685,572.7781092173768,668.4932933683536,None
1730815765.311687,652.8583325289734,676.2354256581556,None
1730815765.411688,721.6555223072857,666.2533353390589,None
1730815765.51168,691.0293804299059,666.9571728017668,None
1730815765.61169,648.0294066056482,657.0366863625338,None
1730815765.711684,660.6058125102962,639.6948720177732,None
1730815765.811687,607.697859126114,604.7337594505185,None
1730815765.911686,647.8805300952074,601.4549182426757,None
1730815766.011682,609.1072452249255,599.2677596349408,None
1730815766.111685,643.0153288280266,622.7446289374345,None
1730815766.211685,607.0898568887721,637.9765398885679,None
1730815766.311685,622.1584575223591,654.8603712367365,None
1730815766.411692,630.500199313625,667.7548594737592,None
1730815766.511693,634.9439095771575,668.6868048277559,None
1730815766.611693,643.5282940697925,659.4474150095762,None
1730815766.71169,585.479550198455,683.6769886645791,None
1730815766.811691,596.4236323137206,673.2453497301856,None
1730815766.911683,570.9480223450497,665.941502819236,None
1730815767.011683,589.7365772780171,669.8187158067622,None
1730815767.111687,591.524054667782,678.2191937561217,None
1730815767.21169,609.8723312335472,680.2075620151344,None
1730815767.311687,640.2492433767875,663.3607936975897,None
1730815767.411687,634.9882857362794,638.3405229449717,None
1730815767.511688,631.8492216235222,645.4873322764909,None
1730815767.611683,656.1621256311889,655.4315146232493,None
1730815767.711684,688.9001813192403,674.888497111057,None
1730815767.811683,714.9864945942909,707.6935641201993,None
1730815767.91169,761.5208774976775,717.6757730207642,None
1730815768.011685,835.6095060445142,712.4851928689177,None
1730815768.111685,894.5747355199618,695.9608079691075,None
1730815768.211689,636.7449554057034,650.2268731493978,None
1730815768.311684,576.8945660360138,651.4222305573928,None
1730815768.411685,609.0556313248412,645.5279326006001,None
1730815768.511726,640.3900358986383,625.6926021474515,None
1730815768.611682,656.9777090397207,621.1565585366864,None
1730815768.711683,694.5324738614219,637.3080810329369,None
1730815768.81168,615.6666447997333,648.0219471710772,None
1730815768.911687,637.3936277801962,637.4167324035405,None
1730815769.011684,634.8213716595076,653.6742973415123,None
1730815769.111689,634.2507747660671,655.423600275646,None
1730815769.21168,640.4214204506866,644.6391875918507,None
1730815769.311685,840.9561339521905,614.5677736852629,None
1730815769.411688,815.3581822404128,646.9029200385969,None
1730815769.511688,814.7921094058283,661.9814546741737,None
1730815769.611689,802.4092428805062,675.0003317309211,None
1730815769.71169,854.1456857905911,676.7490756966607,None
1730815769.811682,797.5463496533713,676.3446345090833,None
1730815769.911682,633.5391536689415,663.4123101883804,None
1730815770.011681,638.1705668627691,666.0022283722969,None
1730815770.11169,602.1948047938237,675.4935596444185,None
1730815770.211689,641.1113685690004,684.9402066251974,None
1730815770.31169,613.3176206788755,668.1031718584494,None
1730815770.411687,647.4400750616381,678.8130871672479,None
1730815770.511685,597.5695288545401,679.2324260705857,None
1730815770.611687,629.6075101209374,681.3440786140347,None
1730815770.711692,620.4679085170612,689.4204280010291,None
1730815770.811685,635.2886086827863,683.7651105969123,None
1730815770.911683,648.4571812494725,672.693741596951,None
1730815771.011691,641.9335599148731,655.7390460202948,None
1730815771.111688,642.8640582277762,659.8185077649857,None
1730815771.211689,630.9502381115669,676.2582134288073,None
1730815771.311689,648.4323602724122,692.1741944746959,None
1730815771.41169,700.2577769190183,671.6068088161287,None
1730815771.511691,790.9304838995431,678.0823207861196,None
1730815771.611687,797.4385852255523,674.9057987174424,None
1730815771.711681,812.2291713081452,672.2353146426508,None
1730815771.811682,852.1832781528071,667.4383765146019,None
1730815771.911688,885.2655753391108,665.2660506699059,None
1730815772.011682,812.4978955550586,673.4894288334543,None
1730815772.111683,777.9569772048819,690.7111806407346,None
1730815772.211693,807.6304987415275,694.2536589459477,None
1730815772.311684,823.5338769818017,691.6973726243821,None
1730815772.41168,829.0595935772593,685.2723333478838,None
1730815772.511683,857.0177386114684,674.3596009813936,None
1730815772.611693,652.9487237184835,653.9920937092895,None
1730815772.711689,658.7840438880588,683.957408570565,None
1730815772.811686,628.9647784794996,682.9917962528416,None
1730815772.911685,644.010611709341,684.491555060158,None
1730815773.011686,646.7317664602007,664.888061917243,None
1730815773.111687,656.243733176603,659.8741809267625,None
1730815773.211687,670.8702761579963,658.5521670633951,None
1730815773.31169,651.0787705918708,652.5646980250804,None
1730815773.411684,644.5508136348166,642.3016516364935,None
1730815773.511683,622.8364960397105,637.5776919897789,None
1730815773.611689,504.1440638043196,639.8764763633656,None
1730815773.711682,509.4928253531056,664.7505270025615,None
1730815773.811683,539.361192126142,675.6084162058683,None
1730815773.911684,527.7737391468111,730.428315836614,None
1730815774.011688,556.8213291651385,724.9315808139021,None
1730815774.111691,660.173509769402,683.3513659174685,None
1730815774.211684,724.2748298521459,663.396468400997,None
1730815774.311684,700.5575053893425,657.6185900475151,None
1730815774.411685,726.0581774016994,666.0308072026538,None
1730815774.511685,719.8169568294334,662.2440756791469,None
1730815774.611686,759.1622854573442,661.8568434561478,None
1730815774.711686,689.3277729262685,664.7205172548277,None
1730815774.811685,718.2069095234674,672.0057369638722,None
1730815774.91168,647.7406759476386,651.4338556051466,None
1730815775.011686,651.2950358572879,645.6924743789408,None
1730815775.111688,664.5983511032717,625.9339490144006,None
1730815775.211686,560.7507072335135,643.0764728296305,None
1730815775.311686,568.1292819650544,650.2273898583327,None
1730815775.411687,603.4690634353406,642.486313229471,None
1730815775.511687,601.8906887986863,525.1850930403078,None
1730815775.611688,602.3696432726219,549.0474793549869,None
1730815775.711686,623.789743142542,551.7486786478031,None
1730815775.811689,655.8574868717966,568.9476921948847,None
1730815775.911685,772.3363133656725,648.7500697649217,None
1730815776.011693,786.2712292177671,660.3059126712687,None
1730815776.111683,786.7535803266592,665.3865048796954,None
1730815776.211682,786.8049560931184,685.9022127489812,None
1730815776.311685,812.3301248670696,679.219921709978,None
1730815776.411684,780.1643964542321,688.9033948628102,None
1730815776.511685,613.084379072086,657.8199827535125,None
1730815776.611682,591.5466294057259,673.0702441168455,None
1730815776.711683,619.9196492535735,681.1116803580494,None
1730815776.811684,628.2498468292937,677.2846978617977,None
1730815776.911683,661.8514374569994,619.9016715322584,None
1730815777.011688,655.4470145191725,609.3151614300659,None
1730815777.111686,628.9263628046027,703.7217143259393,None
1730815777.211683,628.6010228936861,707.895117641695,None
1730815777.311683,637.4050414527137,720.1210758726291,None
1730815777.411682,691.6561301659192,672.6713492383994,None
1730815777.511684,695.6747811964046,683.7657928737276,None
1730815777.611692,697.3864832569556,688.680483481144,None
1730815777.711687,670.0905870627046,707.3581170278329,None
1730815777.811684,671.3552182633471,682.6303670764976,None
1730815777.911681,597.0979290814514,537.3352225708807,None
1730815778.011681,590.1499998592728,586.1119857110576,None
1730815778.111691,593.2044389746924,581.4514910758259,None
1730815778.211685,602.399017906399,594.4437388062124,None
1730815778.311689,612.8832834172997,601.8997315543924,None
1730815778.41169,623.8300826001288,601.4048503472019,None
1730815778.511684,700.1760792629858,721.7280069122991,None
1730815778.61169,689.8776383549714,703.0642238767388,None
1730815778.711679,723.1841742093267,709.565665335411,None
1730815778.81168,728.2316580706319,705.8212422417513,None
1730815778.91168,672.5238002601401,717.6029684186268,None
1730815779.01169,657.2482746982689,719.2031995308569,None
1730815779.111687,658.0763352220939,717.8279823797319,None
1730815779.211689,676.0194402857435,700.4044287873764,None
1730815779.311686,774.2454328374577,691.55541066305,None
1730815779.411686,780.3366701509807,687.4923066227377,None
1730815779.511683,820.8318022771833,680.4608841615,None
1730815779.611693,837.6007126324907,674.6836500403338,None
1730815779.711689,849.6358099311719,674.0123706845936,None
1730815779.811688,709.3790769236232,706.0446395257014,None
1730815779.911681,667.4885865156205,698.3241703220069,None
1730815780.011688,680.6843439866701,682.3649520145569,None
1730815780.111692,662.7076221269508,695.8617174606494,None
1730815780.211692,660.5463487422854,688.132675570114,None
1730815780.311682,601.5340756623391,693.2452904693025,None
1730815780.411681,603.7789495414033,689.5260646839747,None
1730815780.511681,596.4728058194228,673.7631808241208,None
1730815780.611689,663.8373120565136,696.3065299357271,None
1730815780.711689,676.6996373444274,661.4968883443414,None
1730815780.811713,676.8026029906382,658.1673630514751,None
1730815780.911687,686.7280888297364,637.6626082780822,None
1730815781.011689,682.8823656298672,639.3543394788967,None
1730815781.111687,689.548908721755,642.3020693748653,None
1730815781.211686,716.2319308342944,636.5551263238752,None
1730815781.311686,747.4321695538993,657.7898933855929,None
1730815781.411687,660.7840742380198,726.6370295069217,None
1730815781.511691,674.2164982220028,711.7758335784613,None
1730815781.611688,648.844390993411,703.9035155119232,None
1730815781.711689,632.1087707282898,671.4708093841831,None
1730815781.811689,658.1450115019533,710.6927022454673,None
1730815781.91169,639.7063350611245,983.2747275236868,None
1730815782.011691,681.4140198406034,968.1554827567224,None
1730815782.111689,708.7330185949778,901.9789334023084,None
1730815782.211691,734.9511878145936,981.9666832765552,None
1730815782.311687,739.1741953031748,1028.9960372631078,None
1730815782.411692,667.4825056987945,614.5713730672886,None
1730815782.511687,670.0248330835452,422.1083819876945,None
1730815782.61169,690.9401859959748,592.2805607669783,None
1730815782.711691,639.2298148754905,626.7131068968077,None
1730815782.811684,653.5787336858631,645.8425789151269,None
1730815782.911681,584.0643693422824,570.8598674450716,None
1730815783.011682,595.4359896526421,601.7272888145883,None
1730815783.111687,603.3494237588561,638.6501516141734,None
1730815783.211688,628.3895889228161,643.8526733682692,None
1730815783.311695,678.9295496338476,709.405719498864,None
1730815783.41169,653.9123144699884,675.9813517494455,None
1730815783.511682,668.5870976529097,681.747148599151,None
1730815783.61169,675.2158731068162,678.058460111968,None
1730815783.711686,700.1283655343259,670.7777059778829,None
1730815783.811691,696.9654491254239,668.06481796035,None
1730815783.911685,576.7993493533452,605.2465710438396,None
1730815784.011694,573.955367078511,624.9893438661502,None
1730815784.111687,578.3886991574711,632.8242263490235,None
1730815784.211688,602.4121235634466,614.0867317705289,None
1730815784.311689,723.5764591517614,659.0211820341333,None
1730815784.411693,707.0445212715065,658.8280942324616,None
1730815784.511685,726.3834800114631,665.7540767397829,None
1730815784.611686,709.6360740940368,652.4061061623454,None
1730815784.711687,723.3087894271064,647.8657974705559,None
1730815784.811687,755.131624823205,652.7486042623884,None
1730815784.911691,711.7782111266114,636.3995007712864,None
1730815785.01169,639.352547930946,633.9358506931777,None
1730815785.111685,650.7295815202906,645.29537196669,None
1730815785.21169,627.818860250655,655.0666713260778,None
1730815785.311687,630.5151668737266,673.6987806244347,None
1730815785.411685,592.7562043638076,701.2415383780683,None
1730815785.511685,607.1996252592439,706.4242058681878,None
1730815785.611686,589.658461206947,688.7184059927299,None
1730815785.711689,594.0647734922283,694.9608713222049,None
1730815785.81169,595.3388150812564,703.9982646717588,None
1730815785.911687,600.4690214419169,698.6228948178345,None
1730815786.011691,678.3669432133862,645.482649588888,None
1730815786.111686,664.9638594618568,644.2645429529816,None
1730815786.211691,668.4570960379257,640.4317847430858,None
1730815786.31169,667.4328421973084,637.662537766388,None
1730815786.411684,658.8835786450434,633.0023173685631,None
1730815786.511691,617.0977686840708,709.7097604355303,None
1730815786.611684,629.0843649668318,728.870375834773,None
1730815786.711684,634.3032345390848,737.4795686620378,None
1730815786.811685,636.9166793203515,765.6062963328565,None
1730815786.911687,690.4157318131216,619.6580857583161,None
1730815787.011718,726.2802973939312,648.4979374020282,None
1730815787.111689,727.6523352860494,641.2376371642206,None
1730815787.211686,726.2766943205637,644.9705215695776,None
1730815787.311687,735.6389931758382,651.8678588588679,None
1730815787.411688,720.7867488711744,649.9578388978252,None
1730815787.511689,731.2325040204281,635.88020927677,None
1730815787.61169,663.5455220085996,585.5834546766802,None
1730815787.71169,667.3845423733844,591.6046287989467,None
1730815787.811686,641.1867309516656,888.6082760339974,None
1730815787.911687,637.3709710670746,867.8955652183483,None
1730815788.01168,647.1976820615104,835.199529036965,None
1730815788.11169,639.9704966054558,897.2215314652132,None
1730815788.21169,662.6872311208926,886.9002156501384,None
1730815788.31169,677.8232104926791,886.6063989426546,None
1730815788.411686,675.4288999597427,759.6751198747963,None
1730815788.511688,715.5049342322448,635.7108200340723,None
1730815788.611683,768.2102532931806,567.1395205752185,None
1730815788.71169,711.8014021375544,599.5169702097512,None
1730815788.811683,767.0556040110088,615.8872767200303,None
1730815788.911684,780.9130037577734,635.7292497985561,None
1730815789.011681,661.9643728859014,641.82944717943,None
1730815789.111681,594.462257503708,636.4348774180764,None
1730815789.211683,617.5206326189407,643.36225452758,None
1730815789.311687,602.7937020914707,661.5903840654302,None
1730815789.411687,628.3654261656962,663.5742748958405,None
1730815789.511685,557.9293457227225,593.4931501649129,None
1730815789.611686,581.6892893453239,598.922465248115,None
1730815789.711724,578.1682801758204,695.4547401226225,None
1730815789.811683,584.3241907569562,695.6022175929986,None
1730815789.911689,585.2379497837823,692.3632613322919,None
1730815790.01169,653.5365223601598,647.7271984474289,None
1730815790.111691,626.328416037418,634.1294591430341,None
1730815790.211691,618.6019044859694,626.2010728974099,None
1730815790.311686,616.8397151320385,636.5911300872252,None
1730815790.411685,632.5271592447498,658.9470551929805,None
1730815790.511681,631.9945959004929,662.2191516571845,None
1730815790.611681,581.6157979851962,707.5205651197147,None
1730815790.711681,595.2018813006391,711.7319518439009,None
1730815790.811689,578.0016096469084,691.9009665579601,None
1730815790.911689,560.5993136297682,693.5950183665072,None
1730815791.011714,578.6744306435335,691.2293054333745,None
1730815791.111683,650.1805213443428,621.2902407064452,None
1730815791.211679,648.2494652984317,615.2159507787991,None
1730815791.311683,647.5332920303198,623.8250070475368,None
1730815791.411689,653.8203898466178,630.9523377349927,None
1730815791.511683,652.9303461495307,644.0986817324645,None
1730815791.611685,648.1273936399724,657.6193294805556,None
1730815791.711685,656.629106305475,670.5050634165738,None
1730815791.811692,664.8585912100772,685.216243450638,None
1730815791.911683,678.7144827155164,692.377178334761,None
1730815792.011686,687.3876488238549,690.9362648142355,None
1730815792.11168,699.547311612001,687.9401029433247,None
1730815792.211684,693.4069364180527,673.278285496454,None
1730815792.311688,710.4566693295359,663.2358138397929,None
1730815792.411683,727.9016544671817,648.4244276578232,None
1730815792.511688,751.9906614007233,638.9324922039077,None
1730815792.611685,713.7863957816459,714.0334379696917,None
1730815792.711686,746.7729431786873,724.9854242499115,None
1730815792.811683,789.9639140431448,730.0271015450256,None
1730815792.911683,637.1270828338602,602.4401485504611,None
1730815793.011689,626.8371029273277,606.905907506919,None
1730815793.111731,601.0250164135248,610.5970817380769,None
1730815793.211684,625.0285728591314,625.9095852789017,None
1730815793.311686,594.3453620111947,644.2306331678226,None
1730815793.411687,613.9808811686597,653.2532920507207,None
1730815793.51169,617.8088187235777,652.6114781417912,None
1730815793.611681,600.5967766433488,652.7052732840795,None
1730815793.711682,607.6812173792662,648.2658466626164,None
1730815793.811688,595.2265677366997,641.3050926847618,None
1730815793.911725,600.9720302748791,656.9598980663795,None
1730815794.011687,663.9763323663384,966.74957992711,None
1730815794.111687,742.1821822653154,1097.6270397402975,None
1730815794.211685,781.6290130145488,1101.1709430429971,None
1730815794.311687,813.0914868339596,1125.1819287470023,None
1730815794.411689,720.9547826997483,931.924501182978,None
1730815794.511687,689.1450551212753,565.0132450502376,None
1730815794.611684,681.098956290321,377.5001553547301,None
1730815794.711691,686.4168651513189,519.7687015116361,None
1730815794.811689,689.9487444481545,572.7374972626664,None
1730815794.911685,678.7517934349659,586.8066131537123,None
1730815795.011683,623.713981202111,636.7139111276423,None
1730815795.111704,656.6587886179112,664.1352739619549,None
1730815795.211691,651.4443918338179,686.2097500992872,None
1730815795.311684,634.4344830037286,690.9331258552619,None
1730815795.411685,620.5693441845108,678.5033035378075,None
1730815795.511688,617.0058409356847,668.1644316010543,None
1730815795.611689,603.5833285762715,633.3189554012802,None
1730815795.711686,611.144107406454,639.2318724386214,None
1730815795.811692,591.7310896951678,629.6614945162153,None
1730815795.91169,610.9149228663994,642.5077324525853,None
1730815796.011689,608.3791315596342,633.7956304295899,None
1730815796.111686,685.0260056979145,649.4158659333124,None
1730815796.211684,727.0043315482144,651.4052474176063,None
1730815796.311686,708.6795676918318,649.7607350238195,None
1730815796.411687,719.6519229668803,659.4768981893983,None
1730815796.511685,746.9488985241113,652.528848125958,None
1730815796.611686,771.3319352261794,663.6730490773505,None
1730815796.711689,660.3496990066449,671.5976637502856,None
1730815796.811685,677.681717304959,671.5130423147509,None
1730815796.911685,628.0619439131201,659.6526812655828,None
1730815797.011691,608.3032108326091,657.1710126432441,None
1730815797.111685,548.0691228878945,651.7274620492253,None
1730815797.211684,572.8575675770286,660.5381625768462,None
1730815797.311684,590.439954774441,653.6947676392326,None
1730815797.411689,595.2616193989095,666.2312492757585,None
1730815797.511684,588.5255501057055,668.7490649204749,None
1730815797.611685,614.8846396640677,666.1124529578601,None
1730815797.711685,682.6859245317339,668.7869711733769,None
1730815797.811687,651.5026771415043,667.414298452224,None
1730815797.911689,639.6270456292314,654.6927622100937,None
1730815798.011682,641.5054648409637,645.0143885299834,None
1730815798.111685,694.8637644152036,648.3884880961759,None
1730815798.211691,718.7734511546886,662.5298642628617,None
1730815798.311683,635.8191618192927,676.1617550085214,None
1730815798.411684,602.0730069588699,679.1120676661282,None
1730815798.511685,578.6247133137025,717.9019628789126,None
1730815798.611685,585.6164231688142,732.4833025308008,None
1730815798.711687,603.6833238126808,721.1229512929805,None
1730815798.811685,564.5326893381744,622.4049076151058,None
1730815798.911685,578.7445479725825,618.756112759492,None
1730815799.011687,571.5271342864144,384.4072568250135,None
1730815799.111683,590.1872135247878,475.4586452640861,None
1730815799.21169,598.0118793971421,536.7969568170072,None
1730815799.311681,621.9224402262208,796.252069940098,None
1730815799.411689,618.7310868722559,739.1335777030446,None
1730815799.511693,613.7337777535129,689.9010611496243,None
1730815799.611691,612.970546739205,681.5621280735479,None
1730815799.711692,612.6866573139364,689.0635890976425,None
1730815799.811691,629.9344343919106,671.4926251238894,None
1730815799.911687,645.7420772678114,681.6575034318232,None
1730815800.011685,636.879498018886,677.0223944481091,None
1730815800.11169,628.8350608666968,678.3599549856001,None
1730815800.21168,619.1157256692512,664.8958964888151,None
1730815800.31168,620.7244883308824,663.8478309743398,None
1730815800.411684,623.9597739409768,668.7732071327922,None
1730815800.511682,615.493350011852,676.334560555626,None
1730815800.611689,585.1397244648575,700.2981545164112,None
1730815800.711701,601.3087022939168,705.3078214682606,None
1730815800.811686,600.5858262029755,703.1971082344489,None
1730815800.911687,598.1627436714152,690.3817431302028,None
1730815801.011688,674.6519543763017,664.8195465833861,None
1730815801.111688,678.0167050206104,661.2740442863281,None
1730815801.21169,688.0424122944596,669.60976985071,None
1730815801.311691,679.7324851518079,666.5140792125368,None
1730815801.411688,682.0446698354843,676.2007115384263,None
1730815801.511684,594.7010800563398,754.2781310438219,None
1730815801.611681,616.4732662257111,745.361295843969,None
1730815801.711684,631.3516066090858,750.593951307417,None
1730815801.811684,693.4913279327681,629.54733459928,None
1730815801.911688,663.5982637883941,634.0616964492045,None
1730815802.011683,657.1373950351812,636.7354921862368,None
1730815802.111686,624.9309700632914,652.9014463989714,None
1730815802.211692,623.5943543755084,672.216678162753,None
1730815802.311687,563.7926600260658,683.9266134210351,None
1730815802.411693,582.9115466517637,687.7895567130918,None
1730815802.511682,586.3938397670719,688.2878892233354,None
1730815802.611687,607.6451492218268,678.2251096576166,None
1730815802.711689,724.3717729328498,674.3914263957417,None
1730815802.811684,719.6086808431612,672.8903209420336,None
1730815802.911686,744.2242286175822,679.304254030506,None
1730815803.011684,698.7790114546585,686.2767808638519,None
1730815803.111683,706.2487715528492,685.3978475120848,None
1730815803.211685,669.3174799133502,686.9497262401022,None
1730815803.311684,702.870477220511,684.2210136170434,None
1730815803.411685,701.9179738338775,658.2136423483528,None
1730815803.511686,733.4474953365716,646.2691326276099,None
1730815803.611686,731.3038739039027,653.1630655229164,None
1730815803.711688,763.4772506214036,659.8699273515753,None
1730815803.811694,808.8220392332441,680.0376199665169,None
1730815803.911686,614.9695514095283,616.9594999389669,None
1730815804.01168,603.8110628415444,640.9287161413158,None
1730815804.111684,624.0944735436497,644.262555075744,None
1730815804.211685,653.0264385629906,650.240450029145,None
1730815804.311682,652.2719386025638,688.6058975225901,None
1730815804.411682,663.0074041667401,692.2263700540816,None
1730815804.511688,640.432082086027,630.3711304842369,None
1730815804.611691,654.0991564612754,636.0084437106034,None
1730815804.711685,663.0719758441383,637.3196811269822,None
1730815804.811682,746.8363885162847,717.5908303031733,None
1730815804.91169,750.0955213573839,711.3853880850166,None
1730815805.011685,743.8264683613484,703.96667977216,None
1730815805.111689,777.511335819499,663.1802780746569,None
1730815805.211688,783.6079481051303,659.7158855446582,None
1730815805.311686,774.6150237476221,669.464034768101,None
1730815805.411685,765.3372119262402,672.9462179908643,None
1730815805.511683,691.9996848661566,719.2490150449154,None
1730815805.611684,647.6837670237962,730.9049728792545,None
1730815805.711689,633.0403203118183,732.0402069352158,None
1730815805.811687,643.3416230425382,725.079801180629,None
1730815805.911682,714.2003422722657,646.2282597967552,None
1730815806.011688,713.4245308382915,634.9085434589224,None
1730815806.11169,737.4667191960142,645.013418600201,None
1730815806.211685,720.4556361383029,668.389608591061,None
1730815806.311688,627.6957143705748,676.4563271003565,None
1730815806.41169,630.6499318106229,661.6402593005993,None
1730815806.511685,668.2449662149157,668.57718377143,None
1730815806.611689,616.8379313936517,659.6967848833054,None
1730815806.711683,628.0841887220654,654.4670961683705,None
1730815806.811691,595.4706301298718,630.9149206695574,None
1730815806.911691,618.3600772496218,649.8753781839825,None
1730815807.01169,616.4975888192405,541.477202443406,None
1730815807.111687,623.9718939565302,573.3674786273158,None
1730815807.211686,619.57569876666,614.890605857765,None
1730815807.311682,658.181402184862,782.9290610565791,None
1730815807.411689,660.7194971745033,758.9217101762529,None
1730815807.511686,670.0032633281655,739.2609891638491,None
1730815807.611681,665.807622953901,736.3670720015133,None
1730815807.711686,672.6184714784843,746.5360963762654,None
1730815807.811683,684.9747592544853,713.7587992530961,None
1730815807.911684,689.2464045744135,658.6241647651177,None
1730815808.011689,682.515182327315,665.6281918386732,None
1730815808.111687,631.7293153739929,660.2068283484499,None
1730815808.211688,633.480515990037,664.576863070819,None
1730815808.311686,742.7511612987681,857.5891144814642,None
1730815808.411691,750.3661552016565,838.6976719420471,None
1730815808.51169,680.4295008386031,554.1280348203254,None
1730815808.611684,662.9993673657053,601.0059071941007,None
1730815808.711693,656.6132120903303,623.0851622503097,None
1730815808.811692,642.10363217756,665.4198722828249,None
1730815808.911687,609.2526162334916,711.4360950280634,None
1730815809.011683,612.3710606082982,709.3660573997145,None
1730815809.111684,611.2575821409717,702.3432939662448,None
1730815809.211686,628.2998476474456,626.6523651182315,None
1730815809.311692,620.3555067926252,634.610758196184,None
1730815809.411685,598.4221442375303,452.7807218238353,None
1730815809.51169,609.5782615467479,488.1407308913595,None
1730815809.611691,608.0884756981603,488.6938838272466,None
1730815809.711683,673.9863092167537,744.4693732086994,None
1730815809.811689,653.6882126894329,705.2592709129198,None
1730815809.91169,644.6748599302215,682.576333850867,None
1730815810.011718,557.6921451392502,679.2041729348534,None
1730815810.111685,564.3440683520392,686.8233375922688,None
1730815810.211688,622.1374403609002,671.6358133282171,None
1730815810.311682,627.2916391302568,680.8925982812355,None
1730815810.411688,635.7000734251684,701.4500108381379,None
1730815810.511728,631.3676676089715,687.7093854112678,None
1730815810.611687,636.7925117562669,688.9270956605382,None
1730815810.711686,638.5427048066181,547.9351454259777,None
1730815810.811686,661.142764099807,562.5775205201089,None
1730815810.911684,712.1001880996541,663.2689967735918,None
1730815811.011684,733.6269600584895,683.2571139419343,None
1730815811.11169,731.1960410778004,665.6546788492697,None
1730815811.211692,708.9264278858946,668.2607077989653,None
1730815811.311692,681.1469305815606,673.7798836762865,None
1730815811.411686,675.3030176911051,672.210362618405,None
1730815811.511682,677.9156176798904,661.2154045461499,None
1730815811.611688,823.1133407548657,663.6603602862865,None
1730815811.711686,1079.5352593996208,670.9974317407222,None
1730815811.811684,997.9263642437904,664.3429029671115,None
1730815811.91169,989.8460443831818,661.1179703655297,None
1730815812.011684,1000.5896738129652,665.608721235243,None
1730815812.111689,1033.0204552760572,649.7587719175244,None
1730815812.211685,1039.4963871021776,654.3590369126645,None
1730815812.31169,1134.188897875374,674.8285440151581,None
1730815812.411689,1091.0765089518486,670.0620556668151,None
1730815812.511689,1079.7252541528028,667.6145824039012,None
1730815812.611688,694.5579252256746,686.4562833625112,None
1730815812.711688,598.769071388035,698.703226670729,None
1730815812.811681,646.8015586938011,689.9975629538068,None
1730815812.911683,701.6963588464405,686.1524477763221,None
1730815813.011691,620.9907813516727,682.3812083980387,None
1730815813.111689,662.8389922604814,683.1091650389986,None
1730815813.21168,646.8432910801566,668.7402121911459,None
1730815813.311679,655.8313813341847,672.5333378183341,None
1730815813.411687,675.1214008727187,698.6794471196087,None
1730815813.51169,700.2943003985653,708.2884595434731,None
1730815813.61169,698.3492240060391,698.5868709170987,None
1730815813.71169,702.6031550643445,687.8513858464071,None
1730815813.811683,703.0776025814283,681.1345922246069,None
1730815813.911685,687.5467798811512,669.5685197090954,None
1730815814.011689,679.6760453871447,661.2422804349567,None
1730815814.111684,680.8842786977195,657.6426242875544,None
1730815814.211686,669.993522337353,659.248054524488,None
1730815814.311687,665.6730325340412,670.311826732266,None
1730815814.411692,755.9750307314007,681.72360795802,None
1730815814.511681,692.165270505789,650.6305712965021,None
1730815814.611686,664.9359185254834,640.0633189550517,None
1730815814.711688,655.7055138750766,632.5779817675201,None
1730815814.811692,637.7911829825125,632.7140274496325,None
1730815814.911687,650.0061121318652,654.2304241334482,None
1730815815.011688,680.3768990171409,702.623276471974,None
1730815815.111684,694.783378063213,705.3084718778227,None
1730815815.211688,596.4165758312463,647.2999316054285,None
1730815815.311686,600.3108152036106,652.6575629305169,None
1730815815.411686,609.5272643671067,647.6103743268317,None
1730815815.511691,628.8182018019744,652.7086001340282,None
1730815815.61169,634.6510084068791,470.1183014731006,None
1730815815.711687,652.5902208645316,508.0823377999036,None
1730815815.811682,667.2806084351088,490.1678517777575,None
1730815815.911687,700.7951527867688,522.5357126098406,None
1730815816.011686,712.0351417515543,654.8962750098359,None
1730815816.111681,810.4806247429595,756.1821780308039,None
1730815816.211684,774.9418345340245,701.2965587485444,None
1730815816.311681,837.8040113475337,711.9263285655993,None
1730815816.411684,842.3583610433562,690.7832729571992,None
1730815816.511692,858.6199760231036,682.9775848131803,None
1730815816.611682,862.2834095438268,653.8115164406038,None
1730815816.711684,877.1720754991079,651.2938920593189,None
1730815816.811683,899.4714341084518,649.2163314534822,None
1730815816.911691,873.6817355688946,658.9841041641297,None
1730815817.011688,903.9185947940026,665.0185300385529,None
1730815817.111684,847.2021373928244,668.9503190968409,None
1730815817.211692,865.9668289767208,667.262447845151,None
1730815817.311688,892.0047950023278,670.8104550309865,None
1730815817.411683,850.4768734838354,733.771254671606,None
1730815817.511683,854.3631905617087,682.3352725846777,None
1730815817.611688,843.6167475224248,601.6229238290646,None
1730815817.711685,869.0227391651403,610.6037296245888,None
1730815817.81169,878.2120758302557,587.8741670261423,None
1730815817.911687,887.794342954169,595.6554948880678,None
1730815818.011687,892.660345524238,608.5781589970632,None
1730815818.111685,893.467715734016,637.1655654748532,None
1730815818.211685,919.490350084646,643.0660635556825,None
1730815818.311689,931.7100048518628,626.6961419623159,None
1730815818.411689,935.0344980506808,623.8539487501182,None
1730815818.51169,915.1745660963984,634.8986380795034,None
1730815818.611685,928.1580030871288,648.0299734575417,None
1730815818.711686,985.8114402828678,665.3743551133716,None
1730815818.811687,975.9909871171786,658.1709637047982,None
1730815818.911683,975.7181227167758,648.5444650767371,None
1730815819.011684,967.9646528801547,604.2190470937072,None
1730815819.111684,984.5673236957808,606.4102372905193,None
1730815819.211685,681.7531573996932,659.8923150722086,None
1730815819.311688,561.7639581303496,721.1530405526682,None
1730815819.411685,605.6268868287448,692.2820490560714,None
1730815819.511684,675.0999475853783,672.7501548179222,None
1730815819.611683,718.164935009923,659.4921469174917,None
1730815819.711681,803.7437896569014,726.5377362259012,None
1730815819.811686,808.0422030260908,739.1491647491204,None
1730815819.911686,818.0193468162695,741.7941891474599,None
1730815820.01168,794.7963775557973,451.36909755426575,None
1730815820.111682,765.8226197931403,417.4243558997413,None
1730815820.211684,759.7846985336305,489.9772359122767,None
1730815820.311686,784.8146060281808,571.9735487799218,None
1730815820.411682,795.2475957639663,551.8537834786508,None
1730815820.511682,774.9940540060911,694.8858290802885,None
1730815820.611687,753.0571645222719,690.5192540522299,None
1730815820.711683,754.9193083743081,652.1162310519995,None
1730815820.811682,735.8282096842007,645.0504205202741,None
1730815820.911691,782.0351896623514,410.24446591846527,None
1730815821.011687,738.955305566584,428.2880951982989,None
1730815821.11169,713.8772710551144,428.1505120878428,None
1730815821.211694,722.6353910582998,477.163887782046,None
1730815821.311691,749.8870316153553,518.3678864492756,None
1730815821.411686,723.6766650118011,545.7628224104067,None
1730815821.511686,695.5402839584857,665.2377740295227,None
1730815821.611683,705.0506418662442,661.3546882468065,None
1730815821.711691,693.6363006852375,644.3451710940038,None
1730815821.811692,696.3473951660513,629.8633534207224,None
1730815821.91168,692.9843646106907,588.8658939261745,None
1730815822.011683,693.8815104754653,593.4318789428884,None
1730815822.11169,707.9620010088026,596.7886865772437,None
1730815822.211691,714.9280352182152,602.9527096379638,None
1730815822.311692,721.6978031238475,604.4315831884355,None
1730815822.411692,724.0854239398221,604.2662570196062,None
1730815822.511693,711.172402045351,607.4332019158741,None
1730815822.611681,691.0041323820358,604.8809125851591,None
1730815822.711681,665.4508522850967,600.4736570981217,None
1730815822.811682,655.1687045862686,590.9067937741239,None
1730815822.911686,634.9682130071163,584.2677548683787,None
1730815823.011691,641.8283262704881,707.0029966163135,None
1730815823.111685,655.5949882058313,756.6089384256761,None
1730815823.211677,663.1844689797164,755.0568072045916,None
1730815823.311691,662.6903542451151,755.9850494543368,None
1730815823.411687,667.9234031790676,758.0136343849586,None
1730815823.511692,665.7817150002174,750.936143225841,None
1730815823.611691,671.788816440408,751.0439439912243,None
1730815823.711689,676.6498063780184,780.1768671693839,None
1730815823.811686,689.4352659894212,784.5691533609616,None
1730815823.911687,694.3553109619227,787.1051010138923,None
1730815824.011693,679.8025060546798,783.8284271987898,None
1730815824.111697,678.0538898557177,783.2834958612445,None
1730815824.211686,709.9934015090407,442.4910381800884,None
1730815824.311685,684.49724487023,450.5465741006377,None
1730815824.411682,648.351286024983,457.9271775477597,None
1730815824.511683,586.5606749175271,445.5337183160935,None
1730815824.611683,634.7644675879383,637.031512337579,None
1730815824.71169,638.8827353583164,701.4082404434694,None
1730815824.811691,624.6111373165767,687.4656951791313,None
1730815824.911686,638.0812971630842,685.1816718823237,None
1730815825.011683,658.845311497757,673.6263246828339,None
1730815825.111725,668.5842218463008,659.8995970939106,None
1730815825.211683,674.109664089787,646.4677056605958,None
1730815825.31169,690.3722599215723,636.5957139504089,None
1730815825.411693,706.4927055076023,633.7987480070325,None
1730815825.511683,722.3654913549796,639.372753494047,None
1730815825.611688,699.415237633343,709.4967742799649,None
1730815825.711681,605.8786269778111,780.725979826546,None
1730815825.811687,628.9414768753213,775.8553285485979,None
1730815825.911691,642.2050698397546,767.9745839972906,None
1730815826.011689,656.2648707309345,767.3754812271213,None
1730815826.111692,818.6565369530196,642.0725320911446,None
1730815826.211686,921.378824050214,548.0009092881013,None
1730815826.311684,929.8466355334376,616.5787274496097,None
1730815826.411687,986.43841584213,602.7566050340423,None
1730815826.511684,971.0407032826312,619.7368644145326,None
1730815826.611686,959.1991458544128,636.4070124332837,None
1730815826.711686,952.9621668773868,647.7807508497573,None
1730815826.811686,972.4063626527673,631.450204099455,None
1730815826.911683,966.9307359720178,636.7837173575205,None
1730815827.011688,968.306678552024,632.0835222652763,None
1730815827.111687,978.4665200315648,621.189480395279,None
1730815827.211682,772.6020431900736,697.2767134710491,None
1730815827.311693,680.3747776942115,692.1786235978607,None
1730815827.411692,661.8173634953092,689.4389329973561,None
1730815827.511685,667.5642420035501,680.9978938427971,None
1730815827.611683,686.7764143454166,681.8846793203677,None
1730815827.711683,706.3574534102402,689.7522329677954,None
1730815827.811693,1000.1169419860958,549.1204006947817,None
1730815827.911689,1031.130344003068,465.5310912908037,None
1730815828.011689,1003.1311566509492,480.7109284317772,None
1730815828.111687,1005.232605805114,542.5662854455559,None
1730815828.211695,1032.9214793270346,543.8072993688797,None
1730815828.311681,1053.6213703585286,532.4440277701988,None
1730815828.411682,922.6655982971024,580.3448718072505,None
1730815828.511692,656.9964614990115,696.6032403295436,None
1730815828.611691,702.4121149401025,680.7821936101747,None
1730815828.711688,616.7426304808075,739.8080217517193,None
1730815828.811685,593.3307754534887,696.9201368165968,None
1730815828.91169,583.9543248546177,723.3918722284748,None
1730815829.011689,606.3430640499516,719.1506723601732,None
1730815829.111689,603.6655083619303,697.0039513692639,None
1730815829.21169,573.0882957453191,690.0643650026346,None
1730815829.31168,576.6346298546955,680.2499190577297,None
1730815829.411686,582.9590204253614,649.9870998598569,None
1730815829.511691,656.9099285392205,942.066778112216,None
1730815829.611691,715.4802690309863,944.1610762523612,None
1730815829.711688,694.2524689901944,856.042536230407,None
1730815829.811689,673.8040771178414,832.5273113351479,None
1730815829.911687,671.5575425886658,833.212394892618,None
1730815830.011692,678.9121167317874,853.4012419155416,None
1730815830.111685,682.4962285402662,907.3789440831677,None
1730815830.211688,670.345339372278,649.9594108608826,None
1730815830.311686,718.8391561991914,562.3017240352399,None
1730815830.41169,729.4764086507723,533.4750474073745,None
1730815830.511684,731.1428304766999,603.1005167125477,None
1730815830.611682,744.8149412902358,620.2086771276429,None
1730815830.711689,755.7378477032903,642.1536703470274,None
1730815830.811688,759.5474701585255,685.0143320840949,None
1730815830.91169,750.712412363675,704.7372305628116,None
1730815831.011684,639.0657202686366,663.9157710823788,None
1730815831.111691,647.5159580557113,661.373372514664,None
1730815831.211686,812.3948301614608,730.7147118583036,None
1730815831.311683,806.5449975318237,714.7768712396111,None
1730815831.411686,814.135297650119,692.3896892316536,None
1730815831.511686,839.4054547878891,683.6311534249807,None
1730815831.611692,866.055687652325,714.1160172736705,None
1730815831.71169,913.8100945467278,714.7227845838293,None
1730815831.811681,968.0965962014876,722.2484683510049,None
1730815831.911689,654.7036578148699,656.7204154673983,None
1730815832.011686,648.0286559313587,656.7357884267728,None
1730815832.111686,680.510130423302,653.8086162558574,None
1730815832.211684,687.2361920924274,640.7191943395455,None
1730815832.311685,672.332805180791,629.9090226712598,None
1730815832.411684,703.7776764803604,630.8333461993525,None
1730815832.511686,719.4408128178852,634.9205865506293,None
1730815832.611691,695.4896479208332,638.982801858527,None
1730815832.711689,725.114935034499,652.024634512164,None
1730815832.811691,730.2488614822581,650.6150290833737,None
1730815832.911691,751.853753376995,609.7846421946088,None
1730815833.011691,762.997455519191,615.4138706268299,None
1730815833.111688,759.2999317813914,645.8067034797741,None
1730815833.21169,670.9377788310504,694.630727754026,None
1730815833.311682,685.4104691299332,709.6350891844983,None
1730815833.411686,678.9301896877269,723.21234705176,None
1730815833.511695,691.8409339238779,727.3816467926488,None
1730815833.611689,634.7367235068696,723.7179644112791,None
1730815833.711683,646.2733063524715,719.3595884357825,None
1730815833.811684,597.9069264385843,681.7180762841742,None
1730815833.91169,615.5322505962141,674.5294016203894,None
1730815834.011683,620.48430474961,507.5168431116972,None
1730815834.111688,622.455993447993,534.6613977981388,None
1730815834.211688,614.525977297799,546.8787963422227,None
1730815834.311683,585.2608430168552,588.8506122355998,None
1730815834.411681,606.9868983229189,622.8705251826884,None
1730815834.511689,751.3919266262219,699.5572911484929,None
1730815834.611686,743.7155919693738,679.7385604807228,None
1730815834.711685,762.1286988317156,672.2116606657506,None
1730815834.811684,736.1193870122572,653.3301527614701,None
1730815834.911681,758.0438956427362,665.6073775984529,None
1730815835.011688,781.3803246120763,668.1086155037873,None
1730815835.111686,749.3317248924619,673.4283404008684,None
1730815835.211681,776.5890715708075,682.7619841637837,None
1730815835.311687,754.6113223598533,691.1805741788909,None
1730815835.411691,787.2727265381569,693.7841447375038,None
1730815835.511682,717.4578328431696,679.2187334598823,None
1730815835.611681,734.1385928210555,677.0141892477693,None
1730815835.711689,657.687864404389,669.7130729360134,None
1730815835.811688,686.4696979276004,671.1404292825276,None
1730815835.91169,650.8877827897919,674.6909347892382,None
1730815836.01169,682.555242171466,679.4737457669443,None
1730815836.111687,688.6977782710201,478.3183083661785,None
1730815836.211687,702.9675620146514,388.9291708371039,None
1730815836.311681,656.2409440494755,388.5531474202448,None
1730815836.411683,636.2006174703964,414.09510104180185,None
1730815836.511689,637.5460305402122,403.6643518285321,None
1730815836.611687,711.3333846504888,705.6156837902847,None
1730815836.711688,718.6712527878564,672.3795289071319,None
1730815836.811687,716.3497555121714,643.0289287964663,None
1730815836.911684,714.9115411885547,672.3660941931962,None
1730815837.011687,730.0083025506533,678.0153385864322,None
1730815837.111685,663.3756812535692,675.3199414667872,None
1730815837.211686,670.782998855196,676.5929491894502,None
1730815837.31169,681.2961283925473,668.9691430833211,None
1730815837.41169,655.5351456444681,680.0722562426009,None
1730815837.51169,666.6509639922747,670.8411333751427,None
1730815837.611685,680.7571754223626,675.5178825902049,None
1730815837.711689,713.3452643370482,662.2825007383353,None
1730815837.811684,749.0021173792452,666.6738516753372,None
1730815837.911684,673.2148098178741,676.5488749230888,None
1730815838.011688,687.3620595706174,685.4010070578083,None
1730815838.111684,693.2682051079092,683.2244694460512,None
1730815838.211684,623.870401355581,687.5279222582587,None
1730815838.311685,640.7821917911526,684.9452264654908,None
1730815838.411688,635.6183752764802,673.906409920131,None
1730815838.511688,610.6781364364091,669.0077332829703,None
1730815838.611685,616.4382948791645,661.8644443897474,None
1730815838.711689,621.6985328141889,667.0613788826404,None
1730815838.81169,596.801582319506,663.7996705772074,None
1730815838.911685,609.2337334695442,655.1135698051835,None
1730815839.011684,600.5145320869153,658.205846738724,None
1730815839.111682,598.2377716950837,651.016838696307,None
1730815839.211687,601.0663968797953,653.0921536995284,None
1730815839.311689,683.6527759301455,639.0089998113588,None
1730815839.411682,699.8239741876295,642.2642551630726,None
1730815839.511717,652.6088546140792,675.9866517788063,None
1730815839.611684,650.178262794378,698.5245711549053,None
1730815839.711684,673.4300952258229,713.447837973608,None
1730815839.811685,646.2857525986735,695.3107130475856,None
1730815839.911681,661.6443390944355,678.9410363919458,None
1730815840.01169,673.8202330498033,670.1472196039697,None
1730815840.111688,664.4861181349833,641.016593901934,None
1730815840.211685,684.4157302604763,640.945859286727,None
1730815840.311687,655.9729420843471,655.5939914160967,None
1730815840.411683,656.6243945513716,651.4704074734326,None
1730815840.511683,631.4637854984917,668.2240722859048,None
1730815840.611685,645.8936273384386,671.5024866468686,None
1730815840.711684,667.7475095786053,667.5664794354047,None
1730815840.811682,687.633894743942,656.739708251475,None
1730815840.911684,706.6850163041015,657.5286990363346,None
1730815841.011689,745.649869998279,663.4274282255849,None
1730815841.111679,778.7418966310199,677.7151357548422,None
1730815841.211683,820.7304914579667,670.9706415976815,None
1730815841.311683,895.3424165783733,657.9527247163942,None
1730815841.411684,927.1379436592932,650.4482012605786,None
1730815841.511691,754.2781130608784,621.608578271209,None
1730815841.611691,663.4617358053667,642.1990123039636,None
1730815841.711688,666.9917106443962,651.3693756761334,None
1730815841.811682,627.2352835392172,639.896486259992,None
1730815841.911682,645.6780243995842,662.9556447827664,None
1730815842.01169,648.0066905927504,687.6532797286281,None
1730815842.111685,602.4445877958607,681.4897664064239,None
1730815842.211681,621.7002157174436,681.4568350862397,None
1730815842.311694,558.4774587973122,658.1352974809345,None
1730815842.411687,579.1930718380149,659.7524518699178,None
1730815842.511683,570.0450669318848,606.5872522086976,None
1730815842.611685,576.9815199644968,607.42336628772,None
1730815842.711684,578.4650538897602,611.1472593062721,None
1730815842.81169,580.6683480417653,626.2972233626253,None
1730815842.911691,572.3505446660238,598.9809509581472,None
1730815843.011685,581.1524429476301,613.8648572872705,None
1730815843.111686,591.0514667187389,625.0678783572048,None
1730815843.211686,656.4354054462433,605.205054461153,None
1730815843.311686,653.8666783540182,602.8415242078352,None
1730815843.411689,651.6073787049027,633.1292632731557,None
1730815843.511693,633.6990826449075,652.408803338691,None
1730815843.611679,628.7013565535474,795.0369869763971,None
1730815843.711688,636.2167780266188,817.6336665009675,None
1730815843.811687,643.277494622891,849.3220768452234,None
1730815843.911688,636.7905505629775,785.5250045275703,None
1730815844.011682,726.3193874254962,489.58775021943154,None
1730815844.111686,755.1129762750796,534.9786108841286,None
1730815844.211683,762.6265581173269,518.88105510028,None
1730815844.311684,601.6836540102867,864.0768853844166,None
1730815844.411691,599.3134698246295,771.1562492380755,None
1730815844.511689,624.6286135657688,735.6870087239657,None
1730815844.61169,621.0359553248653,744.7910962211186,None
1730815844.711687,620.0388150020417,779.3150989342905,None
1730815844.811688,623.3176945121058,846.259980113845,None
1730815844.911688,600.7713721834642,849.0086297466613,None
1730815845.011688,589.7984570087325,860.1660078967664,None
1730815845.111689,588.4306111416054,867.870968537849,None
1730815845.211729,567.91620489069,869.360147169188,None
1730815845.311693,658.2661037644385,508.192835351306,None
1730815845.411689,816.2614036264888,326.93312236510303,None
1730815845.511681,814.230200628287,348.44938603155214,None
1730815845.611686,815.2455258218622,366.4027655807433,None
1730815845.711684,713.2272178119218,557.3951867177443,None
1730815845.811687,594.6789663834459,882.4975494008816,None
1730815845.91169,636.7903275731453,772.0463915701232,None
1730815846.011694,659.0973085132189,729.722588590115,None
1730815846.111687,664.3156085246737,725.6649939273174,None
1730815846.21169,706.6922751492355,760.9626781824743,None
1730815846.31169,704.7889755577428,751.680698646441,None
1730815846.411689,697.7665223029824,783.3339591825566,None
1730815846.511685,663.1705447361306,804.7965482806121,None
1730815846.611686,649.3671035205746,827.1789925595411,None
1730815846.711683,713.6894053471104,551.2836630647747,None
1730815846.811691,777.9749902464517,430.8516326582546,None
1730815846.911687,772.669185814284,421.3091779187265,None
1730815847.011692,833.877095600438,268.23042269976924,None
1730815847.111684,870.0196617692234,357.27406835128954,None
1730815847.211688,856.1869918274557,215.7293631595346,None
1730815847.311687,863.1948976104326,465.2671506006175,None
1730815847.411687,729.5520940312575,554.4926642910008,None
1730815847.511688,668.9118087065973,807.2828775207203,None
1730815847.611684,620.3829900344808,947.538601111587,None
1730815847.711683,657.9958478845899,794.8121241554252,None
1730815847.811729,624.23767221766,732.0171468507647,None
1730815847.911688,639.4762570091414,705.8582477180096,None
1730815848.01168,758.3257238956028,685.9834402147192,None
1730815848.111686,837.0357680641995,658.749730629555,None
1730815848.211687,859.5904408591599,663.533361949413,None
1730815848.311687,662.8488450575743,674.7404062222162,None
1730815848.41169,642.8179912652714,649.6873258106156,None
1730815848.511685,618.896576059137,655.4333529028507,None
1730815848.611688,698.924008724181,612.6083995625486,None
1730815848.711688,710.613793910362,606.4912756246569,None
1730815848.811682,717.6109209794174,617.6757678847766,None
1730815848.911684,712.5764026922009,615.1223181908358,None
1730815849.011691,701.6382165334866,623.0859601099146,None
1730815849.111689,666.8113369095915,675.2517188275409,None
1730815849.211686,684.4552575102189,662.2161965219949,None
1730815849.311687,704.5224348213072,653.1681628728885,None
1730815849.411687,717.7991661688026,657.7236196981423,None
1730815849.511679,649.6472745546547,687.1814096784425,None
1730815849.611685,652.2679095355252,679.3665534563365,None
1730815849.711685,620.9929429294755,684.9291315718199,None
1730815849.811692,634.8109825216327,667.6051155660062,None
1730815849.911689,623.0063231940353,615.7402656327537,None
1730815850.01169,615.9919453809473,622.0601246173402,None
1730815850.111689,604.7256526524753,621.7150587270071,None
1730815850.211688,617.7549776990784,613.2659155550301,None
1730815850.311688,622.2919869267691,587.6479932813544,None
1730815850.411683,614.9799778916755,570.980674857089,None
1730815850.511729,644.4005182949942,762.5327541385302,None
1730815850.611684,637.9831331163534,692.504882802229,None
1730815850.711688,645.9945706015213,809.9040321692544,None
1730815850.811685,649.065270490486,747.1474798333305,None
1730815850.911689,707.0157499103585,922.9160886985892,None
1730815851.011681,721.5302257582383,858.3344314612997,None
1730815851.111679,727.3096748278264,824.9800641590091,None
1730815851.211692,782.9622690027021,890.6058511563019,None
1730815851.311688,784.2110882781311,885.0439603558511,None
1730815851.411687,682.3617755116902,728.3573234651949,None
1730815851.511691,683.1501014619216,771.389478216015,None
1730815851.611685,645.3058023490855,434.2486438590168,None
1730815851.711688,663.2666921323275,435.08948238604427,None
1730815851.811681,669.4972073855189,582.8793196442429,None
1730815851.911691,702.1692453064896,616.238716812584,None
1730815852.011686,699.9906867972284,654.6534529403033,None
1730815852.111684,673.3519639843281,688.6819416306399,None
1730815852.211691,672.6548393922651,698.8623131395503,None
1730815852.311687,674.4858915235715,714.6867910512349,None
1730815852.411688,701.7891676004289,712.2874202146721,None
1730815852.511687,706.0599284716544,693.3850343122015,None
1730815852.611689,602.765049397239,647.8143947266924,None
1730815852.711684,539.4124995714843,610.7912281531977,None
1730815852.811689,572.9255778243551,631.1229843882942,None
1730815852.911687,578.4926892809068,636.6000880713792,None
1730815853.011683,576.9325135170279,649.1122237413053,None
1730815853.111685,587.4561868848148,649.6028736969167,None
1730815853.211685,659.5465602987084,668.4387099361691,None
1730815853.311686,642.295682133715,658.2590769304102,None
1730815853.411724,649.1491639517616,651.1704632392347,None
1730815853.511685,637.1834870172933,638.4082718589036,None
1730815853.611682,635.2706129778946,633.3518624667137,None
1730815853.711686,635.1782723920019,631.7154096611605,None
1730815853.811691,544.1001919030373,628.4773055080046,None
1730815853.91169,533.187652686014,631.0892713792471,None
1730815854.011689,525.8385767766641,654.2602570041154,None
1730815854.111683,519.5124094456282,675.6290881723287,None
1730815854.211687,514.6955453762209,693.7170258783284,None
1730815854.311687,526.8229622409292,690.5009495735976,None
1730815854.411693,533.3503612245338,673.1906101315021,None
1730815854.511683,518.1148550353403,655.8947010853933,None
1730815854.611687,522.2987027481498,653.7662160651744,None
1730815854.711688,522.624831854814,658.9326674185655,None
1730815854.811687,530.4698917593405,684.1553933048507,None
1730815854.91169,561.0427941778701,697.0304201401221,None
1730815855.011687,566.9536489122307,722.6507322119551,None
1730815855.111689,629.3247569432722,677.3645368082633,None
1730815855.211697,710.7747428877567,679.4004637986117,None
1730815855.311689,793.3101182301164,653.8725516016103,None
1730815855.41168,617.1112993102779,675.8359197532507,None
1730815855.511681,557.2838127118517,640.7852514996123,None
1730815855.611686,618.1762918086833,631.8109741031453,None
1730815855.711687,574.3030231832142,608.6232102386034,None
1730815855.811685,621.6847817324602,623.5425426183663,None
1730815855.911686,600.4073159208265,675.810357118859,None
1730815856.011682,559.3460500465344,672.6147694545733,None
1730815856.111688,579.1294036096365,677.6255959259238,None
1730815856.211685,551.8781352247647,669.875605303344,None
1730815856.311687,571.5000420696558,665.9118668006989,None
1730815856.411687,563.8941765975914,646.0541824518175,None
1730815856.51169,632.6791630572338,599.5249691773186,None
1730815856.611684,711.927287937115,639.143049379497,None
1730815856.711689,693.7827474711896,639.3837973202336,None
1730815856.811722,689.3445450262896,657.6373397607888,None
1730815856.911683,675.5242156651962,655.4373955173336,None
1730815857.011682,661.8352397269,654.0642029605971,None
1730815857.111683,634.6120598191925,660.4559131238007,None
1730815857.211683,639.2957685046382,650.6346779457022,None
1730815857.311695,641.346805042879,642.8408336803182,None
1730815857.411686,653.5881102242483,644.9983403472985,None
1730815857.511688,664.2612522606518,652.7336148229846,None
1730815857.611688,675.0387133193168,663.9014590181529,None
1730815857.711686,623.7317063907385,687.4232980011784,None
1730815857.811682,635.2505657628151,681.5247666927129,None
1730815857.911688,600.6438380568057,653.3158045508305,None
1730815858.011692,634.1665094924313,638.3009280682315,None
1730815858.111687,636.9667615426291,634.1117045172334,None
1730815858.211684,618.7678476004977,660.1032162830514,None
1730815858.311693,632.1095386922668,664.857986767438,None
1730815858.411689,645.5150873532986,671.7922443627713,None
1730815858.511688,571.7171123528732,685.8214640921315,None
1730815858.611685,594.8720257740939,683.7804138998872,None
1730815858.711686,558.2501355317564,663.4655013026613,None
1730815858.811686,573.941311596045,657.1197734516633,None
1730815858.911687,589.4937033313081,656.3042425556696,None
1730815859.011688,563.111172190001,662.8963002378935,None
1730815859.111681,583.8585908153304,678.4682786640936,None
1730815859.211688,621.610868630803,687.617640535502,None
1730815859.311689,620.7891462975961,676.9344909631894,None
1730815859.411687,607.972707498934,677.0739315649163,None
1730815859.511691,629.8106354511482,687.9754915058455,None
1730815859.611693,642.8742702000837,670.5164975140269,None
1730815859.71169,640.920212624311,663.8709827500301,None
1730815859.811694,644.4039881449833,677.6917852636918,None
1730815859.911691,654.2697649874623,683.1214388646739,None
1730815860.011692,667.0756879464251,674.4679254702758,None
1730815860.111684,643.8317776693766,667.4159117720056,None
1730815860.211684,630.6188107806693,664.2242180249123,None
1730815860.311686,629.1180700796473,655.8894412057776,None
1730815860.411688,633.7940389467456,666.3724650808168,None
1730815860.511685,633.1021734163504,689.7334179389925,None
1730815860.611686,646.5012719327963,691.4329960577913,None
1730815860.711689,649.7139380624317,680.8552005339501,None
1730815860.811692,669.6187425544517,665.2486865287149,None
1730815860.911692,674.9479857311053,664.4249795259589,None
1730815861.011689,637.508369180216,658.2655959417993,None
1730815861.11169,663.6531256636475,663.0690624057336,None
1730815861.21169,672.4109360952665,670.6564570278047,None
1730815861.311691,665.5337606292084,665.6089140343321,None
1730815861.411689,670.3943031075573,664.2616629923208,None
1730815861.511693,691.7632953076111,663.461582663818,None
1730815861.611686,666.9854085923944,675.0746202527694,None
1730815861.711685,678.3993707789222,676.5705426243704,None
1730815861.811684,696.4633505072546,683.4545021693896,None
1730815861.911685,609.1779154659462,667.8153734077781,None
1730815862.011686,635.7560696885037,675.061869576627,None
1730815862.111693,632.0650469376618,669.3066954332436,None
1730815862.211682,641.9617804517007,666.5540272421844,None
1730815862.311683,637.1022561603717,666.1643731333189,None
1730815862.411683,659.2576569082352,672.9202916627675,None
1730815862.511714,669.8247455331484,678.807977168008,None
1730815862.611686,672.1113072166853,687.2439879552287,None
1730815862.711688,694.1609648759036,682.9401489918208,None
1730815862.811688,701.0478264358524,682.581318656429,None
1730815862.911685,722.3433201359966,685.1207667074978,None
1730815863.011685,724.6328815366509,684.2032647111603,None
1730815863.111689,695.0669752078642,672.807114692899,None
1730815863.211693,702.4672803787817,669.6552685984918,None
1730815863.311687,712.3500102317246,671.7356176934486,None
1730815863.411684,746.4299011500184,670.2380272916918,None
1730815863.511685,788.8731758646852,673.8039861117313,None
1730815863.611686,597.494355920426,627.7004970681917,None
1730815863.711686,594.3501031002102,629.9827585485641,None
1730815863.811687,619.582083214971,632.2099389509026,None
1730815863.91169,622.4629626208786,638.125879134964,None
1730815864.011693,621.024766844152,592.5040171203126,None
1730815864.111681,622.9010027029095,589.6897722118622,None
1730815864.211689,623.2786145447577,582.1897389726086,None
1730815864.311684,747.6003971472188,639.2359986792308,None
1730815864.411685,725.6011017436847,668.2293640252823,None
1730815864.511688,726.8713334509315,669.0447632788234,None
1730815864.611686,696.7658734360851,664.8402074402576,None
1730815864.71169,689.0627155220803,659.1061318472915,None
1730815864.811688,692.6869147641523,665.2856532373197,None
1730815864.911704,688.7884595638077,672.6385782509254,None
1730815865.011686,709.1912192257148,670.9645766952539,None
1730815865.111684,721.8685592218154,669.0289232614963,None
1730815865.211683,722.2034121143965,640.6486129625629,None
1730815865.311688,755.1541478328427,643.8933933241196,None
1730815865.411687,780.284589650421,640.8592638836745,None
1730815865.511681,763.3679050153022,682.9046389616727,None
1730815865.611684,620.471503028498,967.794387020473,None
1730815865.711685,647.3276435260547,854.9261763626689,None
1730815865.811717,664.6378815360753,820.3335609240835,None
1730815865.911683,657.8880542371119,557.7621931659949,None
1730815866.011689,690.5353272504584,460.1748097865339,None
1730815866.111687,672.2321716209583,568.3636400091176,None
1730815866.211684,723.5621669467407,616.532723425627,None
1730815866.311684,778.8034136374163,623.526043249503,None
1730815866.41169,817.5293818804349,636.6915130546097,None
1730815866.511687,715.2492534703159,628.3111224628993,None
1730815866.611687,628.7050188012614,623.099286773751,None
1730815866.711685,635.9810374496482,618.0145383862659,None
1730815866.811686,636.64295014353,624.5776319608153,None
1730815866.911686,600.5531828266845,632.0045744922095,None
1730815867.011687,598.1963115359375,647.0590386685193,None
1730815867.111687,654.0369846520299,649.8029382974295,None
1730815867.211687,661.6875353725663,648.0610958794667,None
1730815867.311687,658.8245542466126,631.3169225929814,None
1730815867.411686,661.9778341659984,792.5345098540912,None
1730815867.511682,643.8094231228922,983.5720505904616,None
1730815867.611683,688.1388953301415,899.3295739459132,None
1730815867.71169,667.2406984434182,870.2802156062937,None
1730815867.811687,619.1963089611611,867.90851173543,None
1730815867.911683,646.5929404332801,773.6792002300167,None
1730815868.01169,698.333765734946,498.5315171008314,None
1730815868.111691,679.5249983330552,564.6921013211216,None
1730815868.211682,674.8976715245732,608.9609127105783,None
1730815868.311691,692.111236542727,641.5084815559875,None
1730815868.411688,715.4302030857297,658.0796363785149,None
1730815868.511689,725.1864935635841,672.9566463923943,None
1730815868.611688,597.422423816558,484.2916388923518,None
1730815868.711684,610.4920567376694,527.9671966352433,None
1730815868.811692,605.6625907651567,515.6297826898546,None
1730815868.911686,595.3312385584767,512.089007338763,None
1730815869.011688,598.0443828768564,514.6849379858529,None
1730815869.111681,603.7010616353425,520.1145767114737,None
1730815869.211682,609.6763326507635,524.3358236307664,None
1730815869.311682,618.4682643577635,534.4248165638703,None
1730815869.411689,603.6100340675363,537.7200733303828,None
1730815869.511692,593.3408248615734,531.4923241060085,None
1730815869.611685,590.5735385126648,524.3043640638309,None
1730815869.711687,666.9397029786168,678.0933270496135,None
1730815869.811687,694.0272213603076,722.6019911181413,None
1730815869.911688,686.304094358007,695.0164884314229,None
1730815870.011688,673.1294128457487,675.9257041994833,None
1730815870.11169,676.4085626217347,696.8805636557909,None
1730815870.211687,699.8958273926787,710.3328343945738,None
1730815870.311688,665.7227438865327,699.4387682203833,None
1730815870.411706,688.712036613192,696.762666098675,None
1730815870.511687,707.7972600336619,690.0271024862956,None
1730815870.611691,680.2601006600238,687.172850067111,None
1730815870.711684,674.365437890799,675.033462868096,None
1730815870.811692,631.7436958544258,655.5598403299483,None
1730815870.911685,641.1342116572737,647.0007230934706,None
1730815871.011681,631.0227189008154,635.3397105177107,None
1730815871.111682,643.477832553758,637.5072434323558,None
1730815871.211688,639.6145136533567,634.5879966065345,None
1730815871.311692,662.0564987488759,631.3350194131685,None
1730815871.411686,642.3726699947674,635.8900207436203,None
1730815871.511686,639.7408821758123,609.5182389542103,None
1730815871.611695,626.3023062833875,598.5650019759745,None
1730815871.711685,623.5386856672253,619.2475929538293,None
1730815871.811683,641.5998751212742,582.4655243717159,None
1730815871.911684,636.7511241024993,596.7259865499728,None
1730815872.011686,614.3663947845364,563.8080983579953,None
1730815872.111688,624.8393302336812,520.8659515397014,None
1730815872.211686,615.6685750775171,518.5585454606014,None
1730815872.311685,680.9977160854742,548.7259699474238,None
1730815872.411686,634.1341451121754,600.6762449665345,None
1730815872.511685,726.633450720381,726.1798981673168,None
1730815872.611686,737.7528759661246,715.8514082031645,None
1730815872.711687,724.2381280007768,708.4844849369151,None
1730815872.811686,722.6350355266253,689.9030631423662,None
1730815872.911684,729.9232027035946,673.866066560528,None
1730815873.011682,634.2902076561578,651.3764193904116,None
1730815873.111686,645.0020449264969,645.9796781633228,None
1730815873.211687,663.454579789021,648.5896351301574,None
1730815873.311683,654.5554756692602,653.0500587616621,None
1730815873.411681,656.7548060310892,658.2776356722825,None
1730815873.511692,652.8407304783847,663.5930886220035,None
1730815873.611683,674.1109910570448,660.604295498283,None
1730815873.711688,690.8052670278367,654.478763758686,None
1730815873.811689,697.7022928556253,660.2478604061113,None
1730815873.911685,626.8350968267995,633.1974150470704,None
1730815874.011682,640.1152059903893,625.2312619057842,None
1730815874.111688,652.2368699701804,623.2157576307635,None
1730815874.211689,632.6243034901313,642.0309470571883,None
1730815874.311689,656.5540052056896,649.9706922231678,None
1730815874.411683,631.7124192831227,838.72994277255,None
1730815874.511684,604.0384611682049,867.553296435836,None
1730815874.611686,606.9097890484434,792.6440472146078,None
1730815874.711683,541.6326679579504,823.4805976404677,None
1730815874.81169,587.5185139440393,797.7427855347123,None
1730815874.911691,611.7863087326789,774.8772667511985,None
1730815875.011693,675.3318571060847,553.0391327289608,None
1730815875.111688,756.8319697251457,484.953288996997,None
1730815875.211691,704.9016233378132,545.8935322677627,None
1730815875.31169,683.9551760038371,596.9232286310514,None
1730815875.411691,685.1042777740086,625.3626610809505,None
1730815875.511691,685.4598204511594,644.6344477554388,None
1730815875.611687,695.7534964059965,649.7542810509094,None
1730815875.71169,705.8152588806367,664.4517843328176,None
1730815875.811684,658.0312975952012,662.788491358361,None
1730815875.911687,622.1146061413349,658.4329683718739,None
1730815876.011693,630.7394166578744,649.8730653593897,None
1730815876.111689,629.8336223128431,648.818277091577,None
1730815876.211684,734.6292232615605,651.4318942410571,None
1730815876.31169,760.4064484359939,656.3368796079156,None
1730815876.411694,794.2855012131528,665.1067511802466,None
1730815876.511691,749.8580554138861,667.4256906006653,None
1730815876.611723,741.8113369406464,661.3845299011559,None
1730815876.711681,778.8551015187496,655.9126623534191,None
1730815876.811686,793.666264602138,651.8486661424971,None
1730815876.911687,601.8968996522343,653.4742983006572,None
1730815877.011687,628.3625212023732,658.1685044391919,None
1730815877.111684,638.5528377807073,662.4815232291041,None
1730815877.211684,641.5525409523082,673.9943712370869,None
1730815877.311689,644.5629590162108,670.4071773355862,None
1730815877.41169,650.4279754964605,665.8014853835726,None
1730815877.51169,649.1396604753091,659.1701628510214,None
1730815877.611691,560.5114680489953,663.189373598793,None
1730815877.711688,588.7884924006685,661.862495982922,None
1730815877.811682,717.2706827765074,647.6588250317548,None
1730815877.911686,755.4064532968491,651.1995028137624,None
1730815878.011686,815.5821985231389,660.0429551489424,None
1730815878.111687,864.1200918500764,663.2732307366872,None
1730815878.211687,854.7974775035218,652.9627052885588,None
1730815878.311686,598.0194451701209,669.379048094055,None
1730815878.411682,620.654678632676,686.9221183306155,None
1730815878.511688,656.4991334078011,692.5025064677707,None
1730815878.611689,649.1742804152354,709.6443673760648,None
1730815878.711685,666.0468209328354,710.8022535945857,None
1730815878.811692,575.8093939911523,802.091645830378,None
1730815878.911687,593.4664389408038,791.4482126647003,None
1730815879.011683,604.3079769785099,778.9816434294925,None
1730815879.111683,617.5319419970867,755.9155835234737,None
1730815879.21168,614.2766189252181,760.2502369661398,None
1730815879.311705,610.7460002963425,752.8678210853548,None
1730815879.411692,665.1453013808416,640.6010019794194,None
1730815879.51169,681.3504308486214,669.4782308481277,None
1730815879.611684,667.5507478985969,673.3143061068304,None
1730815879.711686,679.0040992278343,675.7978369836804,None
1730815879.811687,622.3968703616142,693.2551758107129,None
1730815879.911687,622.5677051470296,691.9333141122889,None
1730815880.011688,627.1760637554765,683.239877926266,None
1730815880.111688,597.0771736709096,760.9787863964019,None
1730815880.211685,595.3115740664254,751.346091860777,None
1730815880.311689,612.191535759461,749.8031992916035,None
1730815880.411692,659.3685915368537,658.5493874092156,None
1730815880.511689,720.0820402972565,628.375371482302,None
1730815880.611687,702.891036227422,631.5532620684248,None
1730815880.711693,708.6319632969672,639.0741517161471,None
1730815880.811681,701.9111973190443,648.8642434944725,None
1730815880.911688,671.0523748554709,638.196016812793,None
1730815881.011682,653.2028834453167,658.6226069864747,None
1730815881.111688,657.8472166880373,647.9196240822672,None
1730815881.211681,635.082963575,730.6057434955114,None
1730815881.311688,621.8638666603265,733.7963555438694,None
1730815881.411685,616.5672550465122,723.2019908354479,None
1730815881.511686,628.518438178371,746.2445792132323,None
1730815881.611686,675.7089429478854,683.2423950984746,None
1730815881.711692,700.9426175278938,610.0369283454418,None
1730815881.81169,679.4902697427299,628.5839330829091,None
1730815881.91169,671.0854336762292,641.8632482107357,None
1730815882.011687,682.2008825727711,649.3966865992999,None
1730815882.111688,616.2120351496706,659.1169080609111,None
1730815882.211683,609.5729504911494,660.0936446534927,None
1730815882.311685,611.6847087112023,672.7110169910138,None
1730815882.411687,615.0658872400327,684.8913846576013,None
1730815882.51173,620.0083716987754,684.1700385179939,None
1730815882.611688,644.9682868850115,666.0909876492201,None
1730815882.711689,646.7949647319515,693.4155104051943,None
1730815882.811693,637.5361389462075,676.6392170223047,None
1730815882.911686,622.1669100568461,671.5280238879066,None
1730815883.011685,615.3626299316697,664.3179944209694,None
1730815883.111682,582.4038692813067,651.6586063704252,None
1730815883.21169,598.2818900293164,657.8763870738776,None
1730815883.31168,603.9111385115432,669.4726394367691,None
1730815883.411688,619.938982696996,659.8674809681395,None
1730815883.511689,623.796196106743,653.706482023717,None
1730815883.611682,636.4601943097044,658.7146561247348,None
1730815883.711683,599.816489255516,680.0109792525648,None
1730815883.811683,628.3267389415394,682.4601449480266,None
1730815883.91168,691.4233861824865,666.2752859355899,None
1730815884.011681,710.3352691433901,670.3174088387257,None
1730815884.11169,739.5487178581794,673.1475475422621,None
1730815884.211685,736.1895129387086,681.2507699947755,None
1730815884.311686,757.80932055411,685.7480227597586,None
1730815884.411688,612.2521856944994,684.1205763390385,None
1730815884.511682,638.3749105182728,678.4602749838567,None
1730815884.611684,604.948297303234,677.4544168269774,None
1730815884.711684,588.9582180663882,681.5689436920132,None
1730815884.811685,607.6919751126287,680.445218743272,None
1730815884.911685,616.0678760945545,673.8399714574869,None
1730815885.01169,585.1024794529553,676.4107798401781,None
1730815885.111686,549.8520433421947,689.8931409164941,None
1730815885.21168,580.830916405243,690.204946729307,None
1730815885.311692,602.1601188795096,688.0520939601496,None
1730815885.411682,546.2061200866775,748.2180356838901,None
1730815885.511689,570.8327934529566,756.9840413730694,None
1730815885.611686,575.5764128299256,753.3017419737662,None
1730815885.711691,571.4206845362334,751.0400236720081,None
1730815885.811682,575.2416251542611,741.7484212345503,None
1730815885.911685,576.0084408289335,733.6936430384583,None
1730815886.01169,679.9429448176861,678.488025600318,None
1730815886.111689,649.9073245497153,679.8286547991135,None
1730815886.21169,656.5368781044626,679.7001139319858,None
1730815886.311687,655.74800319113,680.57433755869,None
1730815886.411686,652.7980654211968,674.7811245071426,None
1730815886.511689,639.8421072157164,641.5987234008533,None
1730815886.611686,648.0293217814909,645.3729660397631,None
1730815886.711684,680.387269419296,648.9573842991937,None
1730815886.811693,691.1475502461279,667.7140041099813,None
1730815886.911684,638.299637381643,679.9304442169251,None
1730815887.011682,667.7644370837619,690.0630754735481,None
1730815887.111691,628.0907142360534,674.7979788073172,None
1730815887.211685,658.2311105773271,664.9115414268492,None
1730815887.311688,667.3680995522761,653.0133463192094,None
1730815887.411689,662.1904063118664,578.0921560266742,None
1730815887.511691,605.1981715312248,644.3894066804315,None
1730815887.611687,613.0901444700977,653.7372025157767,None
1730815887.71168,640.2155589552614,673.4319482099771,None
1730815887.811683,653.9980128390861,672.9468542719728,None
1730815887.911684,675.9825034127714,669.6323540823013,None
1730815888.011686,608.4866020333785,661.4872663737564,None
1730815888.111685,616.8717196635849,679.344498569848,None
1730815888.211685,628.0897622761809,677.0470026452814,None
1730815888.311683,804.9253178062966,682.221175384508,None
1730815888.411685,805.1205824520189,693.0711611599231,None
1730815888.511711,813.858771250437,695.8664958871781,None
1730815888.611691,845.2843170756829,673.3610667248904,None
1730815888.711686,807.6762809951804,677.003544385854,None
1730815888.811688,724.4019109598472,677.6182507172543,None
1730815888.911683,692.8655154536518,669.77699627547,None
1730815889.011687,704.568452506382,661.1727944050742,None
1730815889.111688,762.7330518791514,674.757651006434,None
1730815889.211686,792.3688313247884,691.2296113629118,None
1730815889.311688,682.4397281440329,704.8155158413608,None
1730815889.411691,700.0646027100388,695.9123776646076,None
1730815889.511684,688.0512744532219,675.2196647887723,None
1730815889.61168,687.7984333344356,670.0568674448276,None
1730815889.711689,671.0254307485483,660.096673852581,None
1730815889.811681,688.5097746706908,665.0232977704409,None
1730815889.911689,666.1856299767319,654.9963504796917,None
1730815890.01169,668.0610082372175,667.5527337274375,None
1730815890.111687,667.4959947455802,667.1424173888618,None
1730815890.211681,677.2164315026387,668.6285843875407,None
1730815890.311687,658.2490215258508,662.7930661430569,None
1730815890.41168,643.4950701682875,656.4008022757415,None
1730815890.511693,569.355271605334,717.6201663795699,None
1730815890.611693,579.0774130073178,724.7334425358495,None
1730815890.71169,576.9059647481688,733.9110841225985,None
1730815890.811691,680.8437186992983,668.0796606714938,None
1730815890.911691,678.1071847308332,678.4151420500008,None
1730815891.011688,671.0934238112056,679.8882784110049,None
1730815891.111689,648.3553385112991,678.8312250318265,None
1730815891.211689,650.175994581365,664.1622649753663,None
1730815891.311686,649.5673552951072,661.8321079603629,None
1730815891.411686,679.9966992034877,683.1810165963468,None
1730815891.511686,692.6190306482713,655.0701978680623,None
1730815891.611687,711.4961268288009,656.5608574779499,None
1730815891.711682,731.6606457060345,641.2402584047757,None
1730815891.811692,717.9239050455827,646.4388852138286,None
1730815891.911685,699.7145254032679,652.5914377583396,None
1730815892.011682,653.1532136412221,651.2064806845647,None
1730815892.111683,644.308092116339,657.7071269703138,None
1730815892.211683,671.4450302353144,679.7301957787886,None
1730815892.311684,573.789165996546,710.6821181315951,None
1730815892.411685,603.1728646308086,713.9577133694365,None
1730815892.511692,599.9353120808314,701.4732636383942,None
1730815892.611684,697.3321769082754,696.2512632591827,None
1730815892.711684,694.5522178113082,674.1360255333448,None
1730815892.811686,682.4345072901921,664.44835849811,None
1730815892.911684,724.2500363639,656.924249119177,None
1730815893.011711,723.838203539463,662.9521214350224,None
1730815893.111688,668.725465811688,653.5482042823733,None
1730815893.21168,672.3074265518169,644.8166231949469,None
1730815893.311684,660.5783886696091,637.3196503728561,None
1730815893.411692,632.9486530215074,633.6771823941228,None
1730815893.511684,649.8004273329857,635.4971555813522,None
1730815893.611686,615.8993150365927,628.8320711889014,None
1730815893.711686,596.4154301341889,634.5970949911127,None
1730815893.811683,593.5920743996189,651.604926291294,None
1730815893.911684,613.4174258822635,622.9238615263951,None
1730815894.011681,734.2113841409265,679.7868696501461,None
1730815894.111688,717.5601990720436,686.6327023494598,None
1730815894.211689,736.4296153674878,688.8533830226648,None
1730815894.311692,735.5560645572175,677.2291162209877,None
1730815894.411687,668.0306618384614,655.3423208302062,None
1730815894.511681,672.9561736277624,657.4058867294192,None
1730815894.611681,626.4438174276527,670.7853742318115,None
1730815894.71169,634.1889667262501,676.5130378254999,None
1730815894.811692,634.1768553135742,669.7943084470728,None
1730815894.911689,655.7375764569158,666.7104259896087,None
1730815895.011688,774.9714336872021,639.2829792592054,None
1730815895.111684,764.4641401590806,646.5163276063604,None
1730815895.211681,765.3562210512048,646.1861914941306,None
1730815895.311682,776.8400356568321,644.584294029193,None
1730815895.41169,689.6518510926489,654.8428327788444,None
1730815895.51169,693.4805966694686,680.5495319009473,None
1730815895.611691,707.2133049231552,720.999367642312,None
1730815895.711684,715.9824507558179,718.7649001108987,None
1730815895.811684,686.6905229211525,678.6181704069608,None
1730815895.91169,704.4288572116387,677.0128064465852,None
1730815896.011684,575.6219042247426,709.9707869329062,None
1730815896.111687,589.1485214109351,713.8752035675302,None
1730815896.211689,551.991603006595,712.6304941105057,None
1730815896.311682,605.4474139009681,737.8761380321602,None
1730815896.411685,688.3388171351784,650.2311369821309,None
1730815896.511681,681.7621800719168,676.5192647213936,None
1730815896.611691,696.7062369143108,676.9637149337494,None
1730815896.711684,673.997081815194,625.3860306940285,None
1730815896.81169,590.0193973900917,461.5090357292425,None
1730815896.911679,614.1227772720563,518.1511271107438,None
1730815897.01168,562.5914408695047,635.1566615629558,None
1730815897.111684,559.4350494012781,646.8761710539632,None
1730815897.211689,542.3776704071427,631.2636356406374,None
1730815897.311688,546.4461159927039,605.8539595081638,None
1730815897.411685,684.0985221328103,681.8060063240889,None
1730815897.511682,695.9990268154392,698.709613337644,None
1730815897.611689,709.1264929361288,674.8084510154684,None
1730815897.711686,690.7039358924568,677.9547021652676,None
1730815897.811685,705.8428113540862,672.176809385879,None
1730815897.911694,692.7254752927896,685.547122134338,None
1730815898.011688,708.6918016926013,682.003031826948,None
1730815898.111689,694.0737076628632,713.4591198315486,None
1730815898.211684,700.6425374314498,711.3852162635952,None
1730815898.311691,720.3073938088779,699.5591117823731,None
1730815898.411683,676.2834273527133,728.211050683163,None
1730815898.511683,738.3346743365689,685.0995272887919,None
1730815898.611684,796.2786789871051,663.3567482710621,None
1730815898.711685,812.1582443899874,677.269965336039,None
1730815898.811679,700.3244558975128,429.5314521440612,None
1730815898.911685,720.6897916421192,292.1688314253852,None
1730815899.011692,746.3155376683062,516.5877415399899,None
1730815899.111684,761.1260129084219,552.537832698374,None
1730815899.211686,651.767294845762,814.0733156377669,None
1730815899.311689,697.0060842064809,882.7220902248108,None
1730815899.411683,707.7271819113556,739.6314949886181,None
1730815899.511683,664.3057605263435,786.4768701589105,None
1730815899.611687,688.6285541789965,750.6243030185793,None
1730815899.711692,695.3941344696511,732.5330575732077,None
1730815899.811688,722.4640174880271,730.8637878081818,None
1730815899.911689,716.3506781366656,722.6900464813095,None
1730815900.011684,718.958980637342,702.2517543522604,None
1730815900.111686,714.4979745645729,705.7552736666129,None
1730815900.211683,647.8088177947986,776.7309511619651,None
1730815900.311687,566.3113518692804,886.0181047125661,None
1730815900.411685,604.7096853742163,827.8870784279137,None
1730815900.511692,567.7857284871532,875.5008956405326,None
1730815900.611689,583.0165029287423,859.5830555564438,None
1730815900.71169,672.7846156667404,692.3082438311985,None
1730815900.81169,654.3852513921262,690.0452882875196,None
1730815900.911682,649.9936783294273,697.1533653235621,None
1730815901.011684,710.2125263196591,658.5513551828428,None
1730815901.111684,703.946159895428,681.4569431507448,None
1730815901.211689,697.4451014450489,687.0669650237119,None
1730815901.311689,703.7318976815696,688.3416366179614,None
1730815901.41169,702.5018703091253,697.2577498836639,None
1730815901.511691,649.4930229285711,673.8550319501667,None
1730815901.611688,649.6741338867212,656.7153172381848,None
1730815901.71169,606.426109593166,715.2867002067619,None
1730815901.811694,540.8753130616755,735.0125522103687,None
1730815901.91168,587.7112183610508,701.9515714214986,None
1730815902.011689,586.6878950756533,716.9995923383948,None
1730815902.111691,582.6515641472654,721.3825785250682,None
1730815902.211684,693.1959713638954,664.9226410326742,None
1730815902.311687,665.4616770096712,679.5264833184071,None
1730815902.411687,652.1572335000243,705.0482346800901,None
1730815902.511687,804.193281345984,649.7972002132038,None
1730815902.611682,812.8306103034685,662.7399643698926,None
1730815902.711691,854.4713483521427,689.8749673792156,None
1730815902.811685,1028.7157558390772,524.7167796509327,None
1730815902.911685,1016.4673158107756,591.6542585059027,None
1730815903.01169,1019.1343136253432,588.07400245656,None
1730815903.111687,1025.9722560448984,590.1673270936021,None
1730815903.211681,1041.954539167426,582.8804390726505,None
1730815903.311685,730.282752059599,668.8841870496984,None
1730815903.411689,637.7037664584395,690.0493221024155,None
1730815903.511685,675.9654939099593,666.5495981539889,None
1730815903.61169,631.3165761952147,698.9168965942996,None
1730815903.711688,636.3444409764127,677.6517591964415,None
1730815903.811688,639.4292739515729,697.9425705143512,None
1730815903.911687,675.5359536349869,697.9464919446897,None
1730815904.011689,676.23385263818,704.1108968285947,None
1730815904.111689,688.5567508031481,716.3099263779908,None
1730815904.211693,701.5181331030656,719.3517021835328,None
1730815904.311684,700.2448465225034,704.9329700458727,None
1730815904.41168,689.7366612332643,700.1905470071999,None
1730815904.511691,683.1022746615995,695.2012633708172,None
1730815904.611686,705.7766583376272,505.9545352784333,None
1730815904.711685,679.6949454991629,540.8628976868233,None
1730815904.811692,652.5692640985483,553.835548575986,None
1730815904.911686,650.383361839379,556.6345677732356,None
1730815905.011687,652.1463236826108,554.8240464922709,None
1730815905.111688,648.0808578985242,622.8457901664475,None
1730815905.211685,652.1732417665509,630.7198631239232,None
1730815905.311691,658.2965088245726,626.4937671503576,None
1730815905.411684,656.2913941874998,623.7918515130805,None
1730815905.511691,694.8451634546122,819.994138258655,None
1730815905.611681,686.6383202058934,811.4243903011754,None
1730815905.71168,678.1498895742216,822.0106096873591,None
1730815905.811688,674.5586310031177,802.1088978079501,None
1730815905.911689,679.1095221517531,809.3757345805673,None
1730815906.01169,690.3552642634032,808.9828090650595,None
1730815906.11169,674.8597443294775,801.7006636860955,None
1730815906.21169,667.8707997200216,798.5673079476163,None
1730815906.311688,659.72184946669,779.5015617704753,None
1730815906.411681,661.8080883304034,784.3046360923794,None
1730815906.511688,659.4308107855132,785.2590195035298,None
1730815906.611685,656.2627388039009,788.2348858304224,None
1730815906.711694,655.4080662061074,788.695807744894,None
1730815906.811686,635.6087901507976,693.8127032134037,None
1730815906.911689,634.2824982280928,702.2795123407645,None
1730815907.011684,627.2832948579202,703.2933212352744,None
1730815907.111691,628.9504719037419,718.8891619304837,None
1730815907.211688,625.9561279045919,736.4599615301113,None
1730815907.311689,622.6134744134688,750.7030440038311,None
1730815907.411683,758.4365580351736,625.9875244764628,None
1730815907.511689,772.6906358791722,635.8393844143694,None
1730815907.611687,777.3058467125369,639.8242065882465,None
1730815907.711687,775.0270912236695,643.6918942562253,None
1730815907.811681,830.6553746516869,545.907132760175,None
1730815907.911693,982.7174860021448,368.7813305388557,None
1730815908.011688,1019.0547209035924,492.6757159600895,None
1730815908.111686,996.9703760880132,541.9469953320205,None
1730815908.211691,1000.7126651628772,559.5875493683681,None
1730815908.311692,1000.9159099203086,567.8075121927732,None
1730815908.41168,1000.0140308162152,577.7953265231956,None
1730815908.511715,1000.6327676963876,586.3422600784183,None
1730815908.611686,999.8766068035876,605.7172100503296,None
1730815908.711684,1013.6620703941612,635.3585977162414,None
1730815908.811686,1033.3931765120617,661.0948344559479,None
1730815908.911689,1042.583116198001,655.9226770491161,None
1730815909.011689,1047.9746403416812,643.187676661712,None
1730815909.111685,1058.931127036274,635.7277203157207,None
1730815909.211685,1065.258784092347,622.6728039956897,None
1730815909.311683,1071.1729671798623,598.2936087845853,None
1730815909.411689,733.6353382968772,863.9868631962736,None
1730815909.511683,670.7435573030299,796.9211134441431,None
1730815909.611686,708.1212340833532,717.5045514825985,None
1730815909.711691,741.2186305601374,687.9814203391016,None
1730815909.811694,667.3440330841538,699.8775945676957,None
1730815909.911683,689.9733619976329,678.5262401327881,None
1730815910.011686,684.7225731122995,661.1953733592146,None
1730815910.111692,666.8040595450833,707.5252668225843,None
1730815910.211685,657.4619893988125,720.4122541304883,None
1730815910.311684,665.742401303952,702.7746676926805,None
1730815910.411691,655.1813764105882,683.4639987259445,None
1730815910.511685,656.1338659368182,641.7718367280781,None
1730815910.61169,657.5093632162901,612.451343348914,None
1730815910.711681,659.8788485382619,625.6378181457022,None
1730815910.811687,636.592564617923,605.0863199387604,None
1730815910.911686,630.4685890612069,603.385318115985,None
1730815911.011687,627.8442407234639,604.3960286487338,None
1730815911.111687,624.3188462125411,611.5438307901411,None
1730815911.211684,698.0925792859409,616.4096605280102,None
1730815911.311687,681.9362078139959,618.5797155069168,None
1730815911.411688,701.0301517050102,650.8885878258468,None
1730815911.511688,693.6624565991,653.8965978726275,None
1730815911.611693,710.3324697672817,674.5369846650482,None
1730815911.711694,716.5178504766088,673.5404351089395,None
1730815911.81169,610.4121309559142,783.0824183560512,None
1730815911.911688,635.1947682017413,779.0651403943618,None
1730815912.011688,634.4487638247033,777.0753666294821,None
1730815912.111686,648.1001280258928,708.7420874536266,None
1730815912.211689,757.0595270104163,605.7653192242773,None
1730815912.311694,753.6754005526012,610.3180225204047,None
1730815912.411684,762.9420541308085,639.1792057582765,None
1730815912.511686,771.8376446422172,649.741673334851,None
1730815912.611687,780.922885187281,658.7248558703013,None
1730815912.711682,791.8279304752468,668.8894539261809,None
1730815912.811691,810.0545471820831,681.0789663589176,None
1730815912.911687,840.1748753641622,682.1433288216743,None
1730815913.011679,825.8432140259074,679.9754409601803,None
1730815913.111687,831.1126017011304,674.2403513187335,None
1730815913.211683,865.2021583234657,670.5610000030867,None
1730815913.311685,925.6708653228123,667.6721470877492,None
1730815913.411685,839.5886782801244,665.4551822685282,None
1730815913.51169,624.2804190769704,750.7376170974413,None
1730815913.611695,633.810984360491,708.4726314920305,None
1730815913.711687,628.6001045843648,694.869887081316,None
1730815913.811687,611.7478960933245,705.9185225008098,None
1730815913.911682,629.9970853295957,640.178613112568,None
1730815914.011684,616.8736631864276,623.917458459129,None
1730815914.111692,634.0359509247917,641.7752397084348,None
1730815914.211692,628.4885348776888,640.0758978813606,None
1730815914.311682,704.7945876801122,666.1598399613476,None
1730815914.411687,715.5858278221576,685.4677514317117,None
1730815914.511681,705.4766388669041,681.1095891227119,None
1730815914.611692,698.1190796935524,684.5765807800653,None
1730815914.711693,700.9979051979548,663.4512144281762,None
1730815914.811694,704.4023895389672,667.9817912978514,None
1730815914.911691,682.184287257985,751.0323361229896,None
1730815915.011682,726.3114626902054,686.4460872122052,None
1730815915.111688,687.4293844820668,670.7672322084295,None
1730815915.211689,672.0311661989706,661.5649059173236,None
1730815915.31169,687.5521780501083,659.5633979842564,None
1730815915.411686,698.6805824943174,655.295176593248,None
1730815915.511689,705.828803697566,637.3895044515781,None
1730815915.611681,721.2725805354598,636.672314101469,None
1730815915.711693,737.2502615008118,642.6582434540726,None
1730815915.811687,758.6882728449837,658.8802178813921,None
1730815915.911684,788.555844281748,658.1838254910782,None
1730815916.011691,813.2122627868889,661.4660616648342,None
1730815916.111688,836.4280261270524,669.3740721570434,None
1730815916.211689,849.7796838110503,665.9911488195786,None
1730815916.311689,885.7594848589694,661.6457862703735,None
1730815916.411681,895.8981666238878,658.7139206056603,None
1730815916.511688,860.7569512639698,660.873474297221,None
1730815916.611692,833.6722452991658,668.2847343362441,None
1730815916.711685,823.115866753886,672.9451740151434,None
1730815916.811686,593.4656535788039,727.1163740317567,None
1730815916.911689,610.3162214583023,707.16800096271,None
1730815917.01169,611.2274613148202,709.3117746089953,None
1730815917.111682,875.1389371407801,475.8328657572622,None
1730815917.21169,998.8645980871074,574.1431506861952,None
1730815917.311687,1042.248051162425,605.0579292879925,None
1730815917.411689,1059.307299377328,600.325443858506,None
1730815917.511681,1020.2019302316356,608.1537895280695,None
1730815917.611683,988.9606433179364,612.5206252898121,None
1730815917.711685,788.913308246397,686.6489379517218,None
1730815917.811685,675.1333960031113,694.5606604885033,None
1730815917.91169,706.4611516583681,659.759423098976,None
1730815918.011687,795.5294754935484,686.4705619226813,None
1730815918.111691,822.7326522546336,684.9184751065113,None
1730815918.211692,844.2575015836434,691.278124905127,None
1730815918.311679,590.6273959507367,777.4563091878772,None
1730815918.411684,604.4590566281312,753.5128597690311,None
1730815918.511686,607.3780803315924,749.247368604676,None
1730815918.611689,624.0318906168196,745.6832293116132,None
1730815918.71168,625.5237093611457,748.3440353593569,None
1730815918.811688,625.6562445165873,748.636829200961,None
1730815918.911687,632.6093052289289,753.4489772026898,None
1730815919.011687,630.3386570354315,769.6392517239334,None
1730815919.111685,748.9915541543049,682.7645847754254,None
1730815919.211687,798.5190916483432,662.4387641331786,None
1730815919.311688,805.4870497449641,671.2174319725183,None
1730815919.411683,818.4857232741201,674.5377081985863,None
1730815919.511688,723.8365582108812,645.859335070921,None
1730815919.611686,682.1449941448816,647.2648076988197,None
1730815919.711687,683.8007907782422,652.816122855892,None
1730815919.811687,638.5323838273493,658.0689838536699,None
1730815919.911685,655.1170338010652,658.6971575798144,None
1730815920.011685,598.8631660673966,728.7190218656352,None
1730815920.111686,590.1685687612754,734.6846750772238,None
1730815920.211686,598.2468231698911,732.5722936106566,None
1730815920.31169,596.2094938108307,639.4252296305392,None
1730815920.411691,604.8853847689219,654.3277265258678,None
1730815920.511688,605.2356669855278,665.0777736419042,None
1730815920.611688,590.9840985433891,697.2725457247342,None
1730815920.711683,591.4185180832976,710.0373019112576,None
1730815920.811683,587.4941067306598,663.5824121631653,None
1730815920.911684,714.464652878442,684.5056795999612,None
1730815921.011686,703.5639576617323,677.9226971106509,None
1730815921.111691,697.0499524271636,671.2226066350127,None
1730815921.211683,687.9779268489497,655.2811453133586,None
1730815921.311684,700.3489029544203,653.2183238439999,None
1730815921.41169,711.5405286532449,654.3206924236927,None
1730815921.51169,709.5013394619966,667.9176382420305,None
1730815921.611687,553.3207840939062,690.7405618564347,None
1730815921.711688,556.7077887497053,690.7338948339789,None
1730815921.811684,568.8203816601801,643.2460361766789,None
1730815921.911685,573.9945062500474,658.0982785072147,None
1730815922.011686,569.6698184305058,669.2640287946934,None
1730815922.11169,586.201843778213,674.8957615808345,None
1730815922.211694,593.7884942519454,687.229535487154,None
1730815922.311689,582.8671365542691,683.8786005294094,None
1730815922.411685,584.2983953209089,697.2010933514894,None
1730815922.511692,631.5571932052877,570.4657367077796,None
1730815922.611685,674.5998084844224,528.975377181589,None
1730815922.711692,670.19552222124,578.3923752150284,None
1730815922.811692,630.3822602479515,589.4948224460056,None
1730815922.911688,602.5058965302104,676.3315996864542,None
1730815923.011684,619.145384580129,665.3202436025102,None
1730815923.111682,604.2884719759677,631.2617104199804,None
1730815923.211681,599.5923835156946,597.0248655678711,None
1730815923.311689,580.540754563594,605.7154825848899,None
1730815923.411689,551.5074784700333,519.0200339026463,None
1730815923.51169,674.1892429787968,739.2995871689292,None
1730815923.611685,713.2186738001386,716.719012437788,None
1730815923.711684,701.235801525691,673.9963479118885,None
1730815923.811689,764.1362636585532,681.9426143301104,None
1730815923.911685,760.2514903479025,678.515388427586,None
1730815924.011694,629.0092884498181,665.1568714367958,None
1730815924.111692,620.0249527405688,677.5471551021336,None
1730815924.21169,970.2217986738056,400.7261881043044,None
1730815924.311689,1017.9399524503376,462.0573567478326,None
1730815924.411691,1019.9920185650165,549.5446239531559,None
1730815924.511686,1028.7233555990574,583.192844458872,None
1730815924.611686,1024.3078235903026,608.4260849790165,None
1730815924.711688,1034.3666728363316,606.6556869921221,None
1730815924.811684,1033.7750437744637,605.2852821019177,None
1730815924.911681,1050.0814854979872,590.8844080930577,None
1730815925.011686,785.9728075067156,807.8374936229253,None
1730815925.111686,582.222619793372,818.0085276069086,None
1730815925.211684,631.9078282879995,725.0581786162281,None
1730815925.311682,656.37742010593,685.6446170237281,None
1730815925.411678,591.3492154975021,641.6352195903959,None
1730815925.511683,606.436366903356,652.4322368866455,None
1730815925.611683,649.8103658437806,673.7579194662296,None
1730815925.711688,648.3560824926184,676.1174237996738,None
1730815925.811688,644.5872511751193,655.6010195289523,None
1730815925.911689,602.1242289181414,632.516742530986,None
1730815926.011689,604.542036971296,622.4691045655799,None
1730815926.111686,611.1910638706471,620.8111812540354,None
1730815926.211688,567.5083176290234,625.7087562131132,None
1730815926.311689,572.7136174230864,650.6630643474172,None
1730815926.411689,588.9658765033219,662.0973841308706,None
1730815926.51169,600.4194667440065,670.6503041399969,None
1730815926.611685,605.1995545847135,677.5451190277604,None
1730815926.711686,586.087430004116,683.5069537663139,None
1730815926.811683,614.0046010122348,676.5323898002763,None
1730815926.911682,645.7636067856606,665.9922341856268,None
1730815927.011684,662.5066318413301,651.7177234107003,None
1730815927.111682,687.6780144395693,648.6729221723656,None
1730815927.211683,658.3858917021527,611.9729509776384,None
1730815927.31169,615.1436904097154,645.0237155160636,None
1730815927.411689,570.2961484303985,657.1967942662476,None
1730815927.511684,557.7242674895742,688.6121280918845,None
1730815927.611693,564.2584200485547,713.7069017662208,None
1730815927.711692,592.5667483078619,706.6910946991179,None
1730815927.811693,586.8542874059002,881.2104340669262,None
1730815927.911685,573.7869202825035,888.6387541899209,None
1730815928.011686,580.3988702063687,815.253471677728,None
1730815928.111686,571.1125391426056,765.1803157596318,None
1730815928.211683,562.6587685735483,747.0683373029966,None
1730815928.311685,555.6510378039488,734.6586600579468,None
1730815928.411686,565.6230097504533,744.9130537543755,None
1730815928.511678,550.6943074493868,603.2580910445432,None
1730815928.611681,570.2454954091831,524.1285250330341,None
1730815928.711688,541.6631142066693,576.9519310731343,None
1730815928.811688,530.7858995134013,523.9677810727594,None
1730815928.911689,536.2132761655727,558.4235185794962,None
1730815929.011683,574.1881199763023,593.6305402753759,None
1730815929.111684,546.0261865299517,577.7603876290464,None
1730815929.211687,556.6847338946775,582.8724598439838,None
1730815929.311688,580.548984657342,596.1932158224774,None
1730815929.411682,638.6860779739284,550.3622825610126,None
1730815929.511689,753.3649490668184,363.376836146062,None
1730815929.611683,766.0052413544295,473.247214485664,None
1730815929.711689,728.5456730903733,368.8102452986814,None
1730815929.811688,691.970715109885,439.5291328767981,None
1730815929.911689,565.2191205281335,734.3276127504668,None
1730815930.01169,542.1881635590672,842.6296366571521,None
1730815930.111689,564.5884204224581,736.7016134564722,None
1730815930.21169,587.2393706644706,697.7092927027854,None
1730815930.311687,594.6194303557335,667.4141521061173,None
1730815930.411687,583.7014704701724,605.529546473084,None
1730815930.511688,581.9857267773393,623.8501407192703,None
1730815930.611683,748.7800907496812,635.6702909063258,None
1730815930.711679,981.4112596271216,382.4530395500792,None
1730815930.811683,974.1112638829652,489.8999987898562,None
1730815930.911695,1009.1454203871608,537.6876613944069,None
1730815931.01168,1025.776447177016,551.3916760177088,None
1730815931.111689,1030.6239215976225,549.4506426018969,None
1730815931.211686,1042.4289730832363,548.888652511366,None
1730815931.311682,1056.0297055863207,507.8670443828576,None
1730815931.411691,703.6979436388312,622.6058165729464,None
1730815931.51169,640.8471883843403,738.6904916601309,None
1730815931.611687,660.372086843445,679.9448428512044,None
1730815931.711685,685.188429476728,678.9204891603807,None
1730815931.811691,605.1401615383576,667.3232310388958,None
1730815931.911686,660.5193692276301,653.1386624063254,None
1730815932.011689,720.31062650169,647.7868401600692,None
1730815932.111687,701.9277407062627,494.508890166153,None
1730815932.211685,696.0981394208322,559.0596260963503,None
1730815932.311684,722.2292072537967,480.2211186911061,None
1730815932.411688,688.1645338419008,596.5751646963326,None
1730815932.511683,790.7598426136769,166.05631347993688,None
1730815932.611689,850.8734818119938,93.74459763738024,None
1730815932.711686,836.049220046607,114.19201194978244,None
1730815932.811687,862.5386288407165,107.8182286058044,None
1730815932.911687,663.8286407217603,619.9006912612818,None
1730815933.011689,638.5389641986533,873.4488166470545,None
1730815933.111691,655.6901607885238,887.7535402182559,None
1730815933.211688,703.8355627328121,810.2101184655164,None
1730815933.311689,656.3914448706211,807.3950659800662,None
1730815933.411695,675.4550236143252,764.7941500835822,None
1730815933.511691,606.3244141551218,717.390661780389,None
1730815933.611687,637.4568950889098,681.7063822275954,None
1730815933.711684,640.6587986363729,677.9570917076318,None
1730815933.811682,644.9038294113944,662.5826485615279,None
1730815933.911692,646.2413689809764,659.0450090616303,None
1730815934.011686,633.4872849417133,663.2741496409916,None
1730815934.111684,662.2836191966163,643.7663698932728,None
1730815934.211692,629.71115791635,637.7213680782721,None
1730815934.311684,614.4082659594525,628.9874228950234,None
1730815934.411688,616.9953217581477,760.0162931556822,None
1730815934.511688,618.4379700058507,712.7860810459991,None
1730815934.611683,648.0829432139064,661.9710310036567,None
1730815934.71168,703.4542649470718,593.6611256174501,None
1730815934.81168,688.2084137329407,613.6401973090985,None
1730815934.911681,656.5989656852624,599.2197372479015,None
1730815935.011684,664.3542780843626,592.7482472163999,None
1730815935.111686,663.5624603401093,594.2461233608135,None
1730815935.211682,622.7728995095009,733.7718209392492,None
1730815935.31169,618.7997490684749,711.9327119234655,None
1730815935.411691,624.9582891022704,706.5064687512267,None
1730815935.511687,641.1346136235564,672.0258980243973,None
1730815935.611689,628.3953157184332,784.6054414621556,None
1730815935.711684,742.7713038828562,1019.6439635618084,None
1730815935.811685,753.8796572059921,933.236158310082,None
1730815935.911686,749.2791469641875,950.6568818271932,None
1730815936.01168,750.631852481455,1015.0720627005346,None
1730815936.111689,753.2111858703507,1019.8071814507508,None
1730815936.211695,740.9112419110613,1056.0202803889938,None
1730815936.311684,644.685521779944,570.3417519485877,None
1730815936.411686,707.6622959609587,438.8584710527774,None
1730815936.511686,663.6799825166055,579.022837430492,None
1730815936.611683,692.0702193018508,659.5179234045612,None
1730815936.711683,712.1866132684747,677.2804933099115,None
1730815936.811682,677.618430358906,680.0350722629403,None
1730815936.911681,687.3254805706741,673.5974856384995,None
1730815937.011683,688.5739265817078,672.9618397122963,None
1730815937.111683,717.3763457279364,668.448289875066,None
1730815937.21168,774.6211394360737,663.1855726712099,None
1730815937.311681,609.3538313610906,665.0954870553142,None
1730815937.411703,364.7711595023263,718.4747009242355,None
1730815937.511688,458.066588252277,731.8510831614693,None
1730815937.611686,404.1037379973183,759.0855037832346,None
1730815937.711693,536.2366053851613,688.6603509097785,None
1730815937.811685,733.2174506916359,555.6461109243819,None
1730815937.911686,874.7758159542955,643.133294044377,None
1730815938.011685,812.8736317830336,637.0685777111471,None
1730815938.111689,838.9895805333322,494.2130976544005,None
1730815938.211684,876.5055717448747,624.8578111382034,None
1730815938.311685,823.6607106870608,618.8741109781075,None
1730815938.411687,747.3593517366277,609.2969669582958,None
1730815938.511692,731.785155382003,602.1875828837715,None
1730815938.611686,683.512716320002,566.4959899969122,None
1730815938.711702,642.2663784480945,545.8618987854929,None
1730815938.811682,585.9939996354162,519.4534793445389,None
1730815938.91169,595.664866221298,524.7081237065104,None
1730815939.011688,639.5983103932908,554.6842441049453,None
1730815939.111684,567.0173246365135,502.7240288498056,None
1730815939.21168,553.0084743267903,537.9370948317849,None
1730815939.311689,635.2399544532893,554.6768713244476,None
1730815939.411688,664.7154108000996,604.4107059572065,None
1730815939.51169,692.0767934233442,639.0377013190241,None
1730815939.611693,655.8645469808635,679.4759445612159,None
1730815939.71168,684.8879262607146,682.1350938814554,None
1730815939.811687,699.169995094878,683.7298277472779,None
1730815939.911685,697.2165444271187,671.0483172557533,None
1730815940.011682,677.2492685441977,668.1018918394299,None
1730815940.111685,686.9716762425343,670.3081636563032,None
1730815940.211694,702.0951185572526,710.7923849716957,None
1730815940.31168,674.6496719221205,680.437391957891,None
1730815940.411683,674.8601640591055,669.3398413694421,None
1730815940.511688,671.5078596785916,654.2486627549213,None
1730815940.611689,657.5049660617194,655.6147451208951,None
1730815940.711693,635.0185192016874,333.56130001344013,None
1730815940.811682,651.7167473781735,458.1917602320782,None
1730815940.911688,640.2954612772601,534.880856686068,None
1730815941.011681,651.8799704804734,531.349431559101,None
1730815941.111681,751.968619071594,614.9070777592422,None
1730815941.211683,699.1083580323564,672.6519353865818,None
1730815941.311684,745.1421421923937,729.4696826005564,None
1730815941.411685,724.0420753380916,695.8630315618583,None
1730815941.511685,715.9098173162395,692.3286821504136,None
1730815941.611686,691.0434309042065,678.2028865208458,None
1730815941.711684,693.9303560288696,658.5713482040744,None
1730815941.811692,732.3777083419072,401.5526552079792,None
1730815941.911693,792.3353616885349,616.8332046085646,None
1730815942.011693,769.1102375840023,523.6378282925691,None
1730815942.111688,710.2329763002339,407.5411407508888,None
1730815942.211687,742.7054889091525,726.635581765573,None
1730815942.311687,758.6740520897424,712.5390964116878,None
1730815942.411688,775.6818038278053,690.6897575421455,None
1730815942.511688,756.6205977964994,687.2547870315855,None
1730815942.611689,677.8088192217074,729.1614678530717,None
1730815942.711692,665.7475828178191,786.4597937835601,None
1730815942.811689,625.7466329018467,768.8281186862142,None
1730815942.911682,634.9110371973686,758.4419580125008,None
1730815943.011692,646.4234165224436,760.4111106130918,None
1730815943.11169,631.0315039479135,756.9578632194178,None
1730815943.211688,732.0465374091434,706.2388478233804,None
1730815943.311686,732.2150578016679,632.212603391452,None
1730815943.411687,669.6574163397876,653.020215302367,None
1730815943.511684,638.3300220645635,642.7555872676717,None
1730815943.611688,644.2240377218686,642.8045786309896,None
1730815943.711686,621.9684513241828,662.8430667479979,None
1730815943.811685,617.3580940512659,656.990369764823,None
1730815943.911692,614.6411435449629,673.3485658949014,None
1730815944.011691,712.246319958113,493.7451297415479,None
1730815944.111689,643.4586229063561,512.633931586208,None
1730815944.211686,646.7586342453964,543.3278895618841,None
1730815944.311683,647.615977555831,554.9256449233168,None
1730815944.411693,639.4394346494328,554.022094819886,None
1730815944.511692,642.5075886815713,236.9069671775109,None
1730815944.611692,743.5261169368667,437.9650447146062,None
1730815944.711682,808.2125681227986,598.5333216965745,None
1730815944.811689,690.5054096790471,503.3398501648196,None
1730815944.911684,645.9074099270962,556.8036844050308,None
1730815945.011685,692.0807891771535,554.238740767516,None
1730815945.111685,657.4930790006212,527.9128668861904,None
1730815945.211694,614.6884196398648,500.70707092672194,None
1730815945.311683,622.4446631700631,488.1440002245003,None
1730815945.411682,723.3924324573226,472.9208102336879,None
1730815945.511684,784.2519179589635,564.5570382060131,None
1730815945.611688,809.9029912325939,620.8607528716929,None
1730815945.711683,748.9868399543136,596.7217430591184,None
1730815945.811685,634.3868250849043,592.3729255728211,None
1730815945.911693,594.3039073631567,660.0912207496158,None
1730815946.011685,618.7900160352764,633.2253521899614,None
1730815946.111686,603.6895173294796,690.4447461577482,None
1730815946.211685,620.7009486299532,804.6332041155646,None
1730815946.311688,660.5302220657701,808.7770002910103,None
1730815946.411691,649.6752370736883,744.5042214874791,None
1730815946.511689,636.4892860730777,726.5339097088561,None
1730815946.61169,594.5530702957923,746.2202188880929,None
1730815946.71169,642.8377818220322,686.1348894241223,None
1730815946.811689,810.8988353733088,616.8208927291516,None
1730815946.911683,802.7935486819096,632.2231810288537,None
1730815947.011687,987.8536061459276,576.4490580165362,None
1730815947.111687,1072.1810402053047,556.1140772017068,None
1730815947.211686,1078.4568418601964,523.5100460798367,None
1730815947.311686,1059.7070854100014,545.4627638129977,None
1730815947.411687,1066.328611944523,553.6063814435879,None
1730815947.511684,1034.6941233154007,567.8072347157604,None
1730815947.61169,762.3095398927546,598.7732175600951,None
1730815947.711692,548.0718147187722,722.0819274957502,None
1730815947.811682,578.6207226168033,686.5872771583225,None
1730815947.911682,585.1231545106216,671.03000875733,None
1730815948.011693,592.3865973983036,657.2588765037194,None
1730815948.111693,600.9934553618874,650.2878461209601,None
1730815948.211683,594.6203120639038,638.9591721521738,None
1730815948.311688,599.615177841439,876.6086768131386,None
1730815948.411685,621.3115486341909,856.5867855540098,None
1730815948.51168,633.7024178628237,855.6401358137895,None
1730815948.611685,657.0586270299485,855.0412120120496,None
1730815948.711686,644.5102368329962,865.6872919489153,None
1730815948.81169,682.3222646881106,880.4958036194894,None
1730815948.911689,743.8172544575767,883.143130773979,None
1730815949.01169,807.7832654775902,887.4062093063199,None
1730815949.111687,818.6358184151717,890.2705186641095,None
1730815949.21169,664.9463355631567,903.6051524751916,None
1730815949.311687,684.4548694797228,917.8051544573688,None
1730815949.411691,675.2377089793176,995.235698410772,None
1730815949.511689,616.0657669926509,681.2362877978437,None
1730815949.611686,630.2675152509926,625.7975478011941,None
1730815949.711684,614.5533624798795,662.8401870800261,None
1730815949.811683,669.6977821280478,632.2776566624067,None
1730815949.911684,651.5471140156814,671.222126495938,None
1730815950.011687,616.6838083179045,879.0775149343932,None
1730815950.111685,641.404093695951,889.1534898284151,None
1730815950.211682,635.824722682987,894.5405009506295,None
1730815950.311683,635.4298321870955,900.9868704914708,None
1730815950.411687,621.9534883857609,833.3913554344027,None
1730815950.511691,627.670568611766,831.8384511807428,None
1730815950.611691,643.3089607412242,850.5084059689432,None
1730815950.711685,636.5479165182813,579.2114967185412,None
1730815950.811686,631.4950240889192,500.15228862236313,None
1730815950.911683,664.6568673895734,575.1672390498943,None
1730815951.011684,734.4352116709834,763.5931702689867,None
1730815951.111683,751.7075333937008,776.9070103912888,None
1730815951.211691,754.1028262553149,760.8890442177776,None
1730815951.311687,683.0938461759681,615.1858678222235,None
1730815951.411684,662.5273278375445,617.2063443656552,None
1730815951.511686,635.6545933983351,621.9004501259174,None
1730815951.611691,667.9974454679455,609.7263137124678,None
1730815951.711691,677.2134461066561,683.7407113374554,None
1730815951.811692,680.6865603940861,688.310644489995,None
1730815951.911692,666.7680373513408,657.1448636479151,None
1730815952.011691,654.3232136219438,644.1520292694881,None
1730815952.111688,667.8529078370816,657.7054310995759,None
1730815952.211686,675.3677256174684,660.8848793916715,None
1730815952.31169,630.4549033596176,696.9407319792138,None
1730815952.411685,633.6434511229662,698.5526552554367,None
1730815952.511684,749.0752704533322,700.6266250857441,None
1730815952.611684,760.261509466543,698.018894667817,None
1730815952.711681,781.4983566341361,694.1895897016658,None
1730815952.811682,814.3091808969248,679.1070560146126,None
1730815952.911685,842.0736726654661,670.9533070184764,None
1730815953.011689,877.3481015702839,664.3800914361307,None
1730815953.111693,742.4101921188943,616.7307202573711,None
1730815953.211685,759.1716606413876,624.1345639639599,None
1730815953.311683,760.4946241591082,642.3044784558513,None
1730815953.411685,807.4634526985977,640.864889798962,None
1730815953.511683,613.9617478813927,624.6402933677476,None
1730815953.611684,553.2349358067255,615.7093280924828,None
1730815953.711684,565.005538503402,630.2007426159167,None
1730815953.811686,564.5681686608086,564.3414719820365,None
1730815953.91169,553.9518030406715,530.8060535891702,None
1730815954.011686,554.8253279040581,537.2103174103022,None
1730815954.111696,574.5591257290727,534.9427285708252,None
1730815954.211691,622.0998994917252,743.9426648731134,None
1730815954.311683,635.0735722441457,722.683316123443,None
1730815954.411686,644.7275971583907,706.3817120092118,None
1730815954.511687,617.1813011317274,668.5207741671593,None
1730815954.611683,607.0433185536434,674.4208761046921,None
1730815954.711684,628.7080081556445,677.194944412291,None
1730815954.811684,629.4785754790695,681.7481206377221,None
1730815954.911685,592.9242278408472,701.0212985736036,None
1730815955.011688,603.5146544198884,706.8258011050193,None
1730815955.111692,598.4075989666563,722.5373080526075,None
1730815955.211686,601.3646324761633,724.9111371462477,None
1730815955.311681,610.9739409057466,724.2645478851007,None
1730815955.411683,607.5435157899805,731.1122204453964,None
1730815955.511691,603.5299431554444,744.4744842540229,None
1730815955.611683,591.4530352339929,833.8725706275898,None
1730815955.711691,596.5947972115385,832.6049188651706,None
1730815955.811679,590.6852107117711,868.6168420666232,None
1730815955.911688,594.2854061457932,854.8102612559553,None
1730815956.011683,601.1376881076037,835.8296076759605,None
1730815956.111683,599.3183310052353,811.9273282140402,None
1730815956.211688,605.325271926835,794.1063452145927,None
1730815956.31169,604.3986529985704,782.1534529741291,None
1730815956.411681,622.6321263805746,642.7324014909566,None
1730815956.511681,593.3239952920698,320.92818085984834,None
1730815956.611683,581.8948136771191,448.23614285089417,None
1730815956.711689,543.6914923219701,519.2125872528159,None
1730815956.811684,565.1695499557794,524.0252688536982,None
1730815956.911692,551.3992256453906,415.773627934511,None
1730815957.011688,573.0318270297479,317.3622361735074,None
1730815957.111681,680.8250166266653,711.598486578751,None
1730815957.211691,731.4912952171011,761.6603224621954,None
1730815957.311699,700.3771747279421,702.8444374832173,None
1730815957.41169,689.0726155610482,673.1087633142039,None
1730815957.51169,783.5115506345699,688.2896923846208,None
1730815957.611685,857.8115301063137,564.4409646345297,None
1730815957.711684,893.9491489234317,593.668017206445,None
1730815957.811691,990.4439488883272,647.4677082229956,None
1730815957.911681,1014.4716647169836,464.27224564276673,None
1730815958.011689,991.4776596686934,526.2207225993859,None
1730815958.111691,995.5895998042324,543.5118383551801,None
1730815958.211691,1016.5243165987451,556.5463096590817,None
1730815958.311685,694.1856423556206,681.185183221356,None
1730815958.411688,588.4033496527002,684.7753667614268,None
1730815958.511683,637.3021408867496,673.005863711119,None
1730815958.611687,589.0446356569385,687.2577555977374,None
1730815958.711682,613.9553474697561,671.4204372245035,None
1730815958.811692,603.8120856610869,526.9940491399535,None
1730815958.911685,600.4521059965247,532.4771804149693,None
1730815959.011687,597.339494577355,571.3124529728881,None
1730815959.11169,603.1548941837231,601.7563047269498,None
1730815959.211683,615.0479477845621,357.4374582196675,None
1730815959.31169,628.3807610880244,453.0853637542114,None
1730815959.41169,635.4855789428668,499.1531719550098,None
1730815959.511687,645.1513488809273,475.7296410473748,None
1730815959.611684,641.8843117689104,490.3418219378151,None
1730815959.71169,672.4877275225227,457.680040281057,None
1730815959.81169,718.1873683091004,698.6886868053106,None
1730815959.911685,739.5640515749963,776.7479648470411,None
1730815960.011685,708.1995075626454,719.2404557076652,None
1730815960.111689,716.5123331731289,702.9353292545164,None
1730815960.211686,668.5510670996068,682.8273115065967,None
1730815960.311686,591.4232618551806,362.6095841971018,None
1730815960.411691,616.8465476463247,491.9721568372453,None
1730815960.511691,618.7633142920826,524.9527250558092,None
1730815960.611691,625.5180577104625,530.19421975644,None
1730815960.711714,624.7117655201404,520.9000220244909,None
1730815960.81169,614.3999729052034,510.22777105479616,None
1730815960.911686,618.5863097841952,490.6306092278005,None
1730815961.01169,620.4070063082772,448.517655211926,None
1730815961.111691,692.4357196743747,610.7020842451574,None
1730815961.211689,761.9362059750454,819.6638930976309,None
1730815961.311686,715.2014201721661,729.5339313417525,None
1730815961.411681,697.1213263806522,693.2328090679099,None
1730815961.511683,700.4642051189692,670.0551545242778,None
1730815961.611687,700.5019878315233,650.4515086451421,None
1730815961.711684,820.9805681973041,643.5703898200308,None
1730815961.811687,964.7967550276974,634.9766451888058,None
1730815961.911689,940.362613084086,624.5358415561262,None
1730815962.011683,953.3210332270424,617.5776697214089,None
1730815962.111687,955.2806305551076,617.3976632514035,None
1730815962.211683,689.901803074445,566.4081577627584,None
1730815962.311685,603.6444363414661,613.2819443712069,None
1730815962.411692,643.3377020499373,625.2932190984525,None
1730815962.511685,649.502870125592,638.9576737689525,None
1730815962.61168,684.4958633728218,683.5856409893814,None
1730815962.71168,710.7552909627195,696.1118942873609,None
1730815962.811682,737.7125595312664,691.593612360898,None
1730815962.911683,611.4616135576533,641.5156199166338,None
1730815963.011684,643.3938630669086,643.1336156320923,None
1730815963.111691,571.7600286806214,670.9140444716804,None
1730815963.211689,593.7617912604065,676.2005437759642,None
1730815963.311685,553.9694675842425,715.6949497709224,None
1730815963.411683,590.4876321477518,704.0947975151234,None
1730815963.511686,603.5048170092267,667.1872194683663,None
1730815963.61169,630.2834085558475,659.3691222738796,None
1730815963.711691,649.1067146736124,641.591688825309,None
1730815963.811687,657.3394426493919,645.1140787361553,None
1730815963.911684,665.9681129320356,646.2509778207501,None
1730815964.011682,666.615564902137,595.5469145647451,None
1730815964.111678,667.1045030424926,614.6737479812929,None
1730815964.211686,667.6780537450816,641.3718078803287,None
1730815964.311685,667.392033966734,615.7461958979787,None
1730815964.411685,668.5483010962768,627.5388615941465,None
1730815964.51168,648.4827871380272,629.0329715145937,None
1730815964.611681,631.3459297986973,634.1951104020324,None
1730815964.711681,612.2284354112651,624.2380632466275,None
1730815964.811684,671.664562466465,664.5994166158264,None
1730815964.911688,729.5931578662831,697.7294626423786,None
1730815965.011691,686.3361729954139,697.0906703585816,None
1730815965.11169,676.2523314380064,663.1094392637112,None
1730815965.211683,677.7878087336874,659.5418541327032,None
1730815965.311683,683.8932543902441,636.5945141618494,None
1730815965.411687,662.1151062711401,626.3786973194406,None
1730815965.511687,701.5146731833056,649.1184724746804,None
1730815965.611691,687.8797647056621,637.2082706213037,None
1730815965.711684,668.1086492029206,633.0263964300032,None
1730815965.8117,682.0741090468362,630.8531486676303,None
1730815965.911681,719.1478984376919,639.2971422060875,None
1730815966.011689,651.1144383047182,628.5279073472509,None
1730815966.111688,657.6215200483438,633.1968470330777,None
1730815966.21169,678.7540075662808,627.3345992849245,None
1730815966.31169,680.4673716822518,629.8544130392521,None
1730815966.411687,698.8409414978971,641.7208541458925,None
1730815966.511687,715.6606811252315,648.2435420144915,None
1730815966.611688,649.6150043796719,617.1487053728281,None
1730815966.711689,577.508423448467,638.6504359173135,None
1730815966.811689,622.3012885668402,632.8170380808855,None
1730815966.911683,598.1479086875975,641.3921248203847,None
1730815967.011683,605.7011501237293,640.5258612161631,None
1730815967.11168,604.1985951214656,642.6213795044391,None
1730815967.211689,621.6472074446494,455.93444322515927,None
1730815967.311687,637.614216983067,489.8315286277762,None
1730815967.41169,637.5118287972388,536.1224417055165,None
1730815967.511688,631.4459109242264,545.2459755394916,None
1730815967.611688,646.769490639347,538.5847238325066,None
1730815967.71169,738.2553400244547,645.2427530035112,None
1730815967.811684,852.8887277007358,760.115835906782,None
1730815967.911685,842.6760096994444,718.1598965231472,None
1730815968.011687,795.0053989974183,703.7440013221596,None
1730815968.111687,646.6472995447724,740.7341503110559,None
1730815968.211689,541.2160789299965,738.1157392574438,None
1730815968.31168,547.1032386709825,708.7346599562503,None
1730815968.411689,560.0525301900872,751.6832370433535,None
1730815968.51168,571.9202655406472,751.1171970393073,None
1730815968.611693,581.7151966874826,747.4144166811247,None
1730815968.711694,579.9121401747612,660.8988795156555,None
1730815968.811691,584.924362116769,654.2787913770316,None
1730815968.911682,590.2894383668436,642.4236243051862,None
1730815969.011691,558.7189930800757,614.2297307114991,None
1730815969.111688,561.1849269918016,543.0598791282493,None
1730815969.211687,560.3355749618424,577.0341566746579,None
1730815969.311686,650.6972567619015,641.2298093441235,None
1730815969.411683,730.8723908707025,647.2850834800893,None
1730815969.511682,716.0362448083865,663.4286323954465,None
1730815969.61168,718.4485741875442,675.8594318031556,None
1730815969.711685,681.8410913343531,686.4465204074628,None
1730815969.811686,711.3165599040981,669.9667933189845,None
1730815969.911685,645.9101713925909,669.3435390117971,None
1730815970.011684,665.7518101749076,675.0706725905516,None
1730815970.111682,659.421860431634,640.4443140897852,None
1730815970.21169,643.3082623327365,638.8534677179193,None
1730815970.311689,695.6514280291839,653.6180124106842,None
1730815970.411691,714.122721157383,658.5565805439619,None
1730815970.511684,732.1206711038784,663.6993403404654,None
1730815970.611685,648.6310016569619,710.1856012119174,None
1730815970.711682,566.0729701354546,773.9637828849332,None
1730815970.811682,586.5004899535079,772.8546098133647,None
1730815970.911685,581.6230904262408,788.6590826661421,None
1730815971.011692,586.728509890347,759.3887002751691,None
1730815971.111691,589.9663164714002,530.245383576201,None
1730815971.211685,605.8808120058708,564.322575107695,None
1730815971.31171,609.886624980697,557.8272726304773,None
1730815971.41169,607.3762834479182,591.6980828754074,None
1730815971.511691,600.9326346030003,616.2309059442234,None
1730815971.611687,601.8706362306721,617.5382318645776,None
1730815971.711688,601.5555156964332,514.6183964666217,None
1730815971.811686,610.1568327060783,521.812458024149,None
1730815971.911683,599.6777175116714,533.4394583095959,None
1730815972.011702,599.403106442531,524.5499103592049,None
1730815972.11169,621.2683531689581,537.3521127220184,None
1730815972.211691,585.0885509564738,532.7206962751552,None
1730815972.311692,586.0891969849858,521.7106316037463,None
1730815972.411692,560.208397491706,786.0586539127415,None
1730815972.511684,578.5961949227974,755.8589317116537,None
1730815972.61168,599.0441534316838,710.7058812965383,None
1730815972.711686,575.8562243906401,723.424242768832,None
1730815972.811689,576.4635872584499,679.0861969514224,None
1730815972.911688,553.6332117544638,689.8703094771244,None
1730815973.011689,566.8863005077922,698.222302153956,None
1730815973.11169,581.9261888949209,725.70780904311,None
1730815973.211687,584.8142455324696,741.4500395122319,None
1730815973.311687,574.984406413019,753.0515877280735,None
1730815973.411688,585.6787583375072,747.3644634736515,None
1730815973.511688,563.7696400940131,561.3467112327426,None
1730815973.611689,562.1751572297017,563.4738446950385,None
1730815973.711689,623.5608420218907,577.8352149375658,None
1730815973.811687,593.6537171364366,575.6639652218043,None
1730815973.911687,594.3207753179967,629.712065993362,None
1730815974.011683,575.8350798987387,678.9849949051443,None
1730815974.111693,571.59493258766,713.7767328848223,None
1730815974.211693,562.7891922357953,717.5890436561948,None
1730815974.31169,622.8928581911889,706.7707090563277,None
1730815974.411684,657.814219825226,702.9878164493372,None
1730815974.51169,618.6971943582041,680.8977198451154,None
1730815974.611689,581.1297125532622,675.9747107475546,None
1730815974.711685,549.0357354398757,658.6897628466547,None
1730815974.811684,549.4529682982603,659.6876953787956,None
1730815974.911685,546.8131500003433,666.7191667781133,None
1730815975.011682,545.6446739218661,673.033318932327,None
1730815975.111682,549.3874053037987,677.1504239274275,None
1730815975.211683,563.238551397691,686.4644993784489,None
1730815975.311683,615.2943237093581,768.1348438387658,None
1730815975.411684,570.7183972274826,737.5339935791345,None
1730815975.511682,584.2029657843063,745.9490227460723,None
1730815975.611692,675.5866948689946,672.4124603033642,None
1730815975.711687,683.1193129779805,674.3641302827097,None
1730815975.811687,654.8897516090125,669.4055487272192,None
1730815975.911685,657.2522703512753,675.9579355857873,None
1730815976.01173,557.2230033667502,738.764932706382,None
1730815976.111683,597.3320983798718,768.9901496567999,None
1730815976.211691,598.4379384236313,753.9638866086335,None
1730815976.311686,585.6986325583093,736.3755060866757,None
1730815976.411686,594.562991454417,722.9084247679714,None
1730815976.51169,593.2845766526618,723.6129378637535,None
1730815976.611683,596.4637352095481,720.3362426040488,None
1730815976.711707,604.9426039089217,921.06482765345,None
1730815976.81169,616.937769110641,875.5647113195835,None
1730815976.911688,634.0974282972768,839.2180450754636,None
1730815977.011688,647.9226376929549,828.5836597487229,None
1730815977.111687,648.1475835413785,844.3832496718414,None
1730815977.211685,643.9999071497159,849.0052576831424,None
1730815977.311698,651.7313093323743,873.0952085847488,None
1730815977.411686,652.6638681670337,920.4838053994343,None
1730815977.511683,650.1105115512324,553.4635325287102,None
1730815977.611683,624.7304474854316,638.2636933901236,None
1730815977.711683,618.1724899789267,670.718222799798,None
1730815977.811693,614.1863852361892,705.3304549690619,None
1730815977.911686,569.6863853858922,589.4958448538715,None
1730815978.011683,566.0957468009917,579.9135889721808,None
1730815978.111689,572.7273266049071,551.2532479000547,None
1730815978.211684,583.718843065335,555.5949007641118,None
1730815978.311685,583.4740116026785,547.0367339748217,None
1730815978.411693,599.76558297834,736.2984726968592,None
1730815978.511693,606.1980793176407,743.3246434856194,None
1730815978.611694,599.7691518303559,730.7393648380033,None
1730815978.711688,566.2077077241863,708.9606293768944,None
1730815978.811687,651.8826609758124,675.2732907952447,None
1730815978.911678,760.4565313056247,648.5785881847744,None
1730815979.011687,754.3842336185601,646.1882781749985,None
1730815979.111686,505.5517372565192,707.6227615386969,None
1730815979.211686,536.984648117586,708.0660424259548,None
1730815979.311692,549.5590491711118,709.4629488463409,None
1730815979.411689,565.7021318060034,707.4580878814397,None
1730815979.511685,593.9301928438227,716.2753579833242,None
1730815979.611685,610.794053913293,731.893997831291,None
1730815979.711692,630.1996915527271,735.6577618254587,None
1730815979.811691,639.113507901187,744.409174803516,None
1730815979.911685,643.3733563816452,742.3212485492346,None
1730815980.011689,642.4917420563262,732.5523546234523,None
1730815980.111692,637.326749361338,719.5984058969048,None
1730815980.211687,657.3243366982525,751.4159203057457,None
1730815980.311682,660.899356838635,768.7259062809051,None
1730815980.411682,631.9402612537546,801.0734049736968,None
1730815980.511683,654.6641415221607,819.0804908251488,None
1730815980.611681,671.5901959502661,846.4029716226846,None
1730815980.711682,675.0729077480232,860.7728540143922,None
1730815980.811682,676.3139030952397,859.4547619914674,None
1730815980.911721,683.3315156432435,859.5538350813126,None
1730815981.011689,695.2539124689165,857.0745843864329,None
1730815981.111686,697.7754627216651,847.2387298069092,None
1730815981.211684,689.244090203816,827.5737937957543,None
1730815981.311689,682.6845196083693,812.2323522069394,None
1730815981.411689,683.1089160355046,822.1134190454178,None
1730815981.511683,681.8087506364632,821.1668002043886,None
1730815981.611684,673.4094810740553,810.4377710642809,None
1730815981.711692,674.3549368909935,808.0535306391902,None
1730815981.811686,685.0558679373531,803.0573385101842,None
1730815981.911683,693.6918158849431,812.6006730753959,None
1730815982.011684,692.3268812881479,807.0089389711097,None
1730815982.111686,694.108576947101,807.6349307472262,None
1730815982.211694,692.223577550877,797.2257299195775,None
1730815982.311684,693.2302600832301,787.6617194262388,None
1730815982.411687,686.1630879139433,779.8560604368521,None
1730815982.511683,680.9754542449912,776.8800181566412,None
1730815982.611687,685.0689242774922,778.8736502932269,None
1730815982.711684,671.3459092020368,755.5342358708126,None
1730815982.81169,647.4253739203019,771.838566372455,None
1730815982.911687,637.2698626934725,620.1555826002,None
1730815983.011694,676.8497126495173,597.2553750623125,None
1730815983.111689,642.7922745961087,644.7786586488967,None
1730815983.211688,615.985381584892,668.0324997378538,None
1730815983.311691,731.7959613389014,680.4554973393859,None
1730815983.411681,914.6014195488048,619.7421364360775,None
1730815983.51169,906.127354210768,614.1363619292881,None
1730815983.611693,776.8808968484564,609.5999168592338,None
1730815983.711681,656.4530768121733,647.3369022456332,None
1730815983.811687,655.3448170854726,628.0791498585143,None
1730815983.91169,694.4893444422029,643.5240788780122,None
1730815984.011691,666.3796340003522,635.1733380190143,None
1730815984.111692,679.8809373016306,652.7741359329294,None
1730815984.211687,697.5167137723942,626.4487015122,None
1730815984.311685,727.1294602741482,649.2951687288446,None
1730815984.411685,561.3285114815815,613.9960648242699,None
1730815984.511685,571.8267477633435,648.5866447897841,None
1730815984.611684,581.0553980513013,658.0801606964028,None
1730815984.711687,586.9755291819557,650.178920013773,None
1730815984.81169,730.9360007689997,612.1103205929699,None
1730815984.911688,914.790838941566,668.8376885754914,None
1730815985.011683,911.1875133577372,654.4154263171766,None
1730815985.111689,928.3090923067988,651.1433621901027,None
1730815985.211727,881.6937744098273,658.117347283518,None
1730815985.311686,917.8066997502466,656.2332431272641,None
1730815985.411689,926.013783441834,663.5892033079413,None
1730815985.511688,907.98692327045,677.9506797971233,None
1730815985.611681,677.6417546701421,658.2574685523693,None
1730815985.711679,612.7732853426555,698.6785493786906,None
1730815985.811689,624.5422365933823,662.4169066938139,None
1730815985.911689,637.420432013119,645.0450766279293,None
1730815986.011691,584.2921765237683,741.5624877344771,None
1730815986.111688,543.5803107725967,738.954292081581,None
1730815986.211683,538.8629338989954,734.8112125136645,None
1730815986.311682,565.2639824883425,733.6628224340396,None
1730815986.411686,595.5018683125836,700.7740062641486,None
1730815986.511691,713.5901187329213,605.6727864929439,None
1730815986.611685,681.2288745369113,616.4081635646612,None
1730815986.711685,693.285447566122,635.0865277902412,None
1730815986.811687,680.3362051194126,634.7331517314135,None
1730815986.911684,671.117584733515,614.4124487774711,None
1730815987.011684,658.3442900203519,602.1900293047001,None
1730815987.111683,642.945261510222,390.1449164759686,None
1730815987.211684,637.8117084025056,474.3486498964764,None
1730815987.311686,647.1267921039221,488.5040181047862,None
1730815987.411682,672.2980720018629,506.0821334266356,None
1730815987.511683,673.0288440102411,515.6556642443736,None
1730815987.611684,676.62452320397,526.8393811345267,None
1730815987.711689,695.5216366351447,522.2251958049112,None
1730815987.811687,651.645767446813,648.5959692218266,None
1730815987.911691,643.6202737788715,615.5118315811676,None
1730815988.011691,642.3621934310347,609.8685966015661,None
1730815988.111688,632.7911245712828,602.727442659522,None
1730815988.211702,630.3970585323771,600.0623458012067,None
1730815988.311692,611.9154193365707,588.6205554095768,None
1730815988.411692,674.3765194237818,585.5297701885698,None
1730815988.511693,798.4998432664005,739.868523538201,None
1730815988.611684,825.1935678767443,690.0562576767737,None
1730815988.711688,901.1704530538112,653.4098536518966,None
1730815988.811683,992.9761560044236,639.5463085227744,None
1730815988.911682,951.0930930802408,623.2489009039839,None
1730815989.011682,918.9717753860656,627.7137015364497,None
1730815989.111685,905.4280695451096,615.9282714634736,None
1730815989.211689,914.4877742862136,617.7957351462105,None
1730815989.311688,879.4677552507948,615.1040988341479,None
1730815989.41168,693.0540785325556,604.7330032846812,None
1730815989.511689,707.8495586634193,607.5346891176299,None
1730815989.611692,744.8977352072993,578.2507585984706,None
1730815989.711686,620.6643318084652,736.4662303460893,None
1730815989.811689,605.7791469204434,713.850464739146,None
1730815989.911689,642.4670883805762,683.8744115257479,None
1730815990.011689,621.0461082664939,717.9006707115141,None
1730815990.11168,668.8287614687281,681.4472590837016,None
1730815990.211685,666.3631203550515,734.466222854751,None
1730815990.311684,679.3702249853472,779.9118593190649,None
1730815990.411693,693.3452604987527,788.8222495386747,None
1730815990.511689,688.5034154437313,797.2488460367134,None
1730815990.611685,731.5245665419847,539.9686567357797,None
1730815990.711689,780.4747076247832,469.94158190310463,None
1730815990.811691,765.5724580710702,514.8057374160877,None
1730815990.91171,760.2031978094327,541.0126135513203,None
1730815991.011685,722.4846865630501,649.6882705641152,None
1730815991.111686,723.3787823477023,657.2980189672659,None
1730815991.211689,757.2133453996495,889.4335330711459,None
1730815991.311687,741.7427229163512,921.491743552422,None
1730815991.41169,738.2618158705203,857.2233970276673,None
1730815991.511689,746.3886661287905,879.0684990881801,None
1730815991.611682,738.1685285476689,854.533341957508,None
1730815991.711691,724.1801194991925,877.7834994513133,None
1730815991.811691,715.286251159484,879.9175750040015,None
1730815991.911687,731.7321765372691,989.6698394688366,None
1730815992.011685,682.0239810346088,811.2652448268416,None
1730815992.11169,754.3913164695915,506.81669932925706,None
1730815992.211688,779.5202198054408,594.386232154826,None
1730815992.311688,769.0493226477868,633.7203147072894,None
1730815992.411681,763.9661347868556,645.0443681309933,None
1730815992.511686,777.4196516921086,664.2437366075546,None
1730815992.61169,622.8389197699388,771.6028037199751,None
1730815992.711689,599.5248987710289,764.6347715385061,None
1730815992.81169,608.4564858986116,751.0853856721075,None
1730815992.911685,609.2767508994225,714.8203333831036,None
1730815993.011683,626.13510585982,725.1032530894764,None
1730815993.111681,620.1164386290247,679.771306454681,None
1730815993.211691,624.5340033248856,683.3516748141302,None
1730815993.311686,605.9162729142708,623.8331208003293,None
1730815993.411683,604.3072576884938,637.973217394976,None
1730815993.511687,644.2786802845367,617.7345162682506,None
1730815993.61169,629.444253327182,620.9955992802236,None
1730815993.711678,623.1839086419661,623.6343237896393,None
1730815993.811687,656.0209462528169,714.1121931664311,None
1730815993.91169,657.3309322560483,698.3391647920486,None
1730815994.011687,638.9100606703187,704.0187544944214,None
1730815994.111687,622.4665618481362,716.2488062006001,None
1730815994.211681,618.0129191820059,717.9483258891303,None
1730815994.311682,588.391522589056,730.3705208155114,None
1730815994.411679,606.9777445299177,724.9512378489255,None
1730815994.511687,600.2587666680135,718.474787119596,None
1730815994.611687,588.6151920831169,672.1946595588909,None
1730815994.711685,684.4112113529753,636.6966434563607,None
1730815994.811688,632.6780308122959,638.3730907374534,None
1730815994.91169,651.8284655108762,637.1779373683252,None
1730815995.011688,627.9295336962041,659.8861193774686,None
1730815995.111683,650.6309053242579,673.9116946798397,None
1730815995.211687,627.6636769478112,679.9763092230697,None
1730815995.311687,539.6797720334487,730.7698157231744,None
1730815995.411691,565.094278842482,721.693052489379,None
1730815995.511684,575.7129473809118,696.1339971521446,None
1730815995.611685,572.8225845316308,688.2034778531106,None
1730815995.711683,581.343313177625,704.8500719745235,None
1730815995.811681,595.5669775158673,690.2835776184083,None
1730815995.911693,733.1579633297605,633.714260179126,None
1730815996.011682,726.5924276688286,663.5057007910071,None
1730815996.111688,710.0321138379866,660.8924942571973,None
1730815996.211683,713.803004499593,660.592553247688,None
1730815996.311684,711.2335077133209,665.0582019012941,None
1730815996.411692,690.0595601128057,654.1563225297494,None
1730815996.511687,708.7705910294251,662.3086798150091,None
1730815996.611692,724.6911795331042,668.5864778628631,None
1730815996.711687,761.8099339929167,679.6280463532561,None
1730815996.811682,807.8164843238749,687.4037152729329,None
1730815996.911683,754.1623875451555,680.1875178381767,None
1730815997.011688,642.6445385939594,679.0730550355324,None
1730815997.111691,621.403637864209,670.6952550396122,None
1730815997.211689,596.3916901845612,665.8837883393808,None
1730815997.311692,629.8590493374297,665.2322406420975,None
1730815997.411689,658.3006868042897,669.5939136862565,None
1730815997.511708,608.4448237843364,674.5910681374107,None
1730815997.61169,638.3803643155807,680.7675677620804,None
1730815997.711691,571.8559185153654,687.0257366824646,None
1730815997.811689,618.6847972089552,685.4532340700932,None
1730815997.911688,558.4741486696239,679.6856137563276,None
1730815998.011688,583.9600965312748,673.5113249293752,None
1730815998.111682,602.2146078615151,659.3974339935204,None
1730815998.211687,620.2573747805249,651.4891115044296,None
1730815998.311685,618.279041391904,654.9865588638509,None
1730815998.411691,615.4725987289743,635.1608295136654,None
1730815998.511685,619.194507154529,647.4804809985063,None
1730815998.611684,629.0828169738882,653.2956792414851,None
1730815998.711685,642.8508909683659,660.5969706405001,None
1730815998.811683,641.2597616046481,663.2149015074085,None
1730815998.911687,647.1948618352396,650.126127828651,None
1730815999.011683,646.0413893995363,636.3730032881497,None
1730815999.111684,636.8077314968764,648.4707248929906,None
1730815999.211685,650.4052076532582,648.8962582340216,None
1730815999.311683,665.2989741397442,625.8094099978854,None
1730815999.411686,672.7402825953392,631.1679841087349,None
1730815999.51169,675.3213069989578,639.8742908895007,None
1730815999.611686,674.6996874736584,627.0108951149323,None
1730815999.711684,700.0890000810211,633.6914472678637,None
1730815999.811685,730.1137252161327,631.8769767723038,None
1730815999.911689,781.6408129809275,637.658067755961,None
1730816000.011686,699.4398500392224,669.2719757554396,None
1730816000.111689,637.8799562406009,688.451739595888,None
1730816000.211685,624.0273452656664,640.4761192317083,None
1730816000.311686,654.2180860484925,650.6962739861913,None
1730816000.411686,605.1681011637043,660.2496473672641,None
1730816000.511691,613.8398987755531,661.1864492502267,None
1730816000.611686,634.1492119168173,682.2018638344308,None
1730816000.711684,620.1187443975302,662.8529238370074,None
1730816000.811681,620.5726414672084,664.948461418762,None
1730816000.911732,639.7854413831096,661.3337402536774,None
1730816001.011692,672.061323637264,682.4236549240765,None
1730816001.111689,679.7800279552991,683.1681860814838,None
1730816001.211686,716.1239898549758,696.8251251272625,None
1730816001.311689,736.3070145623551,700.3926944350754,None
1730816001.411684,684.8351965183484,714.8926547119228,None
1730816001.511691,712.3175349195486,703.6738590320263,None
1730816001.611688,692.3449263968591,685.7641868577196,None
1730816001.711689,734.5676588279019,673.409056085977,None
1730816001.811681,711.2010378000301,660.4843259534982,None
1730816001.911688,733.5973629064839,650.4754138172702,None
1730816002.011689,713.8591344973921,636.0295337830358,None
1730816002.111689,747.5300946249373,645.894873908166,None
1730816002.211691,731.5433432269294,655.4387399637384,None
1730816002.311689,782.5600579576089,635.8265326955675,None
1730816002.411681,720.7905770662302,654.2588535757586,None
1730816002.511691,727.2844789376841,629.9858552590891,None
1730816002.611687,708.3443627733645,645.6907248702198,None
1730816002.711685,724.6618470291792,622.8091403364215,None
1730816002.811686,727.1798663099433,634.5090974569998,None
1730816002.911684,696.752234622925,650.8848437909462,None
1730816003.011679,678.2731625573499,659.5464987426726,None
1730816003.11168,703.2558985611954,671.8193835982834,None
1730816003.21169,723.4707899770784,669.7743280654256,None
1730816003.31168,710.0417272269075,681.9992518448687,None
1730816003.411687,669.8313478363161,691.6813201799412,None
1730816003.511694,714.2308683813163,685.3820426007227,None
1730816003.611677,653.4091384856102,666.4719083882512,None
1730816003.711683,698.2918957837904,660.769405170453,None
1730816003.811688,619.6209708687068,644.4096602778088,None
1730816003.911692,644.6598084782111,649.6132127834153,None
1730816004.011689,638.6721343795882,662.5652958390888,None
1730816004.111691,598.5232399043323,721.4251471747641,None
1730816004.211688,593.9001774551953,743.171761728197,None
1730816004.311686,624.846251569052,706.293651055032,None
1730816004.411684,647.4437972897772,685.724339370875,None
1730816004.511689,675.8604100692437,674.7688821779913,None
1730816004.611683,668.6131016752627,667.2544080851619,None
1730816004.711686,664.2058196622843,671.9793382864893,None
1730816004.811688,651.594474887593,681.2397046170762,None
1730816004.911687,645.1817640736062,677.4723077604319,None
1730816005.011688,834.0690794470157,620.5218368230418,None
1730816005.111685,816.8004371081201,641.983920080965,None
1730816005.211685,839.2514621877121,644.3323991631606,None
1730816005.311685,856.4090510263342,658.7079684532956,None
1730816005.411685,820.2862539385771,654.7733306841908,None
1730816005.511687,805.4156058978665,656.0944281512643,None
1730816005.611686,735.5962559319621,642.704513729993,None
1730816005.71169,677.493032954134,650.6288185796055,None
1730816005.811688,667.753824626906,664.0247163788702,None
1730816005.91168,688.4411573015545,671.9636314064734,None
1730816006.011689,690.3470644293868,663.7951911055669,None
1730816006.11168,655.5976575877488,675.2209822802856,None
1730816006.211681,571.5053979398207,717.6374131312036,None
1730816006.311681,603.2955478522182,694.2806256840574,None
1730816006.411693,612.4637299084175,728.2522918136187,None
1730816006.511682,607.8121176926215,716.1823788145572,None
1730816006.611686,612.678775672362,756.0008650611572,None
1730816006.711686,592.1323265310829,738.6084475948778,None
1730816006.811686,606.6248403315032,731.2597775656967,None
1730816006.911689,610.8924230215798,740.8657159048705,None
1730816007.011689,620.4892124237887,753.2287064120139,None
1730816007.111714,611.7122802721568,738.5178558793067,None
1730816007.211689,613.7462121230219,753.9478432371395,None
1730816007.311687,598.2930479228228,760.2548249349128,None
1730816007.411685,725.5833838929863,640.9579793524827,None
1730816007.511688,718.7505883996555,647.2364548038154,None
1730816007.611683,694.6830253135548,668.3038994135217,None
1730816007.711683,659.737270525719,716.0767790724233,None
1730816007.811687,651.6826926372389,713.7073298642609,None
1730816007.911682,600.6021658691238,378.2815747475301,None
1730816008.011681,619.1744366482884,483.4942628857938,None
1730816008.111681,614.6743697770205,528.2438019001418,None
1730816008.211691,616.8632703025758,546.7406495754395,None
1730816008.311687,589.663551771372,758.5050724327214,None
1730816008.41169,586.1231272502566,704.8425043714901,None
1730816008.511688,580.475487593566,648.9448523978684,None
1730816008.611688,638.2710074568512,681.4285287195472,None
1730816008.711684,692.25528271122,802.5066687426457,None
1730816008.811685,691.5985406731019,732.2265548434888,None
1730816008.911692,703.6704231728125,696.2925674111781,None
1730816009.011692,724.5691390285378,682.0879934521271,None
1730816009.111688,713.9255849472323,663.2722351883438,None
1730816009.211688,724.9163882412091,656.727445651725,None
1730816009.311684,749.1681710758843,651.513246556043,None
1730816009.41169,776.059957140299,649.8627658629259,None
1730816009.511688,838.72884310696,669.6096844805776,None
1730816009.611691,825.2812687195685,659.406991986361,None
1730816009.711693,604.6294052023933,668.3407955387669,None
1730816009.811681,588.8158197670873,643.696941302606,None
1730816009.911685,623.6744675591652,639.3533262904502,None
1730816010.011687,572.6613911770157,718.7548852476956,None
1730816010.11169,570.1790491629291,780.3943491284246,None
1730816010.211688,565.4298539134295,779.4271160949544,None
1730816010.311688,541.0176081923606,745.1970072881712,None
1730816010.411686,537.9659470764288,694.8730102364966,None
1730816010.511686,522.8681009898768,707.9567217787927,None
1730816010.611687,731.0448867862798,623.8727268951209,None
1730816010.711683,720.6365592766498,638.7074309565984,None
1730816010.811693,720.3095946175888,645.5582659514092,None
1730816010.911693,700.7236523616643,651.4101851447062,None
1730816011.011691,756.7176056688733,650.632717716905,None
1730816011.111686,753.7958073967229,652.4498371050516,None
1730816011.211679,684.6328225028742,638.1892608821574,None
1730816011.311686,700.333419923956,663.5061855052794,None
1730816011.411685,689.6248998354334,670.1051549516002,None
1730816011.511691,637.2481306395232,671.0150679378569,None
1730816011.611688,609.9473325582281,660.3428058025324,None
1730816011.711689,619.6323255804184,659.5458425891026,None
1730816011.811689,629.6730151727426,663.2439387089711,None
1730816011.911693,636.171744400052,660.3161107527399,None
1730816012.011687,649.1663360828337,649.956877690785,None
1730816012.111684,714.9332405302565,658.3481475524013,None
1730816012.211689,720.769440707213,643.2606310587723,None
1730816012.311685,731.2235053342106,635.6937641961138,None
1730816012.411683,764.0497789251034,635.2476159069168,None
1730816012.511686,791.5414768738399,637.9815110632842,None
1730816012.611685,806.3466733483638,633.5508906242762,None
1730816012.711687,701.1254925315023,616.8466303731636,None
1730816012.811687,704.9336033737233,620.6606233112237,None
1730816012.911688,669.8252265247322,626.5331656456891,None
1730816013.011687,671.1319549423517,636.4059892759593,None
1730816013.111688,628.3143459529045,656.7773045650969,None
1730816013.211681,651.4067774511905,677.6856995179326,None
1730816013.311689,699.3290097749037,690.8439741429261,None
1730816013.411685,649.1698181039769,691.5914025882648,None
1730816013.511689,638.0469166471978,682.1290051485067,None
1730816013.611681,677.8859587595124,680.557666292983,None
1730816013.71169,675.3177611948237,684.0928957849162,None
1730816013.811683,722.3285014971443,690.8285730465992,None
1730816013.911688,609.2898831196839,676.2396021753989,None
1730816014.011688,631.1575404312805,678.1275707817873,None
1730816014.111687,645.2313816452458,677.471298730592,None
1730816014.211684,618.0649208136458,610.1003739876774,None
1730816014.311689,640.3709549989917,622.9299623313045,None
1730816014.411686,672.3574366170594,642.3794012896212,None
1730816014.511689,680.5872654937767,591.0954374430489,None
1730816014.611694,663.5711214254801,589.6317548457745,None
1730816014.711684,631.4687880563464,554.9406140657115,None
1730816014.811686,717.5322571320505,691.100017661266,None
1730816014.911688,760.7726502751475,685.3251713683729,None
1730816015.011684,729.1747613059143,667.1225391982697,None
1730816015.111689,702.9137431661725,662.8756390233625,None
1730816015.211687,709.6109610269647,658.0560953923185,None
1730816015.311716,725.3691196688692,682.6243981827964,None
1730816015.411686,765.2937694946784,681.6390209422964,None
1730816015.511687,729.02076306706,659.4380575525754,None
1730816015.611692,706.2851190839767,644.8128099376536,None
1730816015.711684,633.2772519463542,620.7190610015946,None
1730816015.811692,659.4371558394416,626.2044836835078,None
1730816015.911684,656.872623181774,650.9791762548664,None
1730816016.011684,633.7625539293854,658.5693599420523,None
1730816016.111685,655.2122929608096,669.6291053878065,None
1730816016.211689,667.7612851396627,683.3296300645371,None
1730816016.311693,661.066139591783,680.3070224721922,None
1730816016.411688,647.271442293864,678.5903585497774,None
1730816016.511686,663.4988064876967,672.2107549156775,None
1730816016.61169,609.3022553640103,638.8083761405319,None
1730816016.711684,603.6336677049613,632.792111347135,None
1730816016.811689,688.7077163914502,645.5258663209054,None
1730816016.911693,740.3960493246337,652.4548813545806,None
1730816017.011693,741.2104647881034,660.9877951792404,None
1730816017.111694,725.4955214439332,667.1944949345349,None
1730816017.211687,700.7102503424566,674.68768348826,None
1730816017.311684,711.5501244969632,687.8101494231297,None
1730816017.411682,715.7749162068017,678.8455032579624,None
1730816017.511686,682.419261854772,686.8171044197206,None
1730816017.611685,687.9085566468573,688.732107529488,None
1730816017.711691,606.9510751409663,661.691427998393,None
1730816017.811682,615.5061503857287,646.6141842993751,None
1730816017.911692,585.9834296342298,627.2868704768036,None
1730816018.011689,613.7305860006231,631.1215525082753,None
1730816018.111685,592.8431944987332,626.634493466743,None
1730816018.211718,607.4330303072069,630.4060186862106,None
1730816018.311686,644.4194939276097,646.3125398551894,None
1730816018.411683,641.4488629082493,650.9719510701838,None
1730816018.511682,700.6516616203303,649.7314811581929,None
1730816018.611692,787.2551951428833,669.5200268347212,None
1730816018.711689,805.4215672260184,658.5716205217745,None
1730816018.811688,854.0167049042029,649.2733474240963,None
1730816018.911686,858.1013066808102,642.6460450010777,None
1730816019.011687,856.7799289085478,642.2533895846509,None
1730816019.111684,738.8733513463811,666.4968988790245,None
1730816019.211684,748.3329654293843,683.0498951099975,None
1730816019.311687,732.3231700677072,685.2945862524248,None
1730816019.411684,682.1160875198364,704.2576414910509,None
1730816019.511685,685.9835087395646,705.8831552770147,None
1730816019.611688,738.1689087876824,707.2929109131522,None
1730816019.711684,798.2315753387201,699.5834251789163,None
1730816019.811691,804.9104808256918,701.9109394827905,None
1730816019.911685,825.5758010805255,702.278515739721,None
1730816020.01168,669.685938193651,688.8128292131627,None
1730816020.111694,691.1666531676271,691.2823363444737,None
1730816020.211684,717.3362964738247,689.0798970644238,None
1730816020.31168,743.076925949142,709.1240306240559,None
1730816020.41168,684.6506684802779,693.0212254846316,None
1730816020.511692,701.329422406922,695.3020717967731,None
1730816020.611686,708.897644182654,672.1746999406821,None
1730816020.71168,755.0137202595622,654.1484654865387,None
1730816020.811681,613.0893203864092,597.929740155368,None
1730816020.911697,562.1840584383684,639.277274875416,None
1730816021.011683,586.1394377703878,633.4026541268904,None
1730816021.111687,588.5476234775699,592.9848309938504,None
1730816021.211686,598.7914434169593,618.8016830532163,None
1730816021.311689,583.9561594933552,639.2096124938863,None
1730816021.411692,586.5474696078807,532.4049040860616,None
1730816021.51169,610.6250561429797,513.8967134067352,None
1730816021.611681,622.4763449391643,515.3140169673874,None
1730816021.711687,640.5383705362215,531.6906977295257,None
1730816021.811687,637.4914417328692,545.3020405917987,None
1730816021.911692,653.4285551578329,528.9808735103466,None
1730816022.011691,714.474807571315,301.8686044621776,None
1730816022.111692,676.4725409156599,328.16899463117056,None
1730816022.211688,794.8552855988412,228.39088652866377,None
1730816022.311692,919.0972565236552,319.9203688307928,None
1730816022.411683,929.510790982239,255.26220230578747,None
1730816022.511681,908.3633914611128,279.6263040521389,None
1730816022.611693,724.5284010413797,476.1056863919006,None
1730816022.711691,632.1797136499283,715.9395497450904,None
1730816022.811689,618.921519310959,882.097295266713,None
1730816022.911684,658.028958650559,759.4369675051937,None
1730816023.011691,685.7266316906703,706.1484299868137,None
1730816023.111685,628.021916200161,716.9445676062392,None
1730816023.211687,636.3265750694965,703.6651569384352,None
1730816023.311691,607.8621670865925,701.3914445220123,None
1730816023.411686,645.6581151125276,671.9898607345614,None
1730816023.511691,691.1761477571811,661.8162511252888,None
1730816023.611685,711.9835615753996,531.885323224559,None
1730816023.71169,665.0527443574277,511.8677038268921,None
1730816023.811682,663.0711102463873,524.6614811437607,None
1730816023.911684,652.0379928246149,538.1205702869466,None
1730816024.011683,632.0320753637561,555.7403111042137,None
1730816024.111686,735.0941068219815,647.3167929715718,None
1730816024.211688,715.4362517276469,660.6036026660296,None
1730816024.31169,714.0072249026936,664.7430103345707,None
1730816024.411684,712.3386770964892,697.8214523476723,None
1730816024.511682,724.3292863629091,685.6989819929858,None
1730816024.611682,745.8069135547897,672.1039348426905,None
1730816024.711692,754.4057172653215,670.6875827274762,None
1730816024.811686,710.5387173790517,688.7677689698742,None
1730816024.911683,711.7859110902978,688.9929901545703,None
1730816025.011683,719.6084344803459,681.7307230931991,None
1730816025.111707,725.088018392249,684.0921919487379,None
1730816025.211682,737.575017696578,694.8966833061645,None
1730816025.311681,640.3355889150371,738.8724018841493,None
1730816025.411682,654.5050933439,721.1736192875372,None
1730816025.511683,725.5063665483713,681.0856505257428,None
1730816025.611683,779.6875535416215,669.8464775166323,None
1730816025.711689,752.97399488756,681.2180625666398,None
1730816025.81169,729.5934851478232,671.5914505441079,None
1730816025.911682,721.3154025445632,680.41306112837,None
1730816026.011691,723.8192810780704,686.3087502966279,None
1730816026.111688,744.6413999795433,681.6629064591922,None
1730816026.211679,756.0484002605078,674.6039185085998,None
1730816026.311687,763.025127319029,670.2431754962447,None
1730816026.411684,789.0079241951595,659.2248512051217,None
1730816026.511681,777.9983257153484,647.9835067793871,None
1730816026.611686,599.0449104453736,653.2952706102776,None
1730816026.711687,490.9143859382103,660.4089472463091,None
1730816026.811687,530.3552945857091,664.51269717348,None
1730816026.911691,550.1756556520384,698.4987160753693,None
1730816027.011686,585.7242838702905,707.8814034674556,None
1730816027.111687,612.0056297758914,762.4603499518556,None
1730816027.211683,621.3809807948445,740.6927071515564,None
1730816027.311682,611.7556419614564,714.3399150316927,None
1730816027.411683,614.7952120982674,699.024824704024,None
1730816027.511688,619.6765227693384,666.692463997447,None
1730816027.611683,614.772889032649,647.3927822148013,None
1730816027.711688,568.8610653837056,635.1701419112972,None
1730816027.81169,538.2674185531569,654.6875355936893,None
1730816027.911684,540.3891960837477,699.5038458523522,None
1730816028.011684,580.6273497584758,683.075056502453,None
1730816028.111685,738.3880584135139,756.5361850962054,None
1730816028.211694,734.9323428522544,682.0742149384104,None
1730816028.311687,738.9535858870499,667.6751043219884,None
1730816028.411687,773.8680450109817,662.4682984445876,None
1730816028.511686,821.8540091434099,673.7339120208051,None
1730816028.61169,791.9645319615433,679.0770904753637,None
1730816028.711683,963.1089398711678,598.2819683615633,None
1730816028.811687,956.2085102469983,597.4609886338602,None
1730816028.911688,956.721307467778,624.4234198338564,None
1730816029.01169,994.2348163365006,670.3031707342707,None
1730816029.111684,869.5165548857516,668.2409739901324,None
1730816029.211687,651.6077023319053,646.0286131785641,None
1730816029.311687,670.8296238952007,639.4824456698664,None
1730816029.411685,676.4785412725747,626.3930943645842,None
1730816029.511687,669.3708383906796,615.7619291811188,None
1730816029.611682,668.2527903967202,626.963871791352,None
1730816029.71168,672.2547068160264,646.3450167587907,None
1730816029.811686,645.7250161301489,667.8530804784068,None
1730816029.911691,645.855154995505,640.6654124150599,None
1730816030.011728,463.18307009924905,602.884380542649,None
1730816030.111687,513.2314189326676,635.2059629878333,None
1730816030.211688,531.6945407883567,612.5772429066067,None
1730816030.311685,515.2833350669157,576.0530979109828,None
1730816030.411685,513.0003577130241,576.7539808463844,None
1730816030.511689,538.1374461532025,427.5628640314997,None
1730816030.611686,558.7344693258874,485.3308845349761,None
1730816030.711688,640.627586652924,577.9832426520397,None
1730816030.811679,636.918542348101,731.3066003162894,None
1730816030.911688,556.4530831693778,758.7828785010299,None
1730816031.011682,555.1361833558319,757.55277682271,None
1730816031.111696,567.6208987919945,720.7457062125369,None
1730816031.211687,563.263862183348,686.7562676767592,None
1730816031.311683,811.0012238200438,679.0533285892672,None
1730816031.411684,806.0203189248505,679.467317986712,None
1730816031.51169,842.0695581211446,667.7911511499674,None
1730816031.611687,895.3220006594985,677.4656486057576,None
1730816031.711685,955.128871024794,679.9670350782509,None
1730816031.811687,676.4768293930765,719.011348516872,None
1730816031.911686,720.6764696799671,707.6322793150764,None
1730816032.01169,676.8487979632002,699.6293201917854,None
1730816032.111686,744.4192447369322,684.440358177363,None
1730816032.211685,720.0444334851443,677.0682677693889,None
1730816032.311686,601.0086771720524,607.7553961527424,None
1730816032.411693,521.9647247377004,633.6557756178299,None
1730816032.511688,571.7455935406254,644.8144437833411,None
1730816032.611687,590.7412253914714,658.1858676176851,None
1730816032.711685,602.9158993526839,656.5361308036657,None
1730816032.811682,632.9756063131964,590.6963957517653,None
1730816032.911698,640.1225634898487,596.4742769487898,None
1730816033.011691,757.1877256654615,708.8247313878455,None
1730816033.111683,743.0185516710554,688.0124027248978,None
1730816033.211688,621.7172559518177,527.6621326585138,None
1730816033.311689,593.4088751506663,486.9650087189135,None
1730816033.411689,603.0789246397128,523.5063218356795,None
1730816033.511687,590.6244608785644,550.8468984569814,None
1730816033.611687,580.5003489392494,563.4570696035559,None
1730816033.71169,581.427022230745,641.7781286401165,None
1730816033.811691,592.8896408601806,654.5598422857693,None
1730816033.911691,599.6753279475266,640.6772862682831,None
1730816034.011724,596.8093505820906,621.1659645678142,None
1730816034.11169,602.5453483625095,773.1473324043668,None
1730816034.211691,607.4156918192814,754.071490289477,None
1730816034.311692,610.5276266683959,736.5592417957323,None
1730816034.411686,617.0222893828972,717.3260745586963,None
1730816034.511686,628.6672296521782,725.6825496154054,None
1730816034.611683,593.6830325327339,796.6564008196044,None
1730816034.711684,613.3939791829281,778.8688678943569,None
1730816034.811684,616.1805397400874,766.9150180486336,None
1730816034.911692,618.4220688871193,774.299793463962,None
1730816035.011685,623.071802876827,756.787423965337,None
1730816035.111689,621.1140711241488,772.4645543554723,None
1730816035.211687,628.2526678330472,770.0569329522536,None
1730816035.311685,585.3330514446143,656.252356512599,None
1730816035.411689,675.6548172464836,872.32898760685,None
1730816035.511688,661.5573343941021,523.8789851351086,None
1730816035.611686,652.5024098211637,545.7985759726383,None
1730816035.711691,657.7265705936379,532.3784989625497,None
1730816035.811681,720.954491282071,372.01369109559687,None
1730816035.911688,749.5226963076981,469.28368688132025,None
1730816036.011681,753.8066252148196,487.90759000300886,None
1730816036.111681,735.2837865148564,471.4916312195326,None
1730816036.211687,614.770479669266,677.2646073434936,None
1730816036.311682,593.4836959860423,796.3384203057257,None
1730816036.411681,612.9105104068128,725.1282798642867,None
1730816036.511682,594.9202543122425,774.885858280531,None
1730816036.611685,615.5522467551378,746.0455165404235,None
1730816036.711685,695.3027089858916,758.4214221948985,None
1730816036.811686,724.3420713180358,736.7460653947858,None
1730816036.911714,716.3337201170413,686.8979684397032,None
1730816037.011682,695.7338289546911,585.2912393094543,None
1730816037.111687,761.5867393822724,545.6770421595634,None
1730816037.211686,776.7737024717806,597.4725610259914,None
1730816037.311691,777.6462729923454,613.7802915543716,None
1730816037.411691,757.1657246355919,612.862168149178,None
1730816037.511689,767.4254511283003,656.6228829601469,None
1730816037.611686,771.613793821235,671.4794520777451,None
1730816037.711691,765.3552866085239,671.3204151629275,None
1730816037.811687,771.0172813208324,669.5283252529069,None
1730816037.911683,762.2930891833153,678.2170254102502,None
1730816038.011683,736.7785923925869,733.9711096699937,None
1730816038.111682,711.5057757358277,723.6867140155313,None
1730816038.211689,689.3591089143548,709.4144278955988,None
1730816038.311686,662.4849590476333,672.7408996531517,None
1730816038.411688,639.7470913998917,664.7464535885188,None
1730816038.511691,631.6558051204967,672.7522702936385,None
1730816038.61169,646.8464295004002,769.6074189609074,None
1730816038.711699,649.1483330875556,764.6141362811258,None
1730816038.811686,644.4870996349264,754.1519298098306,None
1730816038.911689,653.1864206363133,772.0150168102216,None
1730816039.011684,630.373356939831,498.61904318682974,None
1730816039.111688,605.1784114533276,545.4499410873652,None
1730816039.211686,643.7816744169171,570.5882201863506,None
1730816039.311687,614.3654878325874,563.7538487726927,None
1730816039.411687,638.0093856283077,579.9180724613844,None
1730816039.511685,654.5902350311679,584.6421190984858,None
1730816039.611724,636.8061640353313,587.801956131833,None
1730816039.711683,670.4759066258351,606.0537440025169,None
1730816039.811683,717.3136026396867,623.3430651037963,None
1730816039.911693,703.3413705503442,628.7141413241782,None
1730816040.011694,647.9453917929355,596.4537072299786,None
1730816040.111682,655.60298323297,594.6601262805117,None
1730816040.211687,664.7837330161059,627.0743354402832,None
1730816040.311687,813.6948071012589,730.4930459557353,None
1730816040.411688,795.0233947800682,712.1427795165396,None
1730816040.511688,767.4999068191353,688.4300402708462,None
1730816040.611681,816.0188806125667,678.0870670195618,None
1730816040.71169,806.283323978776,672.5277169936371,None
1730816040.811682,767.4625540542386,692.2938118171808,None
1730816040.911689,554.8495212780258,863.8742252409878,None
1730816041.011684,610.0562720770619,796.9951193608816,None
1730816041.111686,610.6853851612568,764.5839934566692,None
1730816041.211686,615.2274443321921,740.1928936649512,None
1730816041.311688,624.2180942970747,635.6937736836813,None
1730816041.411685,621.5246981287376,646.8770024123271,None
1730816041.511688,604.1785597454983,507.4030698147321,None
1730816041.611684,691.1780065562339,291.1059939074223,None
1730816041.711684,736.3752405868044,481.3299456689828,None
1730816041.81169,758.4000672547063,551.9609985696706,None
1730816041.911684,771.9266991387827,588.5719303455007,None
1730816042.01169,763.469020625595,609.9235976930805,None
1730816042.111688,714.6455594378596,557.0622371062585,None
1730816042.211689,683.9539922029935,661.2968068622733,None
1730816042.311689,777.8712495454056,822.5687524320101,None
1730816042.411684,748.6478221700256,721.8740818765485,None
1730816042.51169,742.5797297939386,674.9409513682598,None
1730816042.611689,718.5536345305162,619.5341708055968,None
1730816042.71168,689.4435087541625,612.5995348248201,None
1730816042.811686,530.6460532168268,544.6487174165644,None
1730816042.911686,557.2723252689287,548.5782764327697,None
1730816043.011686,564.3898459566852,553.2599101986473,None
1730816043.111689,590.7169313044611,565.8350926700289,None
1730816043.211682,574.6027193650133,565.5004701822807,None
1730816043.311687,582.0389537195244,583.9847282172655,None
1730816043.411687,605.24869771357,607.8895701064639,None
1730816043.511688,684.4151366409403,620.5476321978852,None
1730816043.611691,613.9943213445034,404.5588298920906,None
1730816043.711691,627.9894999898436,449.9171699657816,None
1730816043.811687,629.3156702476558,569.2908188233433,None
1730816043.911684,596.8621434388799,642.8855538880807,None
1730816044.011686,639.8353261004851,643.1516075784067,None
1730816044.11169,617.0900640412186,472.9743393515532,None
1730816044.211686,656.7586000035903,520.7610178087267,None
1730816044.31169,593.4455865621395,479.76092697878187,None
1730816044.411689,627.0008209749249,507.3690257760815,None
1730816044.511686,667.6933052887317,463.0607658115384,None
1730816044.61169,703.333108230627,263.5175367230416,None
1730816044.71168,716.1107752604388,446.44374366850167,None
1730816044.811683,718.1740120085043,420.8149510598344,None
1730816044.911684,706.7994943505211,465.5205925676296,None
1730816045.01169,660.1029831524353,499.6753675119464,None
1730816045.111685,680.2114454519964,859.2478908081096,None
1730816045.211691,694.3362931487952,765.0333772815997,None
1730816045.31169,698.9512659668005,713.0282347176901,None
1730816045.411689,701.2159048630677,668.9689767054128,None
1730816045.511689,702.3923372692752,631.639020740888,None
1730816045.61168,716.1111092790204,628.482240524492,None
1730816045.711682,617.1997868214156,595.1850494476653,None
1730816045.811689,613.9843158914445,590.5776152543707,None
1730816045.911682,742.5796592223566,674.2252994674453,None
1730816046.011684,750.3015476571733,677.7129141728677,None
1730816046.111685,652.6680022771222,611.2949649431051,None
1730816046.211685,626.1818837982468,592.4693322124901,None
1730816046.311682,619.2934565803376,578.8216805215287,None
1730816046.411714,619.1092452611389,586.9807212140962,None
1730816046.511688,591.7596679639504,588.7096127168644,None
1730816046.611689,723.0212575660636,639.9027431078358,None
1730816046.71169,718.1892603075515,668.9621741916832,None
1730816046.811682,719.2291931893428,678.6031614296236,None
1730816046.911689,685.725365673216,679.462377632257,None
1730816047.011683,690.7106090247473,692.8327948715905,None
1730816047.111685,697.8154081112449,703.3209242853093,None
1730816047.21169,647.638929941813,993.4202732013384,None
1730816047.31169,659.7220582277797,902.332196847869,None
1730816047.411682,638.4819176196594,878.3960240358438,None
1730816047.511683,626.9691597604431,914.6566801873688,None
1730816047.611684,711.8849292054682,576.795977766075,None
1730816047.711687,716.5237429019895,588.4433382499172,None
1730816047.811688,711.8550090999829,623.0585838416084,None
1730816047.911687,733.1503647747967,611.4744729605369,None
1730816048.011685,1040.6521911394489,561.8188200644863,None
1730816048.111686,1015.6251017516338,592.6761589358862,None
1730816048.211685,1041.088659153671,623.4108942042334,None
1730816048.311685,1058.18490209504,626.0685107458976,None
1730816048.411684,891.5201544093111,629.3693944461769,None
1730816048.511688,638.8325483582854,559.743521217282,None
1730816048.611683,674.4175950098249,599.8378282909772,None
1730816048.711697,580.5142241069807,451.6332231535612,None
1730816048.811686,599.1527500284056,515.9904398825925,None
1730816048.911685,645.0804479469457,590.8975807657303,None
1730816049.011687,845.5635912294016,729.7451917777591,None
1730816049.111681,855.4236222101899,734.1719822096198,None
1730816049.211684,889.5218967793037,751.9419860667688,None
1730816049.311687,1046.2275311683704,636.0768071088797,None
1730816049.411722,1009.712979940669,643.9119929617821,None
1730816049.511681,973.3647911541708,661.8719538562738,None
1730816049.611682,970.4764868531504,640.8174798419466,None
1730816049.711687,997.1921686391056,626.1760988710245,None
1730816049.811691,979.3164799268034,627.2697998163095,None
1730816049.911685,980.0889909090444,631.1421773368281,None
1730816050.011683,931.0746643094374,645.3734450790447,None
1730816050.111685,948.6721766532764,639.8679545100617,None
1730816050.211706,982.1923408034448,633.586401617779,None
1730816050.311688,955.7987250816316,642.820920703974,None
1730816050.411688,1036.593526072643,706.174156038248,None
1730816050.511688,1007.7206643162688,781.477909819922,None
1730816050.611688,981.4334428535036,739.8632235798103,None
1730816050.711691,793.5005710291764,659.500199684414,None
1730816050.811691,550.721432646686,608.4137242211087,None
1730816050.911692,639.4786461030214,640.3961146862225,None
1730816051.011687,599.1142290284648,652.0330133258169,None
1730816051.111689,611.2325344260952,646.0424397427051,None
1730816051.211695,612.5294041486536,633.4799034421056,None
1730816051.311686,627.4318012876881,675.4839091789275,None
1730816051.411687,596.7033468317595,710.4687627141237,None
1730816051.511683,643.9079894366546,469.7788805996389,None
1730816051.611687,704.9761852655718,245.19600725247608,None
1730816051.711683,799.2721585647861,159.51415782872607,None
1730816051.811684,902.8082244558648,217.91515262723647,None
1730816051.911685,913.2561862764508,255.83727700705717,None
1730816052.011682,895.1145244858466,224.914814747144,None
1730816052.111683,819.8679630332107,303.2643274092521,None
1730816052.211685,732.5616409945848,645.1501290524361,None
1730816052.311689,634.4770488594975,867.9904371908234,None
1730816052.411687,655.693029818869,815.021376156363,None
1730816052.511688,665.253482745299,704.7439479822815,None
1730816052.611689,699.5310658195572,664.4121952915394,None
1730816052.711688,621.92292072129,674.8639596099694,None
1730816052.811688,623.5687272100262,677.6548712608306,None
1730816052.911682,562.1892995576382,752.5902425251527,None
1730816053.011691,583.0092525189743,746.4228533013747,None
1730816053.111689,591.5487333876683,722.2088555668145,None
1730816053.211688,611.8372815392602,692.6107508905712,None
1730816053.311688,603.3405835945828,663.0487599585333,None
1730816053.411686,594.6580380976272,665.8410027517006,None
1730816053.511691,586.7325036866805,666.1153213679659,None
1730816053.611689,587.5751966314197,675.80443450998,None
1730816053.71169,601.179215390162,680.7555319424741,None
1730816053.811731,610.7015156291466,691.1267827534324,None
1730816053.911687,604.9002853605134,697.233577950163,None
1730816054.011688,752.9513738393659,630.4154902585497,None
1730816054.111682,753.5359213414996,660.1708889760569,None
1730816054.211688,687.0385847311676,629.1512189341383,None
1730816054.311688,667.6826891339626,325.3000205079497,None
1730816054.411685,657.9722923852463,407.0725981484301,None
1730816054.511687,676.1151855391245,412.26992300752113,None
1730816054.611689,672.8264703733739,394.0432749745354,None
1730816054.71169,684.6079503686791,506.5904572964029,None
1730816054.81169,700.3883495868589,828.3590184219444,None
1730816054.911685,698.948345431451,715.1087034779374,None
1730816055.011688,694.2931063802744,681.8930948214745,None
1730816055.11169,590.0918838071175,658.7146834949868,None
1730816055.211689,594.7725730504901,653.3279484433964,None
1730816055.311687,504.0410419296536,661.5205580640994,None
1730816055.411688,519.3783098206962,653.4002402901017,None
1730816055.511683,507.0797563522585,669.3214062257291,None
1730816055.611679,502.3638653112812,668.1018820085523,None
1730816055.711682,506.18814863512193,666.8426395884605,None
1730816055.811681,524.9014959656733,683.128487952964,None
1730816055.91169,588.2217921790395,643.2385652435476,None
1730816056.011688,623.6834764546844,642.665106035032,None
1730816056.111686,630.136586545721,653.2441653855506,None
1730816056.211686,610.4379234777685,651.9104678460898,None
1730816056.311683,630.7033956887839,647.8802607215545,None
1730816056.411683,638.2104911112449,643.7628575133414,None
1730816056.511684,638.0528870513446,640.1976312276347,None
1730816056.611685,639.7839482169531,640.7868386423906,None
1730816056.711685,667.859083080561,658.6700699171118,None
1730816056.811688,575.6277481907513,714.0404278126002,None
1730816056.911687,571.4511704256585,719.928876279381,None
1730816057.011689,691.1552055240777,661.161587899192,None
1730816057.11169,676.686326082211,648.2603624985862,None
1730816057.211684,687.0842596965181,652.9179206109641,None
1730816057.311684,696.7568769493668,651.0795197709374,None
1730816057.411685,627.3388773211062,657.5478654595463,None
1730816057.511692,633.7778651697779,658.9296928869888,None
1730816057.611691,645.4450403462878,663.5841611959775,None
1730816057.711683,620.2924254824354,680.7024113387705,None
1730816057.811684,638.2208185367432,688.2379502870501,None
1730816057.911684,555.1928269454723,687.6069551376536,None
1730816058.011685,568.2353319858084,683.939223767888,None
1730816058.111682,578.6828415617024,681.3621324113425,None
1730816058.211688,571.5565214907721,674.8810380085828,None
1730816058.311689,594.4717491722828,808.0265855573226,None
1730816058.411691,594.6335820408952,749.0921063262987,None
1730816058.511691,573.3602200195995,654.8995230185766,None
1730816058.611691,586.1442464253475,651.5251267726193,None
1730816058.711683,620.1261379835336,559.133685505506,None
1730816058.811684,620.6003707401193,464.5350824858323,None
1730816058.91168,604.4339242149146,511.67829082047217,None
1730816059.011686,613.0627082359553,506.413350184734,None
1730816059.111691,615.3861649304955,503.5608344220148,None
1730816059.21169,615.7093555526043,469.2937259354966,None
1730816059.311694,653.9924858714267,557.2666741191723,None
1730816059.411684,664.3992635341367,767.2613377817951,None
1730816059.511681,656.7859594123262,724.9124696701177,None
1730816059.611694,609.2531993007535,685.8383144470533,None
1730816059.711691,605.7382368824755,683.3252547104463,None
1730816059.811685,605.3934879462569,680.1237777447092,None
1730816059.911687,612.6716835307282,683.3500336262583,None
1730816060.011683,605.5144473880134,682.3815437293964,None
1730816060.11169,610.4650627397444,677.1218325882259,None
1730816060.211691,575.5185645345291,593.9152816326255,None
1730816060.311691,575.2730512468333,594.3653919271128,None
1730816060.411692,585.83557179771,600.338438412865,None
1730816060.511693,590.3419062710759,602.6851058193782,None
1730816060.611688,575.9788377996218,597.7629521063,None
1730816060.711689,591.21525525773,607.4219553802931,None
1730816060.81169,586.5828360330936,626.760251230406,None
1730816060.911687,590.7855771111329,703.7581017718636,None
1730816061.011689,583.9981783576368,705.0026012849769,None
1730816061.11169,641.8826943298815,711.6864990421658,None
1730816061.211686,635.8532486326773,675.0788925232272,None
1730816061.311688,632.3963402424473,677.3069702758526,None
1730816061.411683,646.7776396388201,673.4232492858496,None
1730816061.511689,636.0229998500662,661.7536890518464,None
1730816061.611689,637.6749626369118,651.3728253256596,None
1730816061.71168,607.0214404671099,659.1207740377494,None
1730816061.811714,607.0984088286559,657.0963844698811,None
1730816061.911692,550.0949861739871,700.0702097058146,None
1730816062.011686,548.9789655006559,720.0820904807703,None
1730816062.111686,570.8787348047756,714.9413250868548,None
1730816062.211685,564.568826993915,706.4582041578583,None
1730816062.311687,643.9904595530021,680.2238499763932,None
1730816062.411689,648.4706768269623,685.1177225287108,None
1730816062.511689,668.8358771354534,675.1360434733824,None
1730816062.611687,678.0389954765087,693.9714790407852,None
1730816062.711683,698.8635790447911,702.8836577481775,None
1730816062.811686,708.4314706963146,692.7366933090261,None
1730816062.911688,713.2819677429352,703.9971134208831,None
1730816063.01169,751.348990367748,697.8178435433964,None
1730816063.111683,665.8223491291758,683.4033281617062,None
1730816063.211691,624.9048052064774,675.8404125367447,None
1730816063.311685,653.4280103482519,690.1942911683235,None
1730816063.41169,565.6253833658923,694.1531843723113,None
1730816063.511691,602.9754383742321,689.2988171766839,None
1730816063.611685,574.3021485244903,555.5730120008873,None
1730816063.711688,585.9033766587637,563.6707762449296,None
1730816063.81169,621.1234423672319,590.0343350903848,None
1730816063.911682,739.6641195185365,673.2970966190367,None
1730816064.011693,729.8054056670468,663.0763641962335,None
1730816064.11169,674.6294397045637,664.1769185222707,None
1730816064.211683,664.729013977544,648.171434482714,None
1730816064.31168,669.4690473637098,656.5668397907688,None
1730816064.411689,678.0958907368248,658.6185132120534,None
1730816064.51169,744.0669503542332,666.8261330878046,None
1730816064.61169,743.3192670823704,668.2867900467943,None
1730816064.711691,731.4699278036387,665.0377864453428,None
1730816064.81169,746.2494464782944,671.4468963739741,None
1730816064.911687,741.3587266128015,662.1639902039315,None
1730816065.011714,733.9558790035044,662.9219803497707,None
1730816065.111688,703.7683003653327,669.4580952165427,None
1730816065.211689,699.9135465589453,658.8694584317491,None
1730816065.311689,711.8312361911766,659.1408802565053,None
1730816065.411691,698.8462960059334,662.3726732094526,None
1730816065.511691,707.9981391475058,659.3925956096713,None
1730816065.611688,733.5619916294452,660.6603265623514,None
1730816065.711689,720.2260694035314,665.3685352177407,None
1730816065.81169,740.3742801224888,667.2063436634386,None
1730816065.91169,720.197056934838,671.6084461740744,None
1730816066.011689,726.8695835388585,672.8023080485249,None
1730816066.111685,766.3699155404787,682.8770246990575,None
1730816066.21168,700.6133463714542,687.6874031211265,None
1730816066.311692,707.269110738193,676.0212313164935,None
1730816066.411691,613.1341034109383,689.1230099332959,None
1730816066.511683,633.9651512383367,573.8411061726811,None
1730816066.611689,602.9674459180453,422.2919936675917,None
1730816066.711687,718.6056540531681,552.3970455168723,None
1730816066.81168,660.2756322682604,724.676841801425,None
1730816066.911686,654.1514629688801,690.8204911897292,None
1730816067.011688,636.1632135748201,667.0144579139574,None
1730816067.111687,633.3344719737748,648.572209070277,None
1730816067.211692,635.406761039141,634.0264228806064,None
1730816067.311688,623.6480543644585,714.6471295439922,None
1730816067.411679,620.5561805012148,702.5699820852943,None
1730816067.51168,616.0334492499013,715.4925416498733,None
1730816067.611685,617.4470062263089,751.8867315858982,None
1730816067.711685,638.2601923659352,742.695083510508,None
1730816067.811686,638.2240324206991,724.930150159038,None
1730816067.911687,636.2512706803923,730.0894030487659,None
1730816068.011687,632.9752235907516,734.2737716923286,None
1730816068.111682,657.55269970984,798.8315640113208,None
1730816068.211683,655.863042266618,806.5501842944055,None
1730816068.311684,656.0104150513995,804.8550022642798,None
1730816068.411683,652.5726025701321,806.0067516222456,None
1730816068.511688,639.1069012900966,788.7080030444683,None
1730816068.61169,643.7016492363871,787.3179547179516,None
1730816068.711685,635.7681908619817,791.5002278857994,None
1730816068.811687,672.1026098364065,803.5506716741249,None
1730816068.911692,662.5088944144095,800.8073966543011,None
1730816069.011689,665.9463336435031,525.8811844705358,None
1730816069.111692,673.1226848186047,371.7143166430004,None
1730816069.211687,703.8714964425221,444.5404767879074,None
1730816069.311683,632.5662131434141,457.8403408190573,None
1730816069.411684,618.8004143085341,472.9546914877831,None
1730816069.511685,615.4256340767262,503.7176304445725,None
1730816069.611685,625.381893247812,476.9200594775033,None
1730816069.711686,637.3851733076156,453.5532700270472,None
1730816069.811692,645.6797086868369,426.7623953738099,None
1730816069.911684,670.3724944615869,369.11562725284296,None
1730816070.011686,714.5094712251649,758.8421657458608,None
1730816070.111686,698.0494638846046,777.5703320022319,None
1730816070.211687,688.6353934509856,749.1472201126426,None
1730816070.311688,745.090971174328,764.2366246581286,None
1730816070.411693,637.8243430197894,709.6288772043173,None
1730816070.511685,656.7133506429414,707.6133781274149,None
1730816070.611686,660.9222198178022,695.3306682264753,None
1730816070.711683,645.0303838941516,681.456361413372,None
1730816070.811689,670.3662322035764,684.4409515815861,None
1730816070.911686,682.3274984744193,682.107641904117,None
1730816071.011687,691.9045545257901,688.1316463991627,None
1730816071.111684,702.8353293634146,684.2144799526649,None
1730816071.211684,734.4025060055866,683.1366383227103,None
1730816071.311686,742.5923166283646,681.6774039130663,None
1730816071.411686,742.5325485435466,681.1726671841851,None
1730816071.511684,730.7773603864869,675.1320781808164,None
1730816071.611685,627.9145102807247,658.8005601900071,None
1730816071.711686,645.887416831853,670.2905993218066,None
1730816071.811683,652.3873486895689,666.0406795446777,None
1730816071.911683,632.8686096182767,658.7081466917939,None
1730816072.011725,671.1111628419308,668.5039612619154,None
1730816072.111684,673.5756629212367,667.2876768606915,None
1730816072.211685,697.927880604026,661.5248677994707,None
1730816072.31169,692.5215354253316,661.3077738378834,None
1730816072.411687,727.5584018992296,665.0983852081506,None
1730816072.51169,732.1944370440839,680.6363803632115,None
1730816072.611686,744.8976222679361,687.2333316833897,None
1730816072.711684,748.9805361067158,686.2190921966054,None
1730816072.811689,758.1574442125493,681.7226997604055,None
1730816072.911687,787.9292774990838,690.1890707037076,None
1730816073.011684,718.476408570183,676.8306920523501,None
1730816073.111685,694.5698569567988,657.2877802385678,None
1730816073.211686,689.411466161992,662.5642240068111,None
1730816073.311687,702.022567297155,668.407722866154,None
1730816073.411688,663.42601732315,679.1553740889187,None
1730816073.511688,672.0849038854966,683.891496398265,None
1730816073.611685,693.032052611219,687.2876889073522,None
1730816073.711686,692.4810856559731,690.9147150245085,None
1730816073.811686,676.5002809946704,674.8818840038396,None
1730816073.911687,675.3242317175353,672.4739585167165,None
1730816074.01169,675.2054935078972,674.7131864098727,None
1730816074.111686,723.9192210780942,668.0205750819282,None
1730816074.211689,746.750535317502,668.7066933070987,None
1730816074.311685,736.8897689103478,664.8871330979688,None
1730816074.411687,714.8712513176996,672.7275674448298,None
1730816074.511684,733.286036444448,672.4307119062902,None
1730816074.611689,692.4119997510827,674.3996524329872,None
1730816074.711688,697.1436788169439,681.2156386962881,None
1730816074.811692,653.5116216586366,668.4817085931863,None
1730816074.911688,654.4694300927596,669.4046022374768,None
1730816075.011689,682.2527185496117,679.3384771684747,None
1730816075.111687,704.1159592899255,700.1831614822576,None
1730816075.211682,719.9800676843399,711.6657112511765,None
1730816075.311685,703.5203143497357,555.596190879907,None
1730816075.411691,604.7691216075749,375.3004878119054,None
1730816075.511689,590.5863603266611,396.017441456948,None
1730816075.611682,588.6742193387578,322.9067584790316,None
1730816075.711682,625.0052606901937,525.6157977204676,None
1730816075.811689,678.9269363108117,704.0602735822789,None
1730816075.911691,653.5382680485205,671.5329991890877,None
1730816076.011691,647.5359902011471,667.7427263734651,None
1730816076.111686,631.8004854046352,684.3717932025768,None
1730816076.211689,644.6122028175661,685.6830442407584,None
1730816076.311689,628.8593430425641,669.8550895192461,None
1730816076.411685,623.8547724471397,672.0609974423221,None
1730816076.511689,636.0724474935571,671.7322907524721,None
1730816076.611683,644.6526164820538,678.5322444319629,None
1730816076.711686,647.5423475564936,686.940512292742,None
1730816076.811687,679.0935567036628,692.269111492082,None
1730816076.911683,693.1222651741514,690.421010833904,None
1730816077.011688,692.6983428767952,675.5947218766723,None
1730816077.111684,682.9176840327832,654.2692135727938,None
1730816077.211682,704.7573595497723,647.5219038609993,None
1730816077.311679,727.9635646714514,654.9442517310399,None
1730816077.411683,753.5593618888548,687.350637444709,None
1730816077.511683,687.9196442088664,679.934362173613,None
1730816077.611682,672.5260309678657,675.3898659335488,None
1730816077.711684,676.875668987709,673.5361809682504,None
1730816077.811688,683.9987475878468,674.7096363711563,None
1730816077.911686,641.4613960050281,644.1292916616235,None
1730816078.011683,648.6393112474622,660.9001150768805,None
1730816078.111682,568.1253378784478,686.744232595019,None
1730816078.211682,536.5587028132733,691.231407465972,None
1730816078.311683,579.6836832703673,691.919489732423,None
1730816078.411689,579.2085824284217,693.1847579171798,None
1730816078.511688,581.2781603516477,677.973428274299,None
1730816078.611679,590.0470975169795,668.2911572656012,None
1730816078.711689,687.1775302640509,651.7089886011353,None
1730816078.811688,699.8722055212861,648.4909723696953,None
1730816078.911688,700.4668528310452,663.8016053397545,None
1730816079.011688,729.2988914511201,676.3029879286504,None
1730816079.111706,675.3310840236187,645.3402615565954,None
1730816079.211683,681.3355793389093,637.700150384686,None
1730816079.311686,650.0257473330217,643.0310172153185,None
1730816079.411687,648.2111296279595,640.2500728755808,None
1730816079.511687,651.1184953471375,643.0465201483428,None
1730816079.611688,625.2376325447451,650.4802156828279,None
1730816079.711689,621.2661408169267,657.5136976267504,None
1730816079.811684,638.1964881541747,372.2690333581876,None
1730816079.911685,612.511692453646,434.07088809269817,None
1730816080.011686,607.5133670065808,460.232585438923,None
1730816080.111687,642.0679833661759,577.1756782336864,None
1730816080.211689,655.7730652405419,839.3442640459072,None
1730816080.311689,610.7894327217077,755.2580707846171,None
1730816080.411686,597.2510379504007,715.3707537009082,None
1730816080.511678,599.0083292093549,700.994790255523,None
1730816080.611679,655.5613717778899,660.2669716805616,None
1730816080.71169,652.2360548737072,661.6742769210964,None
1730816080.811689,648.3459247708153,662.395572948738,None
1730816080.911683,664.5731828121818,652.7329493511054,None
1730816081.011691,653.675596286859,653.7197177085548,None
1730816081.111686,614.6808528748319,664.0527635131702,None
1730816081.211685,620.9877515493299,669.8893396889488,None
1730816081.311691,631.4017919237727,666.4977292017505,None
1730816081.411683,608.7966621017436,571.0057988659606,None
1730816081.511686,548.484584176445,395.55350964945,None
1730816081.611688,572.0702910422133,515.4793638138369,None
1730816081.711685,588.2222185401895,483.0069800416661,None
1730816081.811686,602.0673932767271,469.5668534896766,None
1730816081.911692,589.2222659438806,453.6977364691817,None
1730816082.01169,622.4971897144432,623.9869826039029,None
1730816082.111693,656.9134261681622,759.321782726687,None
1730816082.211682,637.8260922612924,704.3651411974893,None
1730816082.311679,633.2782746040082,678.0593332089836,None
1730816082.411684,588.6834552282181,723.6185866012938,None
1730816082.511684,594.1137436752812,716.2903013004037,None
1730816082.611682,677.7515810205965,859.5974859042507,None
1730816082.711689,866.8662604099575,865.3298916287338,None
1730816082.811688,937.1421461832466,1106.500445630685,None
1730816082.911685,932.2966658157388,1099.1886675120286,None
1730816083.011691,746.4974153856087,753.0770752944698,None
1730816083.111687,670.4055821089353,574.3216448685995,None
1730816083.211681,655.0699682063744,540.095050968876,None
1730816083.311689,642.7202011717617,602.2700915606583,None
1730816083.411683,661.9453197888716,600.2090466481901,None
1730816083.511685,663.4303777669169,618.9845305043875,None
1730816083.611686,682.6089915836121,641.673241998186,None
1730816083.711689,693.108516212902,662.1273500812217,None
1730816083.811689,715.9488818281443,672.2283070150427,None
1730816083.91169,732.7570859810261,677.0852207809686,None
1730816084.011688,758.9720771260614,678.5502274849846,None
1730816084.111685,806.4168759871768,683.0061742365363,None
1730816084.211694,645.3583712581977,686.2138053970605,None
1730816084.311682,623.1932099128137,663.6252036088217,None
1730816084.411688,633.8973996602615,659.8917168564798,None
1730816084.511687,564.2540320313842,579.8089523391666,None
1730816084.611686,586.0362011991793,588.8529251077928,None
1730816084.711689,613.3733172667224,594.4300800416955,None
1730816084.811689,595.5029995174954,636.8953030538358,None
1730816084.911688,601.4224336375554,639.6926516130736,None
1730816085.011686,600.1820359602176,633.7707020165105,None
1730816085.111691,618.665153252724,623.6591013981486,None
1730816085.211685,613.4161680081176,601.4367602956722,None
1730816085.311691,707.1993874118748,639.0423982051301,None
1730816085.41169,754.8006539092778,657.8925006697893,None
1730816085.511684,758.9265109197326,648.6958703937029,None
1730816085.611685,736.5736240325497,647.5473641926066,None
1730816085.711681,761.2337880356312,655.3705126738225,None
1730816085.811686,757.4148799192585,662.4264620397936,None
1730816085.911683,728.5449354691534,691.2843486266122,None
1730816086.011682,606.1910842532575,707.4324154993313,None
1730816086.111691,596.9645244904266,671.5663523802621,None
1730816086.211688,632.9501373291544,671.4566696436527,None
1730816086.311689,648.193577138949,670.450555280826,None
1730816086.411689,661.9210973826413,565.7583698401075,None
1730816086.511692,649.0032091719855,588.2678074783564,None
1730816086.611683,656.340240839649,557.260233014761,None
1730816086.711687,683.1609233960503,208.09108533125212,None
1730816086.811683,692.255130050391,331.7574298515044,None
1730816086.911693,709.7716179579912,373.6315573323252,None
1730816087.011682,737.546083351144,455.45661831750925,None
1730816087.111686,749.0134903700487,504.08147689324704,None
1730816087.211688,707.8212647625841,403.73828795511935,None
1730816087.31168,691.8394693344959,741.5963709176566,None
1730816087.411687,723.5726424070602,752.5987765732642,None
1730816087.511688,686.7013650553341,677.7322545616707,None
1730816087.611685,685.7635086915416,670.8833962363561,None
1730816087.711684,580.9584360230504,640.8355052136294,None
1730816087.811689,599.8597603418841,635.6572232582713,None
1730816087.91169,603.4265405792748,638.9087003352008,None
1730816088.011684,570.1201604904007,679.7447883393543,None
1730816088.111689,576.7471974583334,676.5722292727413,None
1730816088.211687,577.3427857205578,686.5000422941439,None
1730816088.31169,596.1183863850841,684.8778066198684,None
1730816088.411689,599.6289435467031,729.7013962494244,None
1730816088.511686,599.4127123871872,736.3477335468655,None
1730816088.61169,602.0637175808484,741.0613392799871,None
1730816088.711689,632.8181903311421,767.088782127093,None
1730816088.811689,631.5039646478433,607.657677717896,None
1730816088.911697,639.1205713351253,637.503973631327,None
1730816089.01169,662.8310595014867,489.9891668797597,None
1730816089.111687,608.2764057617376,450.10047052412335,None
1730816089.211687,619.5660152625371,518.5673880575807,None
1730816089.311688,621.9625307502703,534.5260973257402,None
1730816089.411685,622.1875416911384,523.3914980538519,None
1730816089.511687,637.2965419317118,515.1151910303286,None
1730816089.611691,685.1753098367698,765.1057843025949,None
1730816089.711689,650.3891431113257,759.5069388894254,None
1730816089.81169,640.1726574761161,730.9187652891054,None
1730816089.911687,630.4219998969281,687.4940030574131,None
1730816090.01169,634.2785735273842,680.2757709095633,None
1730816090.11169,642.4304993524431,669.6362293502868,None
1730816090.21169,639.1234295885441,678.637666978346,None
1730816090.31169,627.2074441398631,657.8690317981623,None
1730816090.41168,631.9375384969178,659.5922716728506,None
1730816090.511685,642.9392838675789,659.7066448214101,None
1730816090.611692,646.537961768386,645.3330944674661,None
1730816090.71169,653.2448702005069,643.6314830270069,None
1730816090.811686,663.5949153234824,643.3600207866523,None
1730816090.911686,672.6912102011282,650.2245057607696,None
1730816091.011683,690.2759883644276,660.5141826948166,None
1730816091.111684,711.8657466431889,671.4355206624472,None
1730816091.211684,708.4526252156211,661.3450817960032,None
1730816091.311689,717.223408036127,659.2776250913859,None
1730816091.41169,708.1274274648516,674.1221226569872,None
1730816091.51169,730.8288707104465,676.4867099014257,None
1730816091.611687,764.0996937836318,670.7799483435583,None
1730816091.711684,792.3560423867605,663.5203150628226,None
1730816091.811691,801.4661414308171,670.5795558943491,None
1730816091.911691,858.8122209860355,663.4320849250821,None
1730816092.011685,850.0715327962411,658.2844446022395,None
1730816092.111688,633.1553448956603,655.4987053689518,None
1730816092.211681,605.3638601019474,646.3438408885139,None
1730816092.311682,622.4735807060661,655.7964873159044,None
1730816092.411682,542.9971375977913,655.907991845978,None
1730816092.511691,571.4818764016982,669.055712488896,None
1730816092.611685,570.3815800698644,664.2234291548641,None
1730816092.711689,591.2676847659247,671.881521459365,None
1730816092.811684,590.5579507657351,677.7866370185252,None
1730816092.91169,583.7350476004736,731.0854791489777,None
1730816093.011685,600.9945365426287,776.8285035176541,None
1730816093.111689,611.6562156591858,755.8704417129155,None
1730816093.211682,581.1897626024379,752.6663689400963,None
1730816093.31169,569.7428419972074,744.910746805042,None
1730816093.411692,564.3371777320049,655.0043836089294,None
1730816093.511689,545.7803133169989,679.9366430501404,None
1730816093.61168,593.4648126913107,560.0215060224406,None
1730816093.711692,584.2019096134386,551.8369714573379,None
1730816093.811692,578.9450455765016,565.1360854600649,None
1730816093.911685,563.520004169727,576.803303460812,None
1730816094.011685,564.4537787606064,586.0995109717536,None
1730816094.111684,572.4018309447994,589.7961840547704,None
1730816094.211685,684.7769002300508,665.3205154814005,None
1730816094.311682,744.8198292302451,693.0070672573667,None
1730816094.411683,734.9108662782577,679.6105915928249,None
1730816094.511689,742.2687002418331,702.9957079354056,None
1730816094.611689,768.3765413526571,708.186994693986,None
1730816094.711687,812.725662548719,705.3636892218276,None
1730816094.811681,709.6401270717132,640.7014077812478,None
1730816094.911685,579.1812862766225,692.4565767649349,None
1730816095.011689,575.4672294528372,666.797428177832,None
1730816095.111693,567.4878085337461,650.209878847223,None
1730816095.211686,561.8270899681634,687.2308166326118,None
1730816095.311685,574.4906606570153,683.5098593597223,None
1730816095.411688,578.4961704219243,702.8667294313324,None
1730816095.511686,575.3591448003183,707.9939631344512,None
1730816095.611693,578.468614526524,700.2372065951819,None
1730816095.711684,571.5851411413703,698.3133092836694,None
1730816095.811692,571.5491810250687,699.8155451285114,None
1730816095.911688,589.7677933112441,588.5550774613023,None
1730816096.011689,606.9501633464254,625.5837138235896,None
1730816096.11169,582.3996230788221,640.2956880370318,None
1730816096.21169,588.130184611006,649.7816237397752,None
1730816096.311689,579.5260106960112,557.1638042190211,None
1730816096.411686,563.0019202086512,577.1382730163306,None
1730816096.511692,566.2600907245967,553.734875828548,None
1730816096.61169,574.8236847263446,542.4482766311696,None
1730816096.711686,566.092044118675,544.6103991524712,None
1730816096.811686,571.8197177999781,557.5582133601526,None
1730816096.911688,639.3166378178831,663.7733217101978,None
1730816097.011689,596.6938121018628,803.2845741282969,None
1730816097.111689,585.6493659699606,754.4820076041576,None
1730816097.211689,594.3244940420392,733.1547713106218,None
1730816097.311681,557.6062156074564,764.6374786800285,None
1730816097.411691,564.9291285368145,748.4717201584587,None
1730816097.511692,573.107287192339,749.8690864714283,None
1730816097.611684,568.7512233385952,753.0125122236985,None
1730816097.711683,584.6866155355173,680.1539574749471,None
1730816097.811685,589.1448689509295,681.4978110716327,None
1730816097.911684,590.0414396170243,690.4391647328075,None
1730816098.011691,540.2672138060009,742.8207776476814,None
1730816098.111691,552.4363339704171,746.8618265347067,None
1730816098.211692,607.7296316692659,686.3058794772716,None
1730816098.311692,592.7103189027019,679.1794691704376,None
1730816098.411689,592.5290511316616,661.2479792424532,None
1730816098.51169,590.2722913721127,658.3530444744407,None
1730816098.611691,557.1179969273799,693.061974835674,None
1730816098.711691,556.0711071378375,690.9500110327531,None
1730816098.811692,546.6108692832668,702.6596788651274,None
1730816098.911692,555.64378790574,708.7083678332835,None
1730816099.011688,551.1864651909324,696.7501709264975,None
1730816099.111682,550.9599777082749,691.5507154717159,None
1730816099.211687,559.5186168169604,697.3846419336093,None
1730816099.311688,554.4060207647308,690.8282045895327,None
1730816099.411688,573.4348462510492,684.1816902542702,None
1730816099.511689,571.948816176817,690.6255438160315,None
1730816099.61169,583.6154158791626,692.1670307304141,None
1730816099.711686,599.5200235271266,695.9069012178916,None
1730816099.811713,590.5264943708926,688.6374584809671,None
1730816099.911689,572.9916889509606,679.100759435545,None
1730816100.01169,562.1962822186455,673.342509956222,None
1730816100.11169,565.2102795294118,672.1705109698838,None
1730816100.211685,635.3959441743075,695.8814016990252,None
1730816100.311682,634.5238020465658,697.705170367978,None
1730816100.411683,579.0583317462231,766.0476423966549,None
1730816100.511689,561.6632222257142,756.2115569553453,None
1730816100.61169,555.9278420433606,753.130315304027,None
1730816100.71169,551.260097885826,737.7201910275966,None
1730816100.811691,655.4384598804488,599.5146565824587,None
1730816100.911688,693.4718707666239,628.8797818403857,None
1730816101.011689,683.8131655998454,660.8140495367093,None
1730816101.111683,669.4033686893515,663.7234649315646,None
1730816101.211684,685.046947444404,666.9233353576068,None
1730816101.311686,699.1132651102424,668.9461185334017,None
1730816101.411683,647.6100237423451,663.770382368606,None
1730816101.51168,633.2787773093727,667.5732870885225,None
1730816101.611681,641.8888346102618,674.9691897027385,None
1730816101.711686,648.3393915416349,666.4882423356815,None
1730816101.811691,650.6921584533226,680.7811777797649,None
1730816101.911682,654.1898110477206,682.713525729923,None
1730816102.011681,683.4142664675076,677.5452443320481,None
1730816102.111678,666.2353354536652,673.3180788829909,None
1730816102.211679,577.9108440942016,676.117723658687,None
1730816102.311679,580.7506649627605,669.1601621741007,None
1730816102.411685,602.6546581397881,673.2852823320856,None
1730816102.511681,560.070839401882,670.8369839923706,None
1730816102.611684,584.5386414027085,687.0770740848085,None
1730816102.711685,609.8988338283823,680.3257598494204,None
1730816102.81168,553.0228273310222,684.0360109260687,None
1730816102.911697,574.848200996681,683.5342115020833,None
1730816103.011684,575.2515029649687,658.2390738743253,None
1730816103.111683,579.2322236045111,649.9674294265253,None
1730816103.211694,599.1304847829567,655.1156132463863,None
1730816103.311689,603.8797235861208,660.5212094741149,None
1730816103.411686,622.3768044765667,648.208951996152,None
1730816103.511686,667.8668817582596,661.3641371646389,None
1730816103.61169,716.0513672517594,666.1877682854536,None
1730816103.711684,596.4850351778989,651.7269698229834,None
1730816103.811691,591.527954087398,647.2200317959376,None
1730816103.91169,609.6455480444504,644.9197995601803,None
1730816104.011686,599.0897168439396,691.0800746803578,None
1730816104.11169,602.1377880314957,758.8062136223227,None
1730816104.211692,600.438973764226,773.5101081438289,None
1730816104.311684,621.2841995455975,786.2714671445532,None
1730816104.411685,632.9355038464378,776.9016950705518,None
1730816104.511691,644.7861957090867,785.1389759000335,None
1730816104.611685,659.1669594517716,739.6997073947729,None
1730816104.711689,674.3265549318359,746.7604835333632,None
1730816104.81168,678.2938891623547,741.823891145179,None
1730816104.911688,657.9814791389208,736.2579855078992,None
1730816105.011691,636.6820243198789,761.6101522060046,None
1730816105.11169,739.5104803140721,626.1108848261622,None
1730816105.211682,777.3620341657701,645.7421131371109,None
1730816105.311682,765.3405511464628,656.3905828282886,None
1730816105.411683,760.2338339090347,676.383110409486,None
1730816105.51169,760.6756052517025,684.4565193033819,None
1730816105.611701,794.3466120836356,681.2007467171084,None
1730816105.711686,816.8172393178163,680.1259801136483,None
1730816105.811692,692.1004201669728,668.2661752546364,None
1730816105.911682,589.0662248086314,670.4179586694119,None
1730816106.011679,593.2948159999294,675.3351724864353,None
1730816106.111689,584.3028350931622,692.1596809840577,None
1730816106.211689,589.4389974741573,692.2007534753997,None
1730816106.311689,586.6043431167292,663.9879802111537,None
1730816106.411685,587.6078649734588,667.883398534196,None
1730816106.511677,620.6537964135117,520.7283775636342,None
1730816106.611687,628.2950421804455,482.7884147538489,None
1730816106.711693,630.2807695907889,492.5357953407208,None
1730816106.811682,619.3353315991757,478.6602172361297,None
1730816106.911684,616.3931212458322,506.6265340565125,None
1730816107.011685,626.1258690641506,518.8674374829874,None
1730816107.111681,621.7939649269425,561.6377952353041,None
1730816107.211691,642.989715733829,570.453304548157,None
1730816107.311689,642.1183655308971,558.3170364487787,None
1730816107.411688,695.8989194433291,758.141951162148,None
1730816107.51169,740.3986698783071,764.7306288654711,None
1730816107.611688,737.4314668675886,725.1995877918454,None
1730816107.711685,701.6869492901022,700.9223895676142,None
1730816107.811684,724.4903692968061,699.8774417739212,None
1730816107.911683,598.7475589677412,671.1735327023457,None
1730816108.011682,622.7961440375792,652.6413551964575,None
1730816108.11169,582.903857589477,836.9351498541812,None
1730816108.211688,622.2969288245712,791.9212971707501,None
1730816108.311685,626.4235068880903,775.7395232216082,None
1730816108.411685,643.6172820382336,775.2840341572517,None
1730816108.511683,634.649016385009,786.1798165448207,None
1730816108.611687,725.9313331610812,566.942911904167,None
1730816108.711689,727.9888023811986,634.645108310797,None
1730816108.811694,732.4715325784947,644.460471339606,None
1730816108.911695,699.2351467794964,639.6926292421816,None
1730816109.011683,720.0614268613249,654.5864006349569,None
1730816109.111684,753.5762324622872,671.2820845552573,None
1730816109.211684,608.7882024993613,655.6007451427566,None
1730816109.311685,603.7387597023203,650.4290221296092,None
1730816109.41169,577.9666709046902,638.844503304513,None
1730816109.511691,572.7157380339848,640.7497813473864,None
1730816109.611732,595.7559646177915,531.9822802231578,None
1730816109.711689,605.6961312731015,528.9484592165988,None
1730816109.811689,599.4507881449026,550.3408088814152,None
1730816109.91169,583.2527150796054,563.7549531331321,None
1730816110.01169,582.4764702030026,496.0517430208138,None
1730816110.111691,604.2050192809526,405.8465147259262,None
1730816110.211688,596.1674873290776,497.82095195871625,None
1730816110.311688,600.7590964464819,450.4932909689867,None
1730816110.411683,616.1462043926348,456.2268269619584,None
1730816110.511685,619.8856627312665,472.5755370273752,None
1730816110.611692,616.8874099235006,463.0623753349437,None
1730816110.71169,660.231301561427,416.5651488603722,None
1730816110.811687,611.3528639301135,615.2927331160428,None
1730816110.911689,667.3794763215365,868.8277634958099,None
1730816111.011681,629.3299346268676,758.9884302690267,None
1730816111.111681,624.4473378699317,698.38571153362,None
1730816111.211722,621.8159651253808,676.8388045771617,None
1730816111.311686,625.3907312801294,671.7475110995997,None
1730816111.411681,620.7275229612217,684.0258292177873,None
1730816111.511685,637.1024590019803,683.6842982790511,None
1730816111.611691,650.8455482941816,680.1977104366866,None
1730816111.711689,692.4581705859831,687.4760139528948,None
1730816111.811693,681.439185844641,676.8098033885499,None
1730816111.911693,700.9119711979503,680.5986210912997,None
1730816112.011693,634.5464982402992,703.8165395305457,None
1730816112.111688,554.0406202190616,757.0840614960581,None
1730816112.21169,571.613860238394,750.7947862605081,None
1730816112.311691,601.7603013377085,741.7387379084447,None
1730816112.411685,601.8493262780776,729.2292697391713,None
1730816112.511686,586.6197404652579,557.4782122784684,None
1730816112.611688,604.4066228274737,592.9958470267851,None
1730816112.711686,575.916481379111,598.7374755572006,None
1730816112.811687,598.0440152693769,619.034168061416,None
1730816112.911685,595.9618094343116,632.8726887886442,None
1730816113.011691,600.7605691199241,633.8446807038204,None
1730816113.111684,707.1140943554744,673.2489693734932,None
1730816113.211688,664.9814791377644,672.3284829550903,None
1730816113.311683,654.2454807315393,658.5208054141073,None
1730816113.411684,653.2999432049774,656.9847226458918,None
1730816113.511685,675.4960395236083,683.4247733077048,None
1730816113.611688,696.5967531732615,710.9113565198206,None
1730816113.71169,719.3739582859597,738.672235566791,None
1730816113.811692,708.2488922483009,742.0946860919537,None
1730816113.911683,737.74880005452,721.7638906445783,None
1730816114.01169,748.8887862870157,711.5800081146415,None
1730816114.111687,692.4275946676293,683.3417237428813,None
1730816114.211689,720.6069699077701,673.784975367324,None
1730816114.31169,706.454258013558,668.9599472318869,None
1730816114.411684,698.6581061883898,674.3007409380969,None
1730816114.511681,727.2881220632087,675.759973640757,None
1730816114.611681,728.2495257521058,675.6463075321715,None
1730816114.711689,748.82907741095,684.7263345839784,None
1730816114.811685,693.3646236658178,652.0137733666132,None
1730816114.911687,635.1200607930978,638.516516914266,None
1730816115.011688,659.1394701479319,645.571051988643,None
1730816115.111696,621.5376853391477,648.581145044913,None
1730816115.211685,593.3675334299858,694.9404186160265,None
1730816115.311682,602.0539556187572,693.239547452327,None
1730816115.411683,606.2637153882584,694.5440441938621,None
1730816115.511683,621.0134526745717,731.3534436704981,None
1730816115.611684,652.0610815026849,698.5881340519785,None
1730816115.711699,688.4096954478699,697.5139246881197,None
1730816115.811681,703.4629005552455,699.8316900083216,None
1730816115.911682,711.5027727161041,702.3002218132048,None
1730816116.011687,725.9438406825855,696.645673895117,None
1730816116.111685,726.0382106869946,696.3049736350346,None
1730816116.211693,709.5915685647715,693.5185713389352,None
1730816116.311693,716.0783405186367,692.9336078096594,None
1730816116.411682,711.3469668596591,696.4882993053434,None
1730816116.511682,723.1619890312655,701.2080425061613,None
1730816116.611682,703.7734357710069,685.6909365560966,None
1730816116.711691,698.6678735343064,684.4498800282986,None
1730816116.811688,694.2445750521789,684.5752928954263,None
1730816116.911691,692.46132512136,693.6380448703281,None
1730816117.011683,699.0499564023643,704.0266173774689,None
1730816117.111682,714.55350958626,713.5203582784239,None
1730816117.211681,755.4615642098205,723.5405686082181,None
1730816117.311683,708.1893143367973,711.0446801256176,None
1730816117.41169,626.4684319039761,712.6353177413436,None
1730816117.511691,653.3028741799963,699.2965227949259,None
1730816117.611682,674.4816965455512,704.9285245370814,None
1730816117.711682,623.9145000967494,690.0631142007124,None
1730816117.811694,631.8393964122687,707.3824492287312,None
1730816117.911688,638.6194089441934,714.3786228304031,None
1730816118.011683,644.0460918659473,737.5417688228479,None
1730816118.111685,592.0215643079911,826.6906556784425,None
1730816118.211684,578.7641894881388,839.0343092936369,None
1730816118.311687,586.2835869673811,820.5185838197467,None
1730816118.411688,598.8205276431785,804.8710693514506,None
1730816118.511688,630.2891686094156,628.370455801259,None
1730816118.611687,644.9523814435254,633.3194735996999,None
1730816118.711693,640.8043882785483,638.1653029372842,None
1730816118.811686,612.3708809922776,681.0302636203253,None
1730816118.911683,625.3039831207309,668.8259639236359,None
1730816119.011686,552.3194860152489,723.0559478219357,None
1730816119.111682,593.7027987047325,741.9652875077836,None
1730816119.211686,586.9181854539663,726.6665070933408,None
1730816119.311687,598.1587521517511,725.2020444289595,None
1730816119.411688,658.8214580498129,686.0655352327381,None
1730816119.511682,678.2512386319362,691.8006376684262,None
1730816119.611686,682.9802045460029,695.716278938058,None
1730816119.711691,716.0381829167355,692.7934700710016,None
1730816119.811692,728.1350977816937,694.6618434877558,None
1730816119.91169,695.0258035839821,674.8715179738717,None
1730816120.011694,725.9255932471681,677.2935858110807,None
1730816120.111686,747.3118543069091,687.674829135091,None
1730816120.21168,794.614204924649,693.8991522668377,None
1730816120.311688,649.329111612857,644.1533375994868,None
1730816120.411685,635.7789665675589,638.7929019669497,None
1730816120.511686,560.0328092997121,630.222495270626,None
1730816120.611686,581.3150533161835,649.9224977678564,None
1730816120.71169,577.776455343185,540.9126662897199,None
1730816120.811683,573.8046596433809,409.2786420887445,None
1730816120.911688,605.5914375183613,472.27085491212,None
1730816121.011688,600.0397184974794,501.24518578047446,None
1730816121.111681,680.8624313437433,413.8582744466001,None
1730816121.21169,777.589169584323,585.6212034527928,None
1730816121.311683,760.6194682725297,576.5367290087012,None
1730816121.411684,659.8361534372439,372.5944053566827,None
1730816121.511688,662.2376725507926,776.4578745370569,None
1730816121.611686,655.5140636966817,731.1649745425287,None
1730816121.711682,639.5192248251695,694.0550600218226,None
1730816121.811684,657.3454787607969,678.4417036503311,None
1730816121.911684,676.2661795080587,689.9905960170397,None
1730816122.011685,663.6426815430373,688.2406759557012,None
1730816122.111683,672.7987330428673,690.4851182076563,None
1730816122.211685,670.9716750941536,697.3962822250963,None
1730816122.311688,695.4595957295285,694.8625834560511,None
1730816122.411691,604.9492423388939,770.6855687177873,None
1730816122.511693,594.8937113847993,795.4467241050106,None
1730816122.611691,603.755242605703,804.766716039208,None
1730816122.711681,592.8993646464553,656.3455357763366,None
1730816122.811693,601.3200083052972,697.4009296932549,None
1730816122.911685,625.686989248083,745.8206919101214,None
1730816123.011688,702.5534481538058,784.8351204742744,None
1730816123.111689,699.6603254836682,751.3848240148664,None
1730816123.211686,660.4873911162007,732.7193434850968,None
1730816123.311689,672.055540836212,733.7892571979045,None
1730816123.411689,663.5125184602877,745.1250853146441,None
1730816123.511688,666.0005255381888,753.3870812730206,None
1730816123.611686,607.7631762820091,780.4185317668163,None
1730816123.711691,614.8649161324186,767.5954820037273,None
1730816123.811684,598.6830018494184,766.0168435192171,None
1730816123.911681,663.01262968823,663.6872938564464,None
1730816124.011685,658.0271962145684,669.3857190426385,None
1730816124.11169,675.5001831730334,669.2260327465785,None
1730816124.21169,606.5697723089654,713.61611749501,None
1730816124.311687,622.1134306873353,708.2515587433218,None
1730816124.411691,635.7897497916474,743.825301954453,None
1730816124.511688,634.7694651392062,751.3746901645272,None
1730816124.611686,625.3582094529692,751.808133780834,None
1730816124.711686,642.0854140861315,624.5476983031997,None
1730816124.811687,645.3322191747062,682.5569395724829,None
1730816124.911689,637.7453420629182,696.6136338601303,None
1730816125.011694,648.3663512021241,706.196932971544,None
1730816125.111682,647.7795366853467,699.7794861472387,None
1730816125.211697,573.372333196127,567.3728081149949,None
1730816125.311691,596.1140783283231,584.0268735832069,None
1730816125.411691,585.4105816868068,568.4312783082701,None
1730816125.511688,582.0294082302548,684.8606834826394,None
1730816125.611693,591.2235297611044,754.5935471473884,None
1730816125.711681,599.712450734138,739.1228566063423,None
1730816125.811685,594.3319122538126,734.8899101870227,None
1730816125.911686,628.3918731321795,687.4222743732354,None
1730816126.011687,673.6316382980655,695.1306519850947,None
1730816126.111687,654.0205439717174,679.1884325369165,None
1730816126.211688,651.7131118627766,652.1354045897583,None
1730816126.311685,668.0951344543232,662.0562290099758,None
1730816126.411686,657.01092418536,657.1762324613294,None
1730816126.511686,659.5948916260877,669.3070655534368,None
1730816126.611687,651.177515389638,679.6217900812186,None
1730816126.711691,637.4104588262664,747.4943300097982,None
1730816126.811685,568.4245789444946,861.5405705427378,None
1730816126.91168,600.7595754039675,810.8182352832495,None
1730816127.01168,593.848173371568,804.622321479392,None
1730816127.111681,634.4143520842097,600.5638733574699,None
1730816127.211681,634.7006740401558,602.7080783747504,None
1730816127.311682,647.6488603770574,628.7563041972452,None
1730816127.411683,646.1130927236604,639.8038599536433,None
1730816127.511683,581.9184690293366,629.8775208801245,None
1730816127.61168,595.3490000178325,637.9175438807686,None
1730816127.711681,687.0033929377158,672.9911164564995,None
1730816127.811688,709.3182808977921,664.984165103282,None
1730816127.911685,734.4174971575227,659.0024040387468,None
1730816128.011686,729.1201118889416,674.767203650291,None
1730816128.111686,694.2789753524006,609.3183856884623,None
1730816128.211684,597.7795129619988,646.5501156154668,None
1730816128.311684,590.0790353055759,636.2819147058559,None
1730816128.411685,594.0789722582213,643.3932557082823,None
1730816128.511686,611.1136838117029,657.8873661091466,None
1730816128.611689,624.2202545363424,669.3599184529911,None
1730816128.71169,622.6037028228747,665.495689597275,None
1730816128.811688,617.736869629663,776.359865796108,None
1730816128.911688,622.1915061369701,780.6867661296756,None
1730816129.011683,623.8848892630982,777.334304775865,None
1730816129.11169,701.5413363376373,680.9657448780034,None
1730816129.211684,705.4883390991109,675.1823663267858,None
1730816129.31169,753.2065599003196,667.560958561056,None
1730816129.411678,637.6111578032826,544.6268894256882,None
1730816129.511678,648.872480821077,567.3179773039685,None
1730816129.611679,647.5982724370518,380.2771466096008,None
1730816129.711689,623.7139734529974,456.8148335050272,None
1730816129.811686,599.1861329918977,392.85089954938144,None
1730816129.911688,619.111128817992,421.4521395055117,None
1730816130.011688,616.3694652744474,487.2517732513329,None
1730816130.111686,622.1638133056892,476.1021625210998,None
1730816130.211687,623.6322302632241,432.7298951849619,None
1730816130.31169,617.8158934059063,408.8434621193757,None
1730816130.411687,666.5722094612279,709.4580828804394,None
1730816130.511688,724.9120421280471,778.1550488516203,None
1730816130.611689,708.044120597585,716.1795186179918,None
1730816130.711685,695.4620158733496,688.7946087884281,None
1730816130.811689,681.6382316185299,692.6967981125433,None
1730816130.911691,711.681128619785,691.8771344300949,None
1730816131.011688,650.513222821188,650.5117967144084,None
1730816131.111686,634.7783840011275,649.4830722251119,None
1730816131.21169,661.6543226687361,637.2443327762867,None
1730816131.311687,668.7506320298285,628.1242090597225,None
1730816131.411684,664.4689447235081,632.9778514773886,None
1730816131.511687,648.5205255080333,643.0322867463738,None
1730816131.611687,671.6592859487293,674.2120834032689,None
1730816131.711688,683.8071067433305,680.5824553618708,None
1730816131.811691,695.9925489531834,683.009708009455,None
1730816131.911703,709.249634711871,691.8356614066142,None
1730816132.011688,722.8605290276869,690.2905423979049,None
1730816132.111689,704.8278504293033,671.7888739954988,None
1730816132.21169,744.5839296801798,694.5743116488509,None
1730816132.31169,761.5839131995352,693.3913966320147,None
1730816132.411687,789.8882995424084,696.6317274301222,None
1730816132.511686,846.8417729934436,697.1902289972505,None
1730816132.611685,803.2826535924371,673.3805843101271,None
1730816132.711686,849.0846392680598,666.111686382515,None
1730816132.811683,705.1442781854822,676.5390271148926,None
1730816132.911689,755.4634529373577,685.2654616166103,None
1730816133.011691,708.0075023219413,674.479813109652,None
1730816133.111683,716.6766742201356,584.1942061209122,None
1730816133.211687,628.3437570989896,322.47414775209114,None
1730816133.311688,637.2917357916166,423.581375156459,None
1730816133.411688,640.5520026871932,451.599862016862,None
1730816133.511682,635.5192321636971,472.59634860356505,None
1730816133.611689,600.8245657577946,496.3880761925486,None
1730816133.711688,617.7984138029684,504.5862445566998,None
1730816133.811689,636.2885199370046,529.0007331545064,None
1730816133.911685,644.3192729504235,546.4270812739361,None
1730816134.011686,631.9419353350851,549.5059550393389,None
1730816134.111679,606.7544867788993,561.4216604231868,None
1730816134.211683,648.512949451141,674.7632892771871,None
1730816134.311685,708.8238770288531,700.1615211111982,None
1730816134.411682,671.332816094989,687.460314300124,None
1730816134.511693,635.3240804873769,670.1354526141004,None
1730816134.611692,615.4758482309852,795.2322205672913,None
1730816134.711683,597.9554547701408,826.0719529529106,None
1730816134.811689,614.7881947418374,797.2257810375719,None
1730816134.911691,608.2143528312594,808.1105716223137,None
1730816135.011688,593.9181311774006,683.3607166140085,None
1730816135.111688,600.3246858970369,575.210948754607,None
1730816135.211689,608.5598231237691,604.3819731880526,None
1730816135.311693,585.928707419975,636.3577568207278,None
1730816135.41169,579.8438970087192,649.6845981465061,None
1730816135.511691,657.2398977371064,662.5532460917314,None
1730816135.611683,784.3886960239042,665.1518944298311,None
1730816135.711683,813.7346598709702,664.6508969463542,None
1730816135.811689,611.5097347830664,646.1942205586017,None
1730816135.911683,560.773303988125,673.2992919555913,None
1730816136.011686,555.0795925577031,678.7606055204576,None
1730816136.111688,570.8822551797892,683.5310547198515,None
1730816136.21169,574.602380471488,694.7284347551692,None
1730816136.31169,581.2040066270611,701.86841433905,None
1730816136.411691,579.6484374248772,702.2201375602542,None
1730816136.511692,594.856770869552,768.0525772702838,None
1730816136.611692,611.7603393154935,794.349016538377,None
1730816136.711693,610.4396884778002,785.5791334013302,None
1730816136.811684,600.8746139011594,786.6626007260232,None
1730816136.91168,593.1374287247437,708.4460823745127,None
1730816137.011681,597.4703313458759,663.6263370379185,None
1730816137.111682,613.1756140475997,667.4101571996192,None
1730816137.211682,648.3447209569085,669.215496781024,None
1730816137.311683,641.8991268068421,673.5291561223275,None
1730816137.411684,763.7430450193565,689.4522893007714,None
1730816137.51168,758.9881929442951,684.6970824926619,None
1730816137.611688,762.3064823502439,683.45971062168,None
1730816137.711686,740.3154056942781,662.5109407772921,None
1730816137.811687,751.2595382728238,657.6918374144352,None
1730816137.911693,735.3825154663874,648.1481870977324,None
1730816138.011687,760.917998243965,643.4523345679686,None
1730816138.111684,680.4227781290581,638.8577788899328,None
1730816138.211689,602.9649144256074,657.5727786623526,None
1730816138.311689,608.4443546477365,661.3480723750988,None
1730816138.41169,620.7149901273311,666.3554581067441,None
1730816138.51169,628.1854145488088,680.9243565042995,None
1730816138.611691,607.5315912351672,754.5672266332907,None
1730816138.711685,625.5619833196736,769.1125183954692,None
1730816138.811691,628.7241918785462,767.8444748965669,None
1730816138.911682,624.8476907770809,768.8274122794348,None
1730816139.011689,617.8084393534053,786.623302883954,None
1730816139.111687,622.3827771399851,796.6113222052559,None
1730816139.211688,620.0253712632664,796.2676526463988,None
1730816139.311681,622.7838625777872,658.2996037929624,None
1730816139.411682,629.9058174058906,664.9070937035843,None
1730816139.511682,624.8858539577536,811.2365114874622,None
1730816139.611684,632.9950199538614,813.1784074084231,None
1730816139.711683,629.2076832057296,811.7461068506092,None
1730816139.811691,633.1146572021452,811.3609382267458,None
1730816139.911693,611.1118638321473,815.3299249276611,None
1730816140.01169,626.2446124204976,802.3316606027809,None
1730816140.111682,643.7367577438192,796.4900306002925,None
1730816140.211686,647.6970955751622,799.8373319814646,None
1730816140.311687,643.4138868101791,815.7953198521334,None
1730816140.411684,641.3957467969906,794.4103858781757,None
1730816140.511685,683.6700873350345,613.2501787626154,None
1730816140.611685,662.2828291788582,646.3760597566934,None
1730816140.71169,666.3381623932535,656.8097745436528,None
1730816140.811686,573.3074515726254,602.4008269218673,None
1730816140.911686,577.1532706192144,613.2179335646256,None
1730816141.011687,565.4944980075018,650.1400045371628,None
1730816141.111687,581.4323949560425,651.6148318879253,None
1730816141.211684,587.8642708647325,656.017280928885,None
1730816141.311689,705.8803597484564,686.4864060950399,None
1730816141.411689,711.3872010194518,681.6451189641353,None
1730816141.51169,687.1654373517208,674.398920484501,None
1730816141.611691,678.7125742206297,654.8297156075456,None
1730816141.711691,692.8007061798537,659.7526846520055,None
1730816141.811724,693.2352397675189,666.7285531705345,None
1730816141.911682,707.9116683536214,662.347924584593,None
1730816142.011691,711.4891948988572,660.0006044133522,None
1730816142.111691,714.8984771568465,654.2094514957621,None
1730816142.211693,728.928733829893,651.0182931824039,None
1730816142.311684,771.0718481794066,659.3671916658446,None
1730816142.411691,769.8691935443818,660.5333037200253,None
1730816142.511688,823.1893974184279,664.999913722802,None
1730816142.611681,745.4539509045103,647.5560467964139,None
1730816142.711686,712.0295427152616,651.9015509837778,None
1730816142.811686,659.7093377426461,651.65687112556,None
1730816142.911687,689.4351692833316,665.3257465981851,None
1730816143.01169,674.9830508478499,682.434803370306,None
1730816143.111689,682.9950058229748,694.7955405879477,None
1730816143.21168,676.2146967292505,702.3578208153708,None
1730816143.311693,558.1445591351414,678.1756006135884,None
1730816143.411684,585.3721356926962,678.5181838292153,None
1730816143.511689,585.6419415962902,663.0110418899579,None
1730816143.611689,608.3745365699274,682.9998315938776,None
1730816143.711687,740.8430640649427,669.3750462231939,None
1730816143.811682,737.5629021829667,663.065097646195,None
1730816143.911682,748.8150125953678,664.0997112875365,None
1730816144.011689,668.1614620763742,666.4733280388581,None
1730816144.111687,693.321141975951,666.5708011303516,None
1730816144.211683,585.0383845706972,652.170801664386,None
1730816144.31169,604.4544787294991,659.712753748486,None
1730816144.411682,572.8003804323847,672.8936182382515,None
1730816144.51168,580.6789525376882,671.1937482121078,None
1730816144.611687,600.8859218170087,777.9999551199811,None
1730816144.711688,605.3159771412584,771.4614802545516,None
1730816144.811688,602.6276015955303,787.7846534806436,None
1730816144.911687,603.1627320712383,789.4862263281459,None
1730816145.011688,674.9998601842932,639.1892866268045,None
1730816145.111722,712.3696518373711,666.4670292500538,None
1730816145.211685,695.7213024850662,656.9594694819718,None
1730816145.311684,696.5552476030296,659.3850645186261,None
1730816145.411688,656.7799923796341,652.2687734715065,None
1730816145.51168,621.0677115832319,657.422005015559,None
1730816145.61168,629.4804681276736,668.6853242837765,None
1730816145.711688,565.8556948170892,705.883621649941,None
1730816145.811689,574.8249712409706,706.6669664429401,None
1730816145.911689,542.4709347185366,729.8861005839809,None
1730816146.011693,548.14680058622,722.994386808467,None
1730816146.11169,547.458014939139,720.9812997123877,None
1730816146.211684,579.8309967609946,711.0001787389301,None
1730816146.311685,676.0101041282019,673.7160125927522,None
1730816146.411686,661.7497597078859,681.4653227136673,None
1730816146.511686,654.8806726848267,679.9072101749751,None
1730816146.611687,654.6846385146744,676.0982170838361,None
1730816146.711688,584.2703643060495,675.1782040035612,None
1730816146.811687,600.1936266213834,666.5297036400987,None
1730816146.911685,546.5026912049822,718.4974967431797,None
1730816147.011691,563.8372153764127,726.8430408221504,None
1730816147.111685,557.5588495407914,750.3302286210271,None
1730816147.211685,566.9021529207358,744.2444807867518,None
1730816147.311689,571.8614036034975,733.5204488698294,None
1730816147.411683,667.8949612473906,679.2121297841954,None
1730816147.511687,677.6744765166652,677.5688614454862,None
1730816147.611691,684.1905508781729,678.7367360346109,None
1730816147.711689,663.726183500294,670.4410287739324,None
1730816147.811694,659.2646696635029,676.9626937125689,None
1730816147.911694,647.4443089977185,684.765300504005,None
1730816148.011691,634.11227023419,683.2230166334818,None
1730816148.111692,637.1246411134998,673.6450316488573,None
1730816148.211692,611.0100506308962,672.3939965865196,None
1730816148.311679,616.0220640900807,675.1986847974441,None
1730816148.411693,624.3182796150322,670.4794302856701,None
1730816148.511686,630.928591333634,679.8505144474856,None
1730816148.611686,650.7327029002448,674.7878480804749,None
1730816148.711685,695.2010748181287,674.6857366184075,None
1730816148.811686,648.4212279173141,644.5562831413466,None
1730816148.911684,649.6950775245796,643.7869187863613,None
1730816149.011692,666.4554096507269,648.319149264651,None
1730816149.111688,685.612269522936,650.399263487097,None
1730816149.211689,577.1509346818294,664.8093785146299,None
1730816149.311686,590.41491540657,668.6870024889079,None
1730816149.411684,590.8055799055386,662.3786821100189,None
1730816149.51169,603.5917546165532,675.1899265882987,None
1730816149.611688,626.6583274032768,766.700294248079,None
1730816149.711683,636.4615046652676,760.7874591023786,None
1730816149.811689,591.6470906428128,734.0989619201475,None
1730816149.911682,591.4060443063822,733.8027737164296,None
1730816150.011684,598.4366872889096,740.5149019477365,None
1730816150.11169,603.3886711507472,703.5971087667099,None
1730816150.21169,603.0155733440641,696.4359564955204,None
1730816150.311691,600.7777884721842,631.016335263964,None
1730816150.411691,603.61908669197,624.2863137686049,None
1730816150.511688,602.5216099279921,661.2440124982099,None
1730816150.611686,607.2777002482345,657.5978664042134,None
1730816150.711682,671.6988144602276,658.3679283583159,None
1730816150.811682,668.3678295769579,662.7939311554247,None
1730816150.911681,676.8450653032655,661.9591786988434,None
1730816151.011692,613.8526532315842,684.3393625956473,None
1730816151.111684,620.0108559723499,686.9222374521165,None
1730816151.211684,623.6200209428446,687.6535594312519,None
1730816151.311685,629.7221858177893,730.5904057689953,None
1730816151.411685,631.7422089041728,735.1590762887608,None
1730816151.511686,636.5567571624944,738.1823357025571,None
1730816151.611686,645.3096902286891,744.9125291936836,None
1730816151.711684,613.7526010803797,700.0502507105609,None
1730816151.811684,605.7997487291486,696.5442593071355,None
1730816151.911686,620.3206610537211,698.4206566628675,None
1730816152.011688,788.3257542770714,655.3120679869153,None
1730816152.111681,733.6350158088068,662.4571347658382,None
1730816152.211687,748.9160681765328,668.9545961531236,None
1730816152.311687,741.5825627768559,677.5763104790794,None
1730816152.411689,601.08598420217,687.9102664868241,None
1730816152.511683,601.8407885837009,698.2891650056068,None
1730816152.611681,613.5535767160275,694.5890558097411,None
1730816152.711683,617.3236808727962,692.7130738673628,None
1730816152.811688,640.8309918431662,673.1462045269063,None
1730816152.911691,653.3533990162404,690.6353563720571,None
1730816153.011688,623.3438376003212,835.0530573640627,None
1730816153.111689,649.4547159661547,833.5586560431154,None
1730816153.211685,635.3035714780967,819.9065159081676,None
1730816153.311683,633.7148488192025,816.8671873934148,None
1730816153.41169,645.42634299093,795.9006204040554,None
1730816153.511692,698.8785131874469,877.872991719138,None
1730816153.611685,716.4298721968761,843.766969698697,None
1730816153.711689,724.4368107491066,815.45580388659,None
1730816153.81169,728.6183332064767,788.7294896894156,None
1730816153.911684,728.0866845512854,770.9628623449778,None
1730816154.011693,750.1421017645929,899.401585397195,None
1730816154.111689,758.0161698605114,885.0819431584614,None
1730816154.211684,766.3312747968839,907.4762557617468,None
1730816154.311691,742.4874616946022,689.2835533718132,None
1730816154.41169,736.3956572939413,429.1557261773244,None
1730816154.511686,709.2949930988119,536.7005479566385,None
1730816154.611691,743.7493930250329,566.1241149711185,None
1730816154.711686,743.2520531558739,592.1700499312068,None
1730816154.81168,681.013090788781,609.7274166638583,None
1730816154.911688,694.4750042624628,625.8830293385008,None
1730816155.011684,664.9472009380547,654.6238709550162,None
1730816155.111687,682.6632980502075,676.5486031618877,None
1730816155.211686,662.9189570644837,690.263491202589,None
1730816155.31168,550.8152309854138,646.3947072930712,None
1730816155.411694,598.4209162519977,652.1653891516158,None
1730816155.511682,612.1889363457644,650.3435746698684,None
1730816155.611688,618.1440001809754,650.783147750242,None
1730816155.711692,620.0435146353941,736.0346266238031,None
1730816155.811687,619.355100513253,723.3712634854885,None
1730816155.911692,610.7603100735986,716.0548486273757,None
1730816156.01169,613.4613661675643,704.9803275202769,None
1730816156.111679,628.8836551554451,672.5056520732909,None
1730816156.211681,621.3346024243231,670.6726297911713,None
1730816156.311688,620.7463872490636,669.2734240180268,None
1730816156.411686,621.2084301857894,672.7171302181594,None
1730816156.511686,611.9869109585,648.1455431727736,None
1730816156.611687,587.5712992103976,600.8667488684378,None
1730816156.711684,591.9650807091076,607.4645358164449,None
1730816156.811684,594.9957476930358,618.3100468031892,None
1730816156.911685,600.8735821076891,635.6031532642622,None
1730816157.011686,760.7059310467046,575.0430493634356,None
1730816157.111689,773.5909530571885,585.6559002639747,None
1730816157.21169,775.8408414350728,592.1631005314553,None
1730816157.311687,800.8852698810007,671.0851305839062,None
1730816157.411683,793.7191863309956,675.7019895613323,None
1730816157.511686,791.0153033169408,669.3139629324785,None
1730816157.611711,626.8621312194886,515.1550746549418,None
1730816157.711683,562.1965514216782,490.4949810994638,None
1730816157.811691,561.4320076385263,512.4257268874279,None
1730816157.911683,568.3212595821243,516.7203750126822,None
1730816158.011686,576.4826428688823,518.0590237615883,None
1730816158.111687,587.9510078212824,523.8853458917014,None
1730816158.211688,597.0087890225847,499.6619527166871,None
1730816158.311684,595.634079289571,503.3646241256421,None
1730816158.411687,688.2803827832212,666.1835733121206,None
1730816158.511684,889.6903804888136,781.6224632756242,None
1730816158.611687,850.8434514166441,718.9637781782047,None
1730816158.711691,871.659720729812,691.2973351147746,None
1730816158.811686,1026.3320303358475,699.3582001353125,None
1730816158.911684,982.2159402028436,695.8571131997409,None
1730816159.011687,966.9677627668796,691.4000104671978,None
1730816159.11169,954.637506138865,678.3323909304315,None
1730816159.211686,890.4530497188109,645.9667901793539,None
1730816159.31169,894.9029520042768,632.5361574583346,None
1730816159.41169,912.0475772122992,646.9344451774117,None
1730816159.511686,908.8075663267632,647.7185935923716,None
1730816159.611688,920.8827090040252,667.3304621169543,None
1730816159.71169,927.2906680057188,664.444252077807,None
1730816159.811683,946.951120310958,661.6605584688941,None
1730816159.911684,692.0589628413245,569.9442001132006,None
1730816160.011684,504.0895126433279,563.1593674082131,None
1730816160.111686,530.152198153486,606.6248368538694,None
1730816160.211682,547.6129552987819,644.9858264088,None
1730816160.311691,559.9986615191009,686.0784780990768,None
1730816160.411685,607.6304691469868,433.0914188210856,None
1730816160.511688,649.7851482303637,465.6322179941561,None
1730816160.611686,654.3043564183934,521.6987562288439,None
1730816160.711684,752.5112909240727,650.7426117779307,None
1730816160.811685,904.1018784009924,286.0403566291551,None
1730816160.911686,914.9764633995284,204.2899791903628,None
1730816161.011687,895.5981106325271,253.2966250123131,None
1730816161.11168,853.1766560121888,243.8935216061573,None
1730816161.211683,739.3360017076395,218.06655062881495,None
1730816161.311686,729.5875472189176,196.4538409276294,None
1730816161.411682,704.1938842887165,524.8966553551998,None
1730816161.511694,689.100317025387,720.8946519888137,None
1730816161.611686,702.5583487253256,839.5193454214055,None
1730816161.711686,710.2545683867223,709.5002067972765,None
1730816161.811687,1004.23199759378,614.0819569585335,None
1730816161.911682,1004.2124650089912,582.1493000918621,None
1730816162.01169,1018.8855397591813,579.8389982108922,None
1730816162.111686,1013.49688663671,592.0863452791409,None
1730816162.211693,1013.3125367521696,592.598881805252,None
1730816162.311681,1002.2732894333824,592.992114142578,None
1730816162.411688,1011.688106460642,595.8417585229939,None
1730816162.511688,1034.713195654146,602.9865714251308,None
1730816162.611688,684.4044892964728,722.7444981585281,None
1730816162.711693,567.3105111504124,821.0589063294648,None
1730816162.811693,564.3720656091934,744.8780940734083,None
1730816162.911686,629.2067417323797,705.7487111962728,None
1730816163.011685,633.1251810216398,673.742477320862,None
1730816163.111685,631.7800251048839,681.3930533987664,None
1730816163.211682,636.8779220201005,710.0476764691073,None
1730816163.311682,663.2409528547265,738.8266956975974,None
1730816163.411688,707.3755950093522,615.0934492033884,None
1730816163.511688,700.8467256323491,315.3399688622412,None
1730816163.611685,736.3035699687467,340.6407019161076,None
1730816163.71168,766.9826813871232,481.6975719549249,None
1730816163.811688,812.8407673702143,553.4063186044477,None
1730816163.911688,765.472746793865,487.9065411754895,None
1730816164.011684,705.7486005015508,243.67482295289983,None
1730816164.111683,788.9188250240853,178.03225319078706,None
1730816164.211689,784.8765440005786,319.8799859006503,None
1730816164.31169,761.3031874465273,366.323207374879,None
1730816164.411685,752.250614080043,383.2846637104956,None
1730816164.511684,756.1557520675002,381.10189443983273,None
1730816164.611688,848.0716884256854,280.4974378644632,None
1730816164.711688,849.3426401406284,281.61208742898503,None
1730816164.811688,859.3728850481305,287.10184894426266,None
1730816164.911683,879.2526844448288,428.2578104906083,None
1730816165.01169,914.1876998366976,135.46794436276468,None
1730816165.111679,913.7358516753832,166.83149693352289,None
1730816165.211685,895.8574969251389,302.9294148449415,None
1730816165.311689,760.5362663629902,398.1298517757233,None
1730816165.411688,750.461723601049,134.44122094587374,None
1730816165.511711,769.5507177118634,222.26489277639135,None
1730816165.611685,789.4065485489759,193.28189624210484,None
1730816165.711691,805.4314612272813,141.44796667998014,None
1730816165.811691,805.6994194753718,518.3840556828534,None
1730816165.911692,809.8183472064402,736.7352853973534,None
1730816166.011689,986.6738289115004,883.4712517161408,None
1730816166.11169,1018.3367848234196,824.7833885505656,None
1730816166.211689,972.5253802877162,720.3102259024223,None
1730816166.31169,952.7187323547728,740.6209595336367,None
1730816166.411689,970.3551236917986,727.9358412453014,None
1730816166.511683,935.77835730986,723.9881674929984,None
1730816166.611687,618.127399511712,879.3438293984542,None
1730816166.711684,562.8725938688118,667.3152996905608,None
1730816166.811684,593.6545131913241,692.7650155922721,None
1730816166.911688,627.286638613027,711.5626912663828,None
1730816167.011685,629.9806759539863,667.084663859294,None
1730816167.111686,680.1440346669676,694.5445578756776,None
1730816167.211685,679.1332145824952,720.8856841629281,None
1730816167.311682,694.8482727405267,772.9567545281797,None
1730816167.411686,709.0059320531205,745.8936242470239,None
1730816167.511683,728.930728776012,752.4509632604878,None
1730816167.61169,755.0661354561691,749.5230894944395,None
1730816167.711683,783.690171133096,804.9775312601112,None
1730816167.811686,789.6921098022871,809.575451593029,None
1730816167.911684,776.6007096164325,800.2873948530898,None
1730816168.011691,769.3071710346476,772.1244628752927,None
1730816168.111684,757.4776416572093,776.672897121523,None
1730816168.211688,728.5661574888728,722.5762231400307,None
1730816168.311692,730.3077720322659,735.3429608033039,None
1730816168.411693,713.1116947016496,741.7995312542511,None
1730816168.511689,704.6200070389067,752.3753806437602,None
1730816168.611687,692.8723368214403,766.6480560231159,None
1730816168.711684,678.2302501748192,786.1921901769574,None
1730816168.81169,672.8290679899852,788.9436873411044,None
1730816168.91169,700.3995952337204,787.4557930835913,None
1730816169.011693,707.7755018423543,763.7698135847525,None
1730816169.111714,683.470474230561,800.740250647209,None
1730816169.211685,698.848348217647,786.3047962687434,None
1730816169.311685,707.9407928243864,802.0877430028679,None
1730816169.411686,702.4070200079258,801.758646706284,None
1730816169.511687,710.2519498698816,798.6723979810309,None
1730816169.611712,711.6227590546116,799.5493972841614,None
1730816169.71169,709.9387439277657,806.3524275735579,None
1730816169.811691,690.781383853969,760.7076046358025,None
1730816169.911685,691.2939873869794,772.6112798672189,None
1730816170.011686,697.7251286564484,777.832253001177,None
1730816170.111686,677.4522258733116,793.887321152508,None
1730816170.211689,668.4501618827552,821.7869496446718,None
1730816170.311683,652.9675231050471,872.0881196984934,None
1730816170.411688,661.6278770176781,902.8385394283632,None
1730816170.511681,652.9528308313061,901.2209639173944,None
1730816170.611683,661.9318612172726,883.2073799014609,None
1730816170.711689,657.4866104606048,873.8007378233667,None
1730816170.811692,677.2371060553685,871.0005027069807,None
1730816170.911683,681.0000473749978,851.4885478989904,None
1730816171.01168,660.5979469513196,857.470496159158,None
1730816171.111686,664.9392224207046,855.3539008513883,None
1730816171.211686,661.2157755901729,840.7304344323172,None
1730816171.311691,655.0278212816932,833.5708270401012,None
1730816171.411692,619.1718754972946,683.6765085772015,None
1730816171.511692,622.9888636357812,676.9543011157681,None
1730816171.611689,623.9442998676162,702.0788693232596,None
1730816171.711687,634.8385320893536,721.28926923932,None
1730816171.811682,636.8224768317466,744.8489648416514,None
1730816171.911693,644.0788909341687,739.9686892821107,None
1730816172.011685,648.1652670044865,749.40901522227,None
1730816172.111686,642.4001255070998,753.9713056906136,None
1730816172.211688,639.2597566753253,764.5230436458565,None
1730816172.311687,660.1607636508963,907.2685070063534,None
1730816172.411724,683.1094459881906,884.5334043370374,None
1730816172.511684,681.2625472055726,891.2903958275961,None
1730816172.611691,635.045585924681,626.8865857748933,None
1730816172.711693,647.3401806569972,476.1417432762168,None
1730816172.811688,639.2995883765442,545.1661312436315,None
1730816172.911688,623.7986909165455,610.1710340722597,None
1730816173.011683,633.0457989309199,619.7991740344412,None
1730816173.111688,638.512799583096,628.1689388566956,None
1730816173.211687,685.571970881307,531.138452397262,None
1730816173.311685,674.177238343716,351.81782399680463,None
1730816173.411684,805.8899990344349,132.52048849774826,None
1730816173.511685,761.3153965517255,235.854091658865,None
1730816173.61169,746.4311461251177,261.503339169134,None
1730816173.711684,750.418511445556,530.4991554517042,None
1730816173.811686,735.5481240027599,473.2559626986166,None
1730816173.911685,739.7234358454936,389.6638507387359,None
1730816174.011693,735.5815421200855,483.48779682576446,None
1730816174.111686,710.1110059891523,474.1135626866628,None
1730816174.211682,719.2895080906917,450.7667627960709,None
1730816174.311687,724.4460402097802,451.9727180802962,None
1730816174.411686,697.5496759797192,410.8072264712324,None
1730816174.511687,657.1120604561165,523.5537691011953,None
1730816174.611695,634.8234737598871,490.4330759363558,None
1730816174.711686,625.6815571678922,466.0069449021627,None
1730816174.811681,693.1662921958409,582.3364499471166,None
1730816174.911681,658.5899556380372,667.972340876041,None
1730816175.011682,641.0568317748313,658.4392618252333,None
1730816175.111682,636.2911394227087,652.9187261567582,None
1730816175.211691,598.2779637676593,632.1463642131514,None
1730816175.311683,590.2301887217764,611.3005779300656,None
1730816175.411687,599.1902016995881,610.9533756552329,None
1730816175.511689,652.6953745941046,501.1898408943752,None
1730816175.611688,641.3811393768303,464.8279083043608,None
1730816175.711683,633.2099242058371,433.6262506723344,None
1730816175.811697,597.985817592708,565.9869078983174,None
1730816175.91168,504.5807745907732,901.1393059420344,None
1730816176.011685,537.5423375806214,832.6958459212057,None
1730816176.111689,562.3802496010995,782.8357965858927,None
1730816176.211686,655.5437778544615,923.1373866217504,None
1730816176.311688,700.9033571133814,835.1705689166362,None
1730816176.411687,685.4747528077288,753.6759380047123,None
1730816176.511687,703.4824475812292,726.9990669823126,None
1730816176.611679,655.8698840816354,612.5294598352191,None
1730816176.711684,670.7185628748333,593.508625232644,None
1730816176.811684,680.1236271174268,586.8261170133619,None
1730816176.911685,679.9876762315755,590.9535917217211,None
1730816177.011692,653.0843949557343,600.6606211847695,None
1730816177.111688,637.9920338825109,610.1168193925723,None
1730816177.21168,629.3403046185537,616.2258205103246,None
1730816177.311686,622.1224489546664,577.4706312439738,None
1730816177.411687,627.4673694112572,550.1601132720396,None
1730816177.51169,629.0525273176984,563.6853785813065,None
1730816177.611692,637.561396326054,578.1592616737869,None
1730816177.711686,657.334463393988,582.5561243988639,None
1730816177.811689,646.820309794442,564.3846047586298,None
1730816177.91169,656.901969819327,583.5418152497989,None
1730816178.011688,655.2508742971172,599.807244333359,None
1730816178.111687,657.1435278972828,621.0860728730399,None
1730816178.211688,654.7253189923529,629.2306041388968,None
1730816178.311686,662.1060832158004,647.0487125503365,None
1730816178.411686,636.0900017631011,646.377222365625,None
1730816178.511684,617.6986810309645,638.04507901484,None
1730816178.611685,617.4990570535864,753.6620424714953,None
1730816178.711691,579.8662130672054,726.6972004007665,None
1730816178.811686,690.691517601203,720.3780511468877,None
1730816178.911689,1046.8966654598626,755.3967587924909,None
1730816179.011688,1011.0888700941724,725.6528955945499,None
1730816179.111684,999.380279904556,713.0927687631387,None
1730816179.211685,1006.5587852908347,709.885055266144,None
1730816179.311691,1011.2703899419788,708.6433071993538,None
1730816179.411688,1014.608745558476,707.3316715746653,None
1730816179.511689,1008.7920467174622,719.1868615658921,None
1730816179.611687,1010.376553655514,719.3154165192364,None
1730816179.711682,1011.251044963685,717.9466207637008,None
1730816179.81169,1015.6731294802762,719.6651324678461,None
1730816179.911689,1020.7882679506714,713.5975347777077,None
1730816180.011687,1014.0869151612978,724.6254249866009,None
1730816180.111687,1023.0125245542208,723.3163222789117,None
1730816180.211692,1037.2299847414845,714.2678814938035,None
1730816180.311685,1035.9795772805849,713.042932808306,None
1730816180.411691,1043.7972608685384,711.129482304346,None
1730816180.511683,1045.627153226666,711.040740608137,None
1730816180.611689,1058.6277152597663,700.7156827994338,None
1730816180.711689,1062.0533279572444,697.7859881405793,None
1730816180.81169,1017.0055710160856,728.6205389046368,None
1730816180.911687,1016.4861742736416,728.3906206155139,None
1730816181.011687,1029.712536964198,724.0620506857343,None
1730816181.111688,1035.970049323052,721.6132420530014,None
1730816181.211689,1028.9055251447107,730.2279400380252,None
1730816181.311689,1036.958669105158,726.3373156597839,None
1730816181.41169,1044.6247842184343,725.5103439360753,None
1730816181.51168,1035.459130592663,727.9664223468749,None
1730816181.611685,1036.266222916856,730.1720577004766,None
1730816181.711693,1014.863993660968,730.2968888300984,None
1730816181.811693,1017.2299358654858,729.1153844921182,None
1730816181.911694,1061.2483760356693,715.1354758872752,None
1730816182.011694,1064.693650007491,713.7733502226032,None
1730816182.111691,1082.7666918563416,730.1276363604336,None
1730816182.211692,1059.0716696220777,736.2258265757539,None
1730816182.311692,1053.5688838489173,733.7993397391697,None
1730816182.411697,1061.4002161802646,731.3615730861466,None
1730816182.511694,1010.6958631224531,737.9269256998878,None
1730816182.611694,1004.5073600492558,737.379547334867,None
1730816182.711691,1024.263021346389,737.2886367109185,None
1730816182.811692,1031.270649665923,738.5511029515695,None
1730816182.911692,1075.005151656768,733.8192477309947,None
1730816183.011693,1074.1010130570444,736.017857387285,None
1730816183.111693,1065.4128945034522,740.9491727683476,None
1730816183.211694,1030.6797196078585,739.2884837816339,None
1730816183.311695,1014.4344838490676,707.8716501007275,None
1730816183.411683,680.7911147955953,509.2902352309706,None
1730816183.511683,711.9744044230162,370.0606265710141,None
1730816183.61169,636.2006345420019,452.5372498280888,None
1730816183.71169,634.0129658191513,454.9770757297584,None
1730816183.811688,664.0822201148502,860.8744334967938,None
1730816183.911687,661.3633909406656,719.713357158029,None
1730816184.011679,663.0373642510457,734.8269919131525,None
1730816184.11169,668.4806390071964,781.9629838373834,None
1730816184.211682,685.2241099190805,742.7464455544915,None
1730816184.311682,735.276155642374,728.9944445925835,None
1730816184.411689,718.4754035883599,725.8187687225793,None
1730816184.511687,679.3315976387235,702.3552085628621,None
1730816184.61169,639.4361343504668,708.5666459198331,None
1730816184.711688,652.731831664714,590.184586431533,None
1730816184.811687,693.57104653512,266.1892153058536,None
1730816184.911683,875.8441041790436,396.7143733062844,None
1730816185.011694,870.7293622414453,557.0438806426708,None
1730816185.111686,820.6685728283204,420.75785363406254,None
1730816185.211684,809.3680388847043,451.8975661793888,None
1730816185.311684,805.6384307869249,326.1124487041897,None
1730816185.41169,787.039217636325,261.0356359219076,None
1730816185.511691,897.8824434085984,244.9159282959581,None
1730816185.611683,889.6606591878977,248.76693176207408,None
1730816185.711688,856.5425371946103,292.8890909711116,None
1730816185.811692,896.8054751099935,373.7922562436517,None
1730816185.911689,884.9079025072259,396.3625963196162,None
1730816186.011685,857.2653356471499,404.3212274124648,None
1730816186.111685,852.6677829467003,407.6477680230158,None
1730816186.211688,825.8747932049971,457.6795098582143,None
1730816186.31168,818.0503464638196,387.8514708326466,None
1730816186.411684,923.1757527005504,535.316542994334,None
1730816186.511682,910.559132188364,528.142497583996,None
1730816186.61168,742.2952637496917,600.5490251714448,None
1730816186.711684,503.92739948437,814.0345599192958,None
1730816186.811685,593.8557447842194,700.2352864611692,None
1730816186.911686,574.6389392891483,815.4783280065535,None
1730816187.011687,569.6451233002743,789.227469163265,None
1730816187.111689,619.4654418826274,700.7094400794094,None
1730816187.211689,647.2317137450736,378.64952940172753,None
1730816187.311684,799.1154346822777,208.087285141557,None
1730816187.411689,771.9325769323195,207.99235925099595,None
1730816187.511688,768.3327513322076,377.04051838348806,None
1730816187.611684,659.1321702977656,227.54367613661333,None
1730816187.711683,670.7008574201558,202.5299602371765,None
1730816187.811683,605.5331528395146,273.3365482042039,None
1730816187.911687,610.6679303361664,331.25871494495925,None
1730816188.011683,569.1313895583721,557.8946187442045,None
1730816188.111691,570.4211189656315,805.6931458670444,None
1730816188.211691,546.8508487125994,701.4822076033562,None
1730816188.311682,539.2539133760293,729.1587080241043,None
1730816188.411686,528.3844205385831,784.9348622238585,None
1730816188.511687,547.3115081904394,772.4465948219005,None
1730816188.61169,630.5150474613317,924.2197162831302,None
1730816188.711686,692.3849022699077,827.4341654174766,None
1730816188.811684,681.6371651458952,787.5311470092871,None
1730816188.911686,687.608384879061,852.4724361785964,None
1730816189.011677,694.5133805174313,873.022333577482,None
1730816189.111686,690.5823076262637,867.8590236592033,None
1730816189.211692,689.1985291422394,857.7597311784908,None
1730816189.311681,647.4403520604983,607.1429887781256,None
1730816189.411685,636.8067590520914,690.4296945330389,None
1730816189.511688,624.0655502083257,635.5525462048986,None
1730816189.611685,668.6612540824407,466.2832533244328,None
1730816189.711685,883.9842667959534,267.38681981505744,None
1730816189.811682,936.9386358405552,182.5271755260402,None
1730816189.911687,893.5230049925171,506.5043356244903,None
1730816190.011687,876.5341344576333,574.3165523589681,None
1730816190.11169,919.9589488983678,190.4195866549594,None
1730816190.211691,957.6877044194352,207.12442105477132,None
1730816190.311689,851.4283099710798,309.61840708409045,None
1730816190.411686,765.925077052901,682.433304937877,None
1730816190.511689,775.587633459309,438.67696543684224,None
1730816190.611682,777.6256154759058,418.9996082449496,None
1730816190.711691,785.7940004328512,392.875522454362,None
1730816190.811684,785.7213585576809,427.08422720251787,None
1730816190.911684,691.6994957800096,331.3546701432842,None
1730816191.011685,741.7530921174608,570.4761813117418,None
1730816191.111685,674.3096668326224,205.77476218216924,None
1730816191.211706,629.1309506097884,289.9413091235486,None
1730816191.311692,655.647442215941,264.79753040456563,None
1730816191.411688,663.3983697337949,349.1211773131641,None
1730816191.511685,677.6155120317076,365.0491590860794,None
1730816191.61169,661.7813808014894,726.8187970326704,None
1730816191.711683,580.3997646390961,724.9025710120735,None
1730816191.811691,611.5546049776541,747.6747841345374,None
1730816191.911692,623.9962012219198,841.4578066668026,None
1730816192.011681,665.328584067653,765.3883097111883,None
1730816192.111686,641.9790661930398,713.9716266503019,None
1730816192.211687,697.3308306617794,530.6664788280993,None
1730816192.311687,751.2790599883658,407.9121518553189,None
1730816192.411684,742.4977274692803,462.2599211861664,None
1730816192.511689,737.1797499197106,568.2151201646583,None
1730816192.611691,704.7909558195878,588.1114480654204,None
1730816192.711684,695.8819359402622,569.2607054736786,None
1730816192.811684,688.1125502042629,578.4383421181112,None
1730816192.911689,687.5459513819795,560.1395906942765,None
1730816193.011685,693.9212595151251,520.2578884325991,None
1730816193.111686,700.1937614025045,461.1958092539065,None
1730816193.211686,710.8492674108144,448.18693584251537,None
1730816193.311691,726.7623582992284,448.2264893742206,None
1730816193.411683,684.8345317269576,618.7196856750211,None
1730816193.511687,633.2441862442522,664.7642193376738,None
1730816193.611683,615.6030730686151,848.9156324959118,None
1730816193.711687,716.8272586502811,872.5301233388465,None
1730816193.811693,703.4891577358665,896.8737650682186,None
1730816193.911682,678.6899970305652,820.8160079798567,None
1730816194.011688,672.4058917110635,830.8808946083611,None
1730816194.11168,683.7735952842474,804.1029729740422,None
1730816194.211689,701.9535314301307,793.2866796729752,None
1730816194.31169,696.7011847867115,782.6218183614849,None
1730816194.411709,691.7601187897975,795.3070185128798,None
1730816194.511688,659.3428388886589,786.6962198178591,None
1730816194.611688,685.6823919192016,764.6076032516488,None
1730816194.711682,673.0314441949158,904.512352720872,None
1730816194.811683,683.6339203857511,891.5576552018698,None
1730816194.911684,688.5326635729349,878.6739460400491,None
1730816195.011688,686.4799835953237,862.9306808104225,None
1730816195.111685,688.4811560585871,833.1552230681439,None
1730816195.211682,693.3212574476058,764.7129683976808,None
1730816195.311684,693.1085275859647,762.5203072466406,None
1730816195.411683,694.7311120554689,772.9585213728682,None
1730816195.511684,646.0888209904111,455.53351380247625,None
1730816195.611686,700.1092919674496,436.2910624944133,None
1730816195.711688,694.8860861236258,527.5079575612839,None
1730816195.811689,654.6463241780796,495.83364251062494,None
1730816195.911687,638.0124506913091,495.7535252243787,None
1730816196.011683,651.8419891103847,529.0355468518127,None
1730816196.111688,780.649015689942,734.7872478666949,None
1730816196.211688,765.5121880181625,790.513302362127,None
1730816196.31168,733.1336249342461,757.1769054972922,None
1730816196.411677,705.1621606838636,743.2593793222178,None
1730816196.511687,697.1744970146037,746.5937440092289,None
1730816196.611691,687.9076637361538,761.6848503849608,None
1730816196.711689,680.671569812444,763.5560850186266,None
1730816196.81169,686.3434750570854,684.4810680331365,None
1730816196.911688,636.2917716838824,614.8200175818502,None
1730816197.011685,646.7921858610018,407.91571597202153,None
1730816197.111686,622.0339399940482,471.6218305418527,None
1730816197.211683,611.9894627287026,481.760824982388,None
1730816197.311686,607.8344559729937,518.6341161348969,None
1730816197.411689,615.9701719013024,636.148650179526,None
1730816197.511688,598.0531703407437,801.0133009646071,None
1730816197.611683,653.1440076542135,752.2731986724966,None
1730816197.711684,664.3947379054731,743.4710285568292,None
1730816197.811684,637.0625457974178,729.8276126220854,None
1730816197.911685,606.3575902249742,704.9181427606813,None
1730816198.011686,669.6592320535145,737.3735492639923,None
1730816198.11169,643.3255262986439,739.5389292946361,None
1730816198.211689,618.611716296061,747.8977940021158,None
1730816198.31169,609.5222890209367,732.6772494088636,None
1730816198.41169,630.5514849157344,639.8365370755454,None
1730816198.511689,643.5712360532855,654.3575669633085,None
1730816198.611681,672.5893443425457,458.2667298813452,None
1730816198.711691,676.2621372513164,485.0093282654677,None
1730816198.811689,618.854182912561,368.7286902473611,None
1730816198.91169,606.8157952799887,333.46861958319136,None
1730816199.01169,631.2439216059029,367.4893606248915,None
1730816199.111686,625.7033180622485,295.7366960109329,None
1730816199.211687,743.9972047433739,423.935809322742,None
1730816199.311694,609.9349307947964,661.6323369307211,None
1730816199.411694,623.0886845857076,833.3512106587311,None
1730816199.511691,625.8252036777411,797.7373255312596,None
1730816199.611684,623.3667158104805,749.5655208897537,None
1730816199.711685,663.5947164616816,819.4213281097335,None
1730816199.811689,675.2192968988434,853.8406343971628,None
1730816199.911687,643.5736243103896,794.8697011765888,None
1730816200.011694,628.7950533142836,778.0984134440132,None
1730816200.111691,732.2026485962164,758.1191903745786,None
1730816200.211679,887.702505573309,744.406461466004,None
1730816200.311687,862.9633629373909,719.4151900750056,None
1730816200.411679,916.2568901939396,731.7146905856926,None
1730816200.511684,913.2771506073904,725.9528703443516,None
1730816200.61169,826.2488852284183,781.4737549381135,None
1730816200.711682,764.2571225583952,815.459931994944,None
1730816200.811687,660.9430382419849,858.9897313426875,None
1730816200.911684,530.6823938329537,908.9143290935556,None
1730816201.011686,625.4401350926339,802.6852629601747,None
1730816201.111687,624.8536244664331,777.6842074300525,None
1730816201.211687,632.2132144179246,781.808176309156,None
1730816201.311686,627.3840276111199,678.9014279505745,None
1730816201.41169,617.1201137699037,537.2308699706276,None
1730816201.511684,605.8569956124065,636.4889753347683,None
1730816201.61169,616.8797159601053,689.4059031664052,None
1730816201.71169,572.6455354541628,787.6848844994242,None
1730816201.811691,579.1249920668338,788.9486017335228,None
1730816201.911685,685.2578559541944,562.2905716405489,None
1730816202.011683,756.1469178407696,580.6570559815724,None
1730816202.111683,771.5052779254696,594.2595825244885,None
1730816202.211684,698.3907567920515,476.4613912290962,None
1730816202.311684,741.8353213738794,570.8480595960286,None
1730816202.411684,725.7552613972795,537.7677038097033,None
1730816202.511686,646.890853478285,447.9725639067006,None
1730816202.611684,634.8830845122496,484.7845540321322,None
1730816202.711685,731.4463822665734,861.9699407172577,None
1730816202.81168,714.9936126681899,810.0076189116728,None
1730816202.911692,698.8013814366071,751.9328202552289,None
1730816203.011693,658.2120818855973,731.0284228940751,None
1730816203.111694,671.6263594082404,734.6981606768726,None
1730816203.21169,677.7447291711193,775.7777671943282,None
1730816203.311691,680.0853532928293,746.7833669598865,None
1730816203.411692,689.199540600843,725.1877971911914,None
1730816203.511682,702.1727194357572,753.4371156796763,None
1730816203.611693,703.5557936246555,750.7703908602307,None
1730816203.711684,717.2457357938927,751.9581000290301,None
1730816203.811684,736.3679527686771,750.1328047002867,None
1730816203.911684,752.7017569574165,741.6094547920504,None
1730816204.011685,771.3280593752759,738.8504234424395,None
1730816204.111683,809.5593053601923,728.6734271971676,None
1730816204.211684,832.3792516144699,726.3317110985872,None
1730816204.311684,843.5773613656839,721.198895243384,None
1730816204.411681,625.3760124333793,739.9244473082227,None
1730816204.511682,634.8227138102129,726.1098914989487,None
1730816204.611684,612.5726214951426,732.4132082976854,None
1730816204.711689,630.4419255060064,741.5998800821176,None
1730816204.811683,649.4707459694371,750.7064620640572,None
1730816204.911683,553.0967270454146,554.5432710511252,None
1730816205.011686,570.4115756903143,588.6376026028456,None
1730816205.111683,597.0297967008604,555.9136520161203,None
1730816205.211688,599.5779202934541,567.4879785936303,None
1730816205.311691,647.288157965146,705.2869718373065,None
1730816205.411693,718.096604116567,831.7639003273092,None
1730816205.511689,720.8864984126562,819.5607519423254,None
1730816205.611685,728.189323239036,788.4142841414728,None
1730816205.711682,720.1222641237346,780.218352815663,None
1730816205.811689,731.1023200151093,781.4142455264604,None
1730816205.911686,737.7244513749453,766.2461497532163,None
1730816206.011692,740.2620321880728,763.910692376629,None
1730816206.111681,782.9093337525089,776.1069692355682,None
1730816206.211681,825.0585759400216,784.5417512248407,None
1730816206.311682,708.7829485457079,676.3807469083787,None
1730816206.411684,576.1374047447654,626.1980105629478,None
1730816206.511688,581.7409055424744,578.4355811959445,None
1730816206.611689,648.2176062720677,370.43820670788233,None
1730816206.71169,606.5356126554079,304.3502454264953,None
1730816206.81169,630.5543539677258,413.0036433284997,None
1730816206.911684,622.4343371437316,777.70159644116,None
1730816207.01168,562.9735251128832,748.1624631503556,None
1730816207.111691,597.474641276577,704.0565356583672,None
1730816207.21168,616.7083137727981,681.4407984179279,None
1730816207.311692,651.3404862116474,672.662847248443,None
1730816207.411684,650.2918832241832,646.5519523697925,None
1730816207.511687,653.206013368143,652.9288012902223,None
1730816207.611684,634.5028067215509,603.4044454950658,None
1730816207.711689,621.432784409972,612.6864838208144,None
1730816207.811685,588.578217954124,610.8764769115656,None
1730816207.91169,705.6900476449656,758.3920728579146,None
1730816208.011689,712.1981135999712,731.5304229489607,None
1730816208.111685,710.0112756257638,718.7555458287911,None
1730816208.211687,693.5368175074836,715.3528911826247,None
1730816208.311686,701.59966146625,722.3994805585766,None
1730816208.411686,704.4497637778461,714.7410261483384,None
1730816208.511685,734.0345901356729,713.0491238461743,None
1730816208.611685,753.5572990328445,691.7890782686308,None
1730816208.711692,757.3239792944804,688.8633865230079,None
1730816208.811686,870.8074825919981,468.021185977199,None
1730816208.911686,970.1098336123246,451.0793635062548,None
1730816209.011687,953.263501994106,535.9612647077383,None
1730816209.111711,977.4804549656284,552.7336080949851,None
1730816209.211686,970.2629603186627,556.1330192722426,None
1730816209.311688,982.5260576286028,538.5980932988422,None
1730816209.411684,595.2553442642741,694.3075423750604,None
1730816209.511686,579.2669034332855,701.9235820585357,None
1730816209.611687,599.5048849841005,637.1742052793799,None
1730816209.711692,597.1874760224224,609.4441287939953,None
1730816209.811687,630.8132291634938,610.7517593733248,None
1730816209.911684,633.4832719087942,604.7565745311795,None
1730816210.011677,632.9741138456998,618.6521429436605,None
1730816210.111687,627.0606940138134,636.0547445730436,None
1730816210.211689,631.1088522603177,644.9738076446529,None
1730816210.311682,637.4763237409911,643.3655573333137,None
1730816210.411687,642.0115568630933,642.3397013328914,None
1730816210.511691,636.9822580700039,662.4285473705476,None
1730816210.611683,630.3234042492305,683.3641373314872,None
1730816210.711689,631.9989985560759,673.9800028057109,None
1730816210.811692,632.7100077038216,676.428976954077,None
1730816210.911692,618.8554819688043,677.427534794536,None
1730816211.011688,598.7103905243827,678.9958255833747,None
1730816211.111688,592.4189813970472,676.2855765149171,None
1730816211.211685,612.8364942507436,761.315315655378,None
1730816211.311684,608.5913219171363,751.4179439755292,None
1730816211.411686,600.3381237588047,738.70644653814,None
1730816211.511687,604.2639824997718,737.413655956204,None
1730816211.611685,588.6309203516587,637.5372776012052,None
1730816211.711688,595.9198928250794,635.8977289325605,None
1730816211.811689,602.0524075145445,633.6367036621059,None
1730816211.911685,601.7762885411418,634.8852388641487,None
1730816212.011683,597.7346445858492,635.3087612741613,None
1730816212.111689,601.3994237510867,651.4199677116121,None
1730816212.211686,605.7194366854445,664.6221265567308,None
1730816212.311686,604.4911339171379,657.3008952167306,None
1730816212.411713,603.2033796768084,651.0543798763949,None
1730816212.511685,596.1727587276399,643.969556605948,None
1730816212.611678,694.1539568589775,742.8771346072036,None
1730816212.711679,701.6835079352182,736.8189037658341,None
1730816212.811683,704.9061963525421,730.3487353122954,None
1730816212.91168,707.9808673875413,717.8293016472061,None
1730816213.01168,773.8373966302127,743.141616921885,None
1730816213.111677,775.0264957509876,727.834918280496,None
1730816213.211678,789.7192415734138,728.1210525203118,None
1730816213.311691,840.9298640560418,702.4261703025402,None
1730816213.411681,897.410212735178,694.7713774073206,None
1730816213.511684,683.3322381089052,662.3575182035178,None
1730816213.611686,666.9705243857724,698.3010772660037,None
1730816213.711689,698.4357653939034,691.5430052274606,None
1730816213.811687,666.8242352670052,690.801720557784,None
1730816213.911687,691.8858371818966,693.4458958385561,None
1730816214.011684,670.9296767390713,689.5087128188013,None
1730816214.111688,670.7809398379029,688.8851207415976,None
1730816214.211684,604.3372811757743,599.1230367212931,None
1730816214.311683,614.6134872926474,593.4753819239382,None
1730816214.41169,622.9648441453943,614.7145981067569,None
1730816214.51169,632.5144828458973,628.9162625596928,None
1730816214.611684,646.0631024917974,586.8575687331654,None
1730816214.711692,639.4437720620068,602.4791938155508,None
1730816214.81169,635.9441836743572,602.4179258573781,None
1730816214.911689,678.9331891208608,787.5653855029008,None
1730816215.011691,663.4663679421616,761.1819456362479,None
1730816215.111692,715.4339095576315,745.8977850629097,None
1730816215.211692,724.1343650034764,726.9145019254032,None
1730816215.311693,714.5471500105284,724.1783829673308,None
1730816215.411694,719.0651831272888,710.1876162049208,None
1730816215.511683,725.4944446148945,699.9569675828853,None
1730816215.611687,738.5550715466196,702.2436241230505,None
1730816215.711681,755.6469163446702,715.7075401931892,None
1730816215.811684,771.7590107870743,705.2454231730601,None
1730816215.911682,782.838189642556,708.6582838749786,None
1730816216.011692,716.2564175145133,722.2175273886314,None
1730816216.111687,738.3691151796631,728.3059258356041,None
1730816216.211684,625.3313857945999,552.9700329899397,None
1730816216.311682,631.5712774644228,570.4332302286286,None
1730816216.411685,617.6924005641888,597.6750341821883,None
1730816216.511691,613.7799725018124,602.9147656626893,None
1730816216.611685,621.7814822262636,589.0694156377884,None
1730816216.711692,624.2746674059364,590.4967351101402,None
1730816216.81168,623.4356969297917,589.1980781810645,None
1730816216.911686,694.4164242274072,720.0742977132187,None
1730816217.011683,699.8958402914133,715.3172035537801,None
1730816217.111688,701.5906209745306,697.3958679901751,None
1730816217.211689,625.4142330456768,579.6839861142291,None
1730816217.311693,611.7682534477894,592.8857989925708,None
1730816217.411691,629.0558823969966,613.5655885732926,None
1730816217.511688,685.029647008277,522.5416568666124,None
1730816217.611689,718.2862859280691,559.6920512158808,None
1730816217.711693,752.4646593981804,563.445119269481,None
1730816217.811687,679.7696119577843,782.2948387223455,None
1730816217.911689,681.7392507911494,797.0036686053295,None
1730816218.011686,659.9632080366359,755.5674281498125,None
1730816218.111682,626.8585847946806,832.8510826262332,None
1730816218.211722,583.7016393713277,875.2743570370419,None
1730816218.311682,611.7124025705461,834.5055867007097,None
1730816218.41169,618.9662922817463,842.5223124418527,None
1730816218.51169,625.5382173844631,534.9589717263167,None
1730816218.611686,619.3331255683371,583.7096222458493,None
1730816218.711683,620.5990798584733,613.6024085997994,None
1730816218.811684,611.8811514298027,650.2589500715097,None
1730816218.911684,624.4895633218297,660.4072059033336,None
1730816219.011685,663.9598623582723,509.7287453362991,None
1730816219.111688,666.6951954873987,535.9606254401468,None
1730816219.211688,664.6918275735464,554.8469621587617,None
1730816219.311689,611.1844912177405,732.3936196220051,None
1730816219.411689,619.5367284782963,728.779591345824,None
1730816219.51169,635.47611101569,725.517788494262,None
1730816219.611691,634.2842496079596,722.4872158327362,None
1730816219.711691,725.1361178613922,634.6315955831737,None
1730816219.811692,721.6129069982026,640.6231655643877,None
1730816219.911689,730.2824203689869,658.3446824167114,None
1730816220.011689,720.3208624332091,712.1007406736834,None
1730816220.111685,652.4076363940344,836.1673047024267,None
1730816220.211681,668.2213404359512,836.8441482577532,None
1730816220.311685,759.3799453091921,577.4398518542686,None
1730816220.411686,758.3638105776428,604.6636720311483,None
1730816220.511686,765.8745025969477,604.6419373171586,None
1730816220.611686,716.9722413767705,565.3662586111591,None
1730816220.711687,711.575908520599,584.3716544581146,None
1730816220.811684,711.4379283825748,594.2943897371747,None
1730816220.911679,694.9715607773499,574.3003878222912,None
1730816221.01169,689.1426678966252,584.0972435426106,None
1730816221.111686,667.425155402504,594.6268218875144,None
1730816221.211681,673.7163396391181,621.3163746399223,None
1730816221.311684,673.2738677670741,646.8271670392276,None
1730816221.41169,692.8768317172497,667.5823579115078,None
1730816221.511682,701.1362757334217,645.1416164748566,None
1730816221.611692,714.3582551793442,660.9479180908772,None
1730816221.711689,742.9841178840526,662.0643915867421,None
1730816221.811687,762.8611067994035,663.130007532824,None
1730816221.911685,774.7191667578312,649.9229702170405,None
1730816222.011687,780.0633075865233,667.838682508752,None
1730816222.111682,794.9246291819966,686.5642588908975,None
1730816222.211683,775.5416849373191,703.7898030098706,None
1730816222.311686,779.3413710493693,724.1290160090876,None
1730816222.411683,677.5205087312645,653.1213274027937,None
1730816222.511688,692.8416723402078,674.2569269997038,None
1730816222.61169,702.9163083618066,677.4851140990298,None
1730816222.711694,700.7906160382838,667.2000381982422,None
1730816222.811692,573.3338349657979,626.2187101856152,None
1730816222.911693,599.1010016376546,650.009338407767,None
1730816223.011687,593.2660145018692,519.1901535671788,None
1730816223.111685,624.9955424817186,558.6847211325296,None
1730816223.211688,624.8046793563337,564.6178948697536,None
1730816223.311684,708.293823254063,708.8369523863055,None
1730816223.411712,760.5762127724306,739.0678897006214,None
1730816223.511689,760.2197566529214,703.7377704899267,None
1730816223.611687,741.0148665390428,687.0079089296202,None
1730816223.711685,753.189946132947,681.3398671362439,None
1730816223.811682,758.2095396580199,688.739839104498,None
1730816223.911685,764.886980013843,686.1431395154495,None
1730816224.01169,723.5136531999374,678.1688022303917,None
1730816224.111691,728.0246616635349,663.110615911387,None
1730816224.211692,749.139345516204,667.3653059206771,None
1730816224.311682,740.2649500301842,668.3903072756468,None
1730816224.411681,763.7595810521309,671.8705863629061,None
1730816224.511688,789.5378195546567,675.4609787624445,None
1730816224.611687,769.26406085396,679.6421525337533,None
1730816224.711688,807.1409599109178,680.746679776135,None
1730816224.811688,707.0872664606667,643.9836326547661,None
1730816224.911685,708.0650023625184,671.1220008237439,None
1730816225.011686,723.3602244750456,676.2047931488296,None
1730816225.111686,736.6368776109343,669.7388528344179,None
1730816225.211691,686.1239817252592,651.3333354769759,None
1730816225.311684,595.1945377661269,634.6129876432212,None
1730816225.411688,562.6964729491176,632.1806879375582,None
1730816225.511684,579.503360072153,632.844421132247,None
1730816225.611682,580.2482010137987,639.6276977218998,None
1730816225.711687,568.2354804885805,653.0403201304318,None
1730816225.81169,571.1176242157057,658.46311123495,None
1730816225.911688,754.8745675815038,668.093489199555,None
1730816226.011689,1066.6672778889724,677.9253106143126,None
1730816226.111682,1043.6296542786044,677.9801729324475,None
1730816226.211683,1031.6315733230117,650.7183276005763,None
1730816226.311683,1038.8738054882642,636.9260565454593,None
1730816226.41169,1019.572746228744,660.5298593667219,None
1730816226.511688,1022.6092779235124,664.3777346663841,None
1730816226.611687,1023.9879314056589,661.0281977117337,None
1730816226.711691,1014.6004232443624,656.0639123926572,None
1730816226.811689,999.244616359062,643.7591903945116,None
1730816226.911679,998.8139325005012,641.660366547095,None
1730816227.01169,969.314217656652,634.1995752184375,None
1730816227.111684,947.6085987895988,625.8688668872783,None
1730816227.211684,939.4125050076018,617.6243665807376,None
1730816227.311692,946.6675825076424,607.542468636031,None
1730816227.411679,951.6004020710934,607.767494993521,None
1730816227.511681,953.823345197317,608.5290068301765,None
1730816227.611684,950.3429763142824,614.4934166933064,None
1730816227.711691,952.4658680906464,620.4182023625378,None
1730816227.811692,952.7997231452772,623.9002171086205,None
1730816227.911692,951.0308534371156,625.1780139572961,None
1730816228.011689,962.4100511408932,623.3825878953282,None
1730816228.11169,978.7082884534972,628.580434524668,None
1730816228.21169,993.484796563549,633.360234922088,None
1730816228.311687,994.9887168876757,639.268073394543,None
1730816228.411693,1012.882628748112,641.2002689592964,None
1730816228.511688,1037.001853499648,635.6490825238576,None
1730816228.611685,1019.6871328133454,631.925834802316,None
1730816228.711686,1031.6245505674333,629.3684493489632,None
1730816228.811687,1029.8124766861372,632.2960000795417,None
1730816228.911687,1029.3910717078472,639.6824612470506,None
1730816229.011688,1021.068097593934,647.1586865057025,None
1730816229.111688,1020.3057542398128,649.4531197738526,None
1730816229.211689,1024.3290375774416,646.7374420899752,None
1730816229.311686,1029.4763285914348,650.0594696871655,None
1730816229.411686,1031.7665982184103,648.6766475480201,None
1730816229.511687,1026.8310270908278,646.995423709446,None
1730816229.611688,1014.139592607844,646.2074466337908,None
1730816229.711688,1029.9113297813628,649.7056288241345,None
1730816229.811689,1030.765618138858,657.5960300406097,None
1730816229.911686,1021.3679954304316,667.0676637125327,None
1730816230.011686,1001.5024473324607,679.8887384626066,None
1730816230.111687,993.8743409003864,664.2945464023,None
1730816230.211687,1001.5277710015066,663.5028578984663,None
1730816230.311684,1015.6668812811027,663.7577229737443,None
1730816230.411688,1019.7768338786932,668.0148795038866,None
1730816230.511685,1009.6405549980316,669.2531219709722,None
1730816230.611686,1043.2813041231689,669.8577586368067,None
1730816230.711687,1042.2523348957145,664.540513557807,None
1730816230.811687,1030.8146270068128,671.5661442695688,None
1730816230.911688,1036.3160100197651,669.0328007038944,None
1730816231.011688,1013.641210772876,670.799150415904,None
1730816231.111685,1011.7294334604848,669.7863692598606,None
1730816231.211686,1008.6466266056702,672.84754795997,None
1730816231.311687,940.8980425161112,675.2708064740846,None
1730816231.411687,991.4285684852003,669.2429900812538,None
1730816231.511688,984.7768302241768,671.1950250889661,None
1730816231.611691,840.5709158640859,800.6293904744562,None
1730816231.711683,795.7507940390791,978.2819596404408,None
1730816231.811686,792.1571927890965,897.8818991817078,None
1730816231.911692,681.9998139714372,916.1831283945376,None
1730816232.011683,673.3961132083701,851.4432143302724,None
1730816232.11169,678.5911892443968,812.3355155832645,None
1730816232.211686,661.906004983,798.1299999777688,None
1730816232.311682,647.5581844301249,786.0508833207814,None
1730816232.411685,633.0940474840284,889.5973636670388,None
1730816232.511686,630.815685628501,850.1880697872853,None
1730816232.611686,621.1448646725893,820.4503768922804,None
1730816232.711685,552.405378429743,938.0211614728612,None
1730816232.811687,512.5893085490958,920.1406789511826,None
1730816232.911685,529.2993315255687,926.7196292334664,None
1730816233.011684,536.8112191145849,906.1854992722537,None
1730816233.111688,550.0976293793036,890.1778681104696,None
1730816233.211681,556.7862074054121,876.3920813106665,None
1730816233.311682,587.8182197875406,856.7226956559557,None
1730816233.411689,593.0827704430277,829.4981895352735,None
1730816233.511685,567.8631494674545,709.8714449674801,None
1730816233.611681,576.5893365075651,714.6696452559214,None
1730816233.711688,585.2205055116559,719.9769225584192,None
1730816233.811687,659.7017690240383,701.005916395755,None
1730816233.911685,747.4837169171053,668.9479353269594,None
1730816234.011691,697.8055651809017,674.1919610471206,None
1730816234.11169,702.9261066675145,677.1829289184378,None
1730816234.211684,698.0341765978173,686.8033633945628,None
1730816234.311686,713.8053706364395,712.9015422985639,None
1730816234.411687,714.3487493172622,711.8839866678235,None
1730816234.511691,714.1920847592096,706.8095598866057,None
1730816234.611684,707.7960480421118,703.7851650831385,None
1730816234.711692,708.147033078404,699.4019388683912,None
1730816234.811689,703.5469166500615,699.0846213406562,None
1730816234.91169,600.7499466731346,774.46395001693,None
1730816235.01169,606.2686964491079,780.699005955306,None
1730816235.111684,597.2507784746331,791.6960225908243,None
1730816235.21169,592.2482371788585,782.1521266939161,None
1730816235.311689,667.006179194999,700.3176366543864,None
1730816235.411687,740.5938532759554,682.7376660680039,None
1730816235.511688,733.2800717807489,689.7590313470514,None
1730816235.611688,723.899746666778,676.0850522919536,None
1730816235.711689,725.508022413979,672.9910862879091,None
1730816235.811692,981.863137205202,677.7259424134564,None
1730816235.911691,946.9131989921856,674.5663356032352,None
1730816236.011691,942.4557440278204,669.6895893952877,None
1730816236.111689,931.1221309042048,663.7952741766433,None
1730816236.211682,977.1498351727184,683.2409587769254,None
1730816236.311685,962.4096478894504,674.1710487280742,None
1730816236.411685,955.014532747805,673.0780712940716,None
1730816236.511725,984.1342339363651,699.0416545627482,None
1730816236.611687,976.135272045586,694.3015505802397,None
1730816236.711682,944.06791374268,674.4725668816571,None
1730816236.811678,872.9850421745879,645.4483016323995,None
1730816236.911689,876.5664204691192,646.749699280964,None
1730816237.011683,915.0584553189146,662.8317488686973,None
1730816237.111689,911.533727984256,664.3049090099239,None
1730816237.211689,908.0679618422218,660.4685941489267,None
1730816237.31169,1016.8584585755382,649.6269954604443,None
1730816237.411688,1028.786934570505,658.3921992836675,None
1730816237.511687,1030.2193654165546,663.13606022532,None
1730816237.611688,1012.9019146275712,679.2522095074676,None
1730816237.711689,1015.0687609901752,677.152757105865,None
1730816237.811689,1026.6311923269318,672.797725744704,None
1730816237.911682,1030.9548326816202,654.3060841717055,None
1730816238.011686,1035.2479026189264,653.704985080211,None
1730816238.111684,923.576833376136,705.3936012169429,None
1730816238.211687,924.4355855891596,704.205760891636,None
1730816238.311685,921.4535006746926,721.2841738430316,None
1730816238.411686,924.6226735205022,722.3405667233516,None
1730816238.511683,821.6574294903307,660.5237505804253,None
